handle,fieldType,name,visible,plainDescription,categorySlugs,primaryCategorySlug,media,mediaAltText,ribbon,brand,price,strikethroughPrice,cost,inventory,preOrderEnabled,preOrderMessage,preOrderLimit,sku,barcode,weight,baseUnit,baseUnitMeasurement,totalUnits,totalUnitsMeasurement,productOptionName1,productOptionType1,productOptionChoices1,productOptionName2,productOptionType2,productOptionChoices2,productOptionName3,productOptionType3,productOptionChoices3,productOptionName4,productOptionType4,productOptionChoices4,productOptionName5,productOptionType5,productOptionChoices5,productOptionName6,productOptionType6,productOptionChoices6,modifierName1,modifierType1,modifierCharLimit1,modifierMandatory1,modifierDescription1,modifierName2,modifierType2,modifierCharLimit2,modifierMandatory2,modifierDescription2,modifierName3,modifierType3,modifierCharLimit3,modifierMandatory3,modifierDescription3,modifierName4,modifierType4,modifierCharLimit4,modifierMandatory4,modifierDescription4,modifierName5,modifierType5,modifierCharLimit5,modifierMandatory5,modifierDescription5,modifierName6,modifierType6,modifierCharLimit6,modifierMandatory6,modifierDescription6,modifierName7,modifierType7,modifierCharLimit7,modifierMandatory7,modifierDescription7,modifierName8,modifierType8,modifierCharLimit8,modifierMandatory8,modifierDescription8,modifierName9,modifierType9,modifierCharLimit9,modifierMandatory9,modifierDescription9,modifierName10,modifierType10,modifierCharLimit10,modifierMandatory10,modifierDescription10
Product_5b210213-df44-49eb-afed-2656242bc85a,PRODUCT,"Anchovy / Nethili - (𝗚𝗿𝗼𝘀𝘀: 𝟴𝟱𝟬𝗴, 𝗡𝗲𝘁: 𝟱𝟬𝟬𝗴)",true,"<h2><span style=""font-weight: 700"">Fresh Anchovy (Nethili / </span>நெத்திலி<span style=""font-weight: 700"">)</span></h2><h3><span style=""font-weight: 700"">Product Overview</span></h3><ul><li><p><span style=""font-weight: 700"">Net Weight:</span>&nbsp;500g</p></li><li><p><span style=""font-weight: 700"">Gross Weight:</span>&nbsp;850g</p></li><li><p><span style=""font-weight: 700"">Protein: </span>17g – 19g</p></li><li><p><span style=""font-weight: 700"">Serving Size:</span>&nbsp;25-50 Pcs  Ideal for <span style=""font-weight: 700"">3 to 4 people</span>&nbsp;(as a side dish or appetizer).</p></li><li><p><span style=""font-weight: 700"">Preparation:</span>&nbsp;Sourced fresh from the Chennai coast, meticulously cleaned, and ready for the pan.</p></li><li><p><span style=""font-weight: 700"">Texture:</span>&nbsp;Soft and delicate, absorbing spices beautifully.</p></li></ul><p>Small in size but massive in flavor, our Anchovies are a coastal delicacy sourced daily. Known for their distinct, savory taste and tender texture, these silver-scaled delights are a staple in traditional South Indian kitchens, perfect for a crispy deep fry or a tangy, spicy gravy.</p><h3><span style=""font-weight: 700"">Nutritional Profile (Per 100g)</span></h3><p>Anchovies are widely regarded as a ""superfood"" due to their high concentration of essential minerals and healthy fats.</p><table><tr><td><p><span style=""font-weight: 700"">Nutrient</span></p></td><td><p><span style=""font-weight: 700"">Amount</span></p></td></tr><tr><td><p><span style=""font-weight: 700"">Calories</span></p></td><td><p>131 kcal</p></td></tr><tr><td><p><span style=""font-weight: 700"">Protein</span></p></td><td><p>17g - 19g</p></td></tr><tr><td><p><span style=""font-weight: 700"">Total Fat</span></p></td><td><p>4.8g</p></td></tr><tr><td><p><span style=""font-weight: 700"">Omega-3 Fatty Acids</span></p></td><td><p>Very High</p></td></tr><tr><td><p><span style=""font-weight: 700"">Calcium</span></p></td><td><p>15% of Daily Value</p></td></tr><tr><td><p><span style=""font-weight: 700"">Iron</span></p></td><td><p>18% of Daily Value</p></td></tr></table><h3><span style=""font-weight: 700"">Key Benefits</span></h3><ul><li><p><span style=""font-weight: 700"">Bone Health:</span>&nbsp;One of the best natural sources of Calcium and Phosphorus, essential for maintaining strong bones and teeth.</p></li><li><p><span style=""font-weight: 700"">Heart Support:</span>&nbsp;Rich in polyunsaturated fatty acids that help reduce inflammation and support a healthy heart.</p></li><li><p><span style=""font-weight: 700"">Low Mercury:</span>&nbsp;Because they are low on the food chain, anchovies have significantly lower mercury levels compared to larger fish.</p></li><li><p><span style=""font-weight: 700"">Skin &amp; Vision:</span>&nbsp;High in Vitamin A and Selenium, which promote healthy skin and improve eye health.</p></li></ul><blockquote><p><span style=""font-weight: 700"">Chef's Tip:</span>&nbsp;To get that perfect ""Nethili Fry,"" toss them in a mix of rice flour, cornflour, and local spices. The rice flour ensures a super-crunchy exterior while keeping the fish tender inside!</p></blockquote>",fishes;deep-fry-favorites;high-protien,fishes,,,,,,,,,,,,,,,,,,,Cutting style:,TEXT_CHOICES,Headless,Size,TEXT_CHOICES,Small;Medium,Weight,TEXT_CHOICES,0.5 Kg,,,,,,,,,,,,,,,,,,,,,,,,,,,,,,,,,,,,,,,,,,,,,,,,,,,,,,,,,,,
Product_5b210213-df44-49eb-afed-2656242bc85a,VARIANT,,true,,,,,,,,375,699,,IN_STOCK,false,,,,,,,,,,Cutting style:,TEXT_CHOICES,Headless,Size,TEXT_CHOICES,Small,Weight,TEXT_CHOICES,0.5 Kg,,,,,,,,,,,,,,,,,,,,,,,,,,,,,,,,,,,,,,,,,,,,,,,,,,,,,,,,,,,
Product_5b210213-df44-49eb-afed-2656242bc85a,VARIANT,,true,,,,,,,,400,699,,IN_STOCK,false,,,,,,,,,,Cutting style:,TEXT_CHOICES,Headless,Size,TEXT_CHOICES,Medium,Weight,TEXT_CHOICES,0.5 Kg,,,,,,,,,,,,,,,,,,,,,,,,,,,,,,,,,,,,,,,,,,,,,,,,,,,,,,,,,,,
Product_5b210213-df44-49eb-afed-2656242bc85a,MEDIA,,,,,,ebf235_22f791a6388649e4b6325acc40221f41~mv2.jpg,,,,,,,,,,,,,,,,,,,,,,,,,,,,,,,,,,,,,,,,,,,,,,,,,,,,,,,,,,,,,,,,,,,,,,,,,,,,,,,,,,,,,
Product_5b210213-df44-49eb-afed-2656242bc85a,MEDIA,,,,,,ebf235_ec8bdca16ce8426c994fdc4621e817d6~mv2.jpg,,,,,,,,,,,,,,,,,,,,,,,,,,,,,,,,,,,,,,,,,,,,,,,,,,,,,,,,,,,,,,,,,,,,,,,,,,,,,,,,,,,,,
Product_5b210213-df44-49eb-afed-2656242bc85a,MEDIA,,,,,,ebf235_b0a5118deb7d4859bf26ae7473e231ef~mv2.jpg,,,,,,,,,,,,,,,,,,,,,,,,,,,,,,,,,,,,,,,,,,,,,,,,,,,,,,,,,,,,,,,,,,,,,,,,,,,,,,,,,,,,,
Product_ba3af199-e38f-4fdd-b8fd-70a917f13098,PRODUCT,"Kanangeluthi /Mackerel / Ayala - (𝗚𝗿𝗼𝘀𝘀: 𝟳𝟱𝟬𝗴, 𝗡𝗲𝘁: 𝟱𝟬𝟬𝗴)",true,"<h2><span style=""font-weight: 700"">Fresh Indian Mackerel </span>(Kanangeluthi / Ayala /<span style=""font-weight: 700""> </span>அயிலை<span style=""font-weight: 700""> </span>/கானாங்கெளுத்தி)</h2><h3><span style=""font-weight: 700"">Product Overview</span></h3><ul><li><p><span style=""font-weight: 700"">Net Weight:</span>&nbsp;500g</p></li><li><p><span style=""font-weight: 700"">Gross Weight :</span>&nbsp;750g</p></li><li><p><span style=""font-weight: 700"">Protein: </span>18g – 19g</p></li><li><p><span style=""font-weight: 700"">Serving Size:</span>&nbsp;Curry Cut - (10-16 Pieces) Whole - (5-8 pcs)  .</p></li><li><p><span style=""font-weight: 700"">Preparation:</span>&nbsp;Freshly caught,&nbsp;cleaned,&nbsp;and descaled.&nbsp;Usually served as whole fish with deep lateral ""fry cuts"" to allow spices to penetrate the firm flesh.</p></li><li><p><span style=""font-weight: 700"">Flavor Profile:</span>&nbsp;Bold and savory with a firm,&nbsp;meaty texture.</p></li></ul><p>A quintessential favorite across coastal India,&nbsp;our Indian Mackerel is sourced fresh from the morning catch.&nbsp;Known for its distinctively rich,&nbsp;oily texture and deep flavor,&nbsp;it is the perfect candidate for a sharp,&nbsp;spicy ""Bangda Fry"" or a traditional coastal curry.</p><h3><span style=""font-weight: 700"">Nutritional Profile (Per 100g)</span></h3><p>Indian Mackerel is one of the best sources of heart-healthy fats and essential vitamins.</p><table><tr><td><p><span style=""font-weight: 700"">Nutrient</span></p></td><td><p><span style=""font-weight: 700"">Amount</span></p></td></tr><tr><td><p><span style=""font-weight: 700"">Calories</span></p></td><td><p>190 - 205 kcal</p></td></tr><tr><td><p><span style=""font-weight: 700"">Protein</span></p></td><td><p>18g - 19g</p></td></tr><tr><td><p><span style=""font-weight: 700"">Total Fat</span></p></td><td><p>12g (Healthy Fats)</p></td></tr><tr><td><p><span style=""font-weight: 700"">Omega-3 Fatty Acids</span></p></td><td><p>Very High</p></td></tr><tr><td><p><span style=""font-weight: 700"">Vitamin D</span></p></td><td><p>80% of Daily Value</p></td></tr><tr><td><p><span style=""font-weight: 700"">Vitamin B12</span></p></td><td><p>200% of Daily Value</p></td></tr></table><h3><span style=""font-weight: 700"">Key Benefits</span></h3><ul><li><p><span style=""font-weight: 700"">Omega-3 Rich:</span>&nbsp;Loaded with EPA and DHA,&nbsp;which are crucial for heart health and reducing inflammation.</p></li><li><p><span style=""font-weight: 700"">Bone &amp; Immune Support:</span>&nbsp;One of the few natural food sources rich in Vitamin D,&nbsp;essential for calcium absorption and a strong immune system.</p></li><li><p><span style=""font-weight: 700"">Metabolism Boost:</span>&nbsp;High Vitamin B12 content helps in energy production and maintains a healthy nervous system.</p></li><li><p><span style=""font-weight: 700"">Lean Protein:</span>&nbsp;Provides high-quality protein necessary for muscle maintenance and repair.</p></li></ul><blockquote><p><span style=""font-weight: 700"">Chef's Tip:</span>&nbsp;Indian Mackerel pairs beautifully with souring agents. Try marinating with a thick paste of <span style=""font-weight: 700"">Tamarind or Kokum</span>, red chili, and a hint of peppercorns for an authentic coastal experience!</p></blockquote>",deep-fry-favorites;high-protien;fishes,fishes,,,,,,,,,,,,,,,,,,,Cutting style:,TEXT_CHOICES,Curry Cut With Head;Curry Cut Without Head;Whole Fish,Weight,TEXT_CHOICES,0.5 Kg,,,,,,,,,,,,,,,,,,,,,,,,,,,,,,,,,,,,,,,,,,,,,,,,,,,,,,,,,,,,,,
Product_ba3af199-e38f-4fdd-b8fd-70a917f13098,VARIANT,,true,,,,,,,,375,579,,IN_STOCK,false,,,,,,,,,,Cutting style:,TEXT_CHOICES,Curry Cut With Head,Weight,TEXT_CHOICES,0.5 Kg,,,,,,,,,,,,,,,,,,,,,,,,,,,,,,,,,,,,,,,,,,,,,,,,,,,,,,,,,,,,,,
Product_ba3af199-e38f-4fdd-b8fd-70a917f13098,VARIANT,,true,,,,,,,,375,579,,IN_STOCK,false,,,,,,,,,,Cutting style:,TEXT_CHOICES,Curry Cut Without Head,Weight,TEXT_CHOICES,0.5 Kg,,,,,,,,,,,,,,,,,,,,,,,,,,,,,,,,,,,,,,,,,,,,,,,,,,,,,,,,,,,,,,
Product_ba3af199-e38f-4fdd-b8fd-70a917f13098,VARIANT,,true,,,,,,,,325,499,,IN_STOCK,false,,,,,,,,,,Cutting style:,TEXT_CHOICES,Whole Fish,Weight,TEXT_CHOICES,0.5 Kg,,,,,,,,,,,,,,,,,,,,,,,,,,,,,,,,,,,,,,,,,,,,,,,,,,,,,,,,,,,,,,
Product_ba3af199-e38f-4fdd-b8fd-70a917f13098,MEDIA,,,,,,ebf235_7575cbc5386f474da9f38bb8e25fad1d~mv2.jpg,,,,,,,,,,,,,,,,,,,,,,,,,,,,,,,,,,,,,,,,,,,,,,,,,,,,,,,,,,,,,,,,,,,,,,,,,,,,,,,,,,,,,
Product_ba3af199-e38f-4fdd-b8fd-70a917f13098,MEDIA,,,,,,ebf235_ff0ee48bf9b94b9b91bb600e4e379634~mv2.jpg,,,,,,,,,,,,,,,,,,,,,,,,,,,,,,,,,,,,,,,,,,,,,,,,,,,,,,,,,,,,,,,,,,,,,,,,,,,,,,,,,,,,,
Product_ba3af199-e38f-4fdd-b8fd-70a917f13098,MEDIA,,,,,,ebf235_8a2d7772786e4f30ab1102b9c5bddc21~mv2.jpg,,,,,,,,,,,,,,,,,,,,,,,,,,,,,,,,,,,,,,,,,,,,,,,,,,,,,,,,,,,,,,,,,,,,,,,,,,,,,,,,,,,,,
Product_ba3af199-e38f-4fdd-b8fd-70a917f13098,MEDIA,,,,,,ebf235_31710d43a48948df8cbf6ae1a24a02b9~mv2.jpg,,,,,,,,,,,,,,,,,,,,,,,,,,,,,,,,,,,,,,,,,,,,,,,,,,,,,,,,,,,,,,,,,,,,,,,,,,,,,,,,,,,,,
Product_ba3af199-e38f-4fdd-b8fd-70a917f13098,MEDIA,,,,,,ebf235_d2ec226fa32245169540d2af8020d5d5~mv2.jpg,,,,,,,,,,,,,,,,,,,,,,,,,,,,,,,,,,,,,,,,,,,,,,,,,,,,,,,,,,,,,,,,,,,,,,,,,,,,,,,,,,,,,
Product_f217e64c-9266-429e-987c-09e08d8e84ed,PRODUCT,"Yellow Fin Tuna/ kera - (𝗚𝗿𝗼𝘀𝘀: 𝟳𝟱𝟬𝗴, 𝗡𝗲𝘁: 𝟱𝟬𝟬𝗴)",true,"<h2><span style=""font-weight: 700"">Premium Yellow fin Tuna </span>(Kera / கெரா மீன்)</h2><h3><span style=""font-weight: 700"">Product Overview</span></h3><ul><li><p><span style=""font-weight: 700; color: rgb(31, 31, 31); background-color: rgba(0, 0, 0, 0)"">Net Weight</span><span style=""background-color: rgba(0, 0, 0, 0); color: rgb(31, 31, 31)"">: 500g</span></p></li><li><p><span style=""font-weight: 700; color: rgb(31, 31, 31); background-color: rgba(0, 0, 0, 0)"">Gross Weight</span><span style=""background-color: rgba(0, 0, 0, 0); color: rgb(31, 31, 31)"">&nbsp;: 750g </span></p></li><li><p><span style=""font-weight: 700; color: rgb(31, 31, 31); background-color: rgba(0, 0, 0, 0)"">Protein:</span><span style=""background-color: rgba(0, 0, 0, 0); color: rgb(31, 31, 31)"">&nbsp;22g – 25g</span></p></li><li><p><span style=""font-weight: 700; color: rgb(31, 31, 31); background-color: rgba(0, 0, 0, 0)"">Serving Size</span><span style=""background-color: rgba(0, 0, 0, 0); color: rgb(31, 31, 31)"">: Slices - (5-10 Pieces) | Cubes - (10-25 Pieces) | Cubes Boneless - (12-20 Pieces) | Fillet Boneless </span></p></li><li><p><span style=""font-weight: 700; color: rgb(31, 31, 31); background-color: rgba(0, 0, 0, 0)"">Preparation</span><span style=""background-color: rgba(0, 0, 0, 0); color: rgb(31, 31, 31)"">: Freshly caught, expertly filleted, or cut into clean steaks and cubes. Bloodlines are cleanly trimmed to ensure a premium, ready-to-cook experience.</span></p></li><li><p><span style=""font-weight: 700; color: rgb(31, 31, 31); background-color: rgba(0, 0, 0, 0)"">Flavor Profile</span><span style=""background-color: rgba(0, 0, 0, 0); color: rgb(31, 31, 31)"">: Deep, robust, and meaty with a firm, steak-like texture.</span></p></li></ul><p>Commonly known as the ""Steak of the Sea,"" our Yellowfin Tuna is sourced fresh from the deep coastal waters off Chennai. Renowned for its deep red color and firm, meaty texture, it is a versatile choice for those who prefer a hearty, high-protein seafood experience.</p><h3><span style=""font-weight: 700"">Nutritional Profile (Per 100g)</span></h3><p>Yellowfin Tuna is famous among fitness enthusiasts for being one of the leanest sources of high-quality protein available.</p><table><tr><td><p><span style=""font-weight: 700"">Nutrient</span></p></td><td><p><span style=""font-weight: 700"">Amount</span></p></td></tr><tr><td><p><span style=""font-weight: 700"">Calories</span></p></td><td><p>108 - 110 kcal</p></td></tr><tr><td><p><span style=""font-weight: 700"">Protein</span></p></td><td><p>23g - 25g</p></td></tr><tr><td><p><span style=""font-weight: 700"">Total Fat</span></p></td><td><p>&lt; 1g</p></td></tr><tr><td><p><span style=""font-weight: 700"">Omega-3 Fatty Acids</span></p></td><td><p>Excellent Source</p></td></tr><tr><td><p><span style=""font-weight: 700"">Potassium</span></p></td><td><p>441 mg</p></td></tr><tr><td><p><span style=""font-weight: 700"">Vitamin D</span></p></td><td><p>High</p></td></tr></table><h3><span style=""font-weight: 700"">Key Benefits</span></h3><ul><li><p><span style=""font-weight: 700"">Ultra-High Protein:</span>&nbsp;Contains significantly more protein per gram than most poultry or red meats, making it perfect for muscle growth and weight management.</p></li><li><p><span style=""font-weight: 700"">Heart Health:</span>&nbsp;Rich in Omega-3 fatty acids which help lower blood pressure and reduce the risk of heart disease.</p></li><li><p><span style=""font-weight: 700"">Mood &amp; Brain Support:</span>&nbsp;High levels of Vitamin B12 and Selenium help improve cognitive function and reduce stress.</p></li><li><p><span style=""font-weight: 700"">Very Lean:</span>&nbsp;Extremely low in fat and carbohydrates, ideal for keto and paleo diets.</p></li></ul><blockquote><p><span style=""font-weight: 700"">Chef's Tip:</span>&nbsp;To keep Tuna juicy, avoid overcooking. It tastes best when seared on high heat for a short duration—this leaves the center moist while the outside gets a delicious crust!</p></blockquote>",high-protien;fishes,fishes,,,,,,,,,,,,,,,,,,,Cutting style:,TEXT_CHOICES,Slices;Cubes;Cubes Boneless;Fillet Boneless,Weight,TEXT_CHOICES,0.5 Kg,,,,,,,,,,,,,,,,,,,,,,,,,,,,,,,,,,,,,,,,,,,,,,,,,,,,,,,,,,,,,,
Product_f217e64c-9266-429e-987c-09e08d8e84ed,VARIANT,,true,,,,,,,,275,399,,IN_STOCK,false,,,,,,,,,,Cutting style:,TEXT_CHOICES,Slices,Weight,TEXT_CHOICES,0.5 Kg,,,,,,,,,,,,,,,,,,,,,,,,,,,,,,,,,,,,,,,,,,,,,,,,,,,,,,,,,,,,,,
Product_f217e64c-9266-429e-987c-09e08d8e84ed,VARIANT,,true,,,,,,,,275,399,,IN_STOCK,false,,,,,,,,,,Cutting style:,TEXT_CHOICES,Cubes,Weight,TEXT_CHOICES,0.5 Kg,,,,,,,,,,,,,,,,,,,,,,,,,,,,,,,,,,,,,,,,,,,,,,,,,,,,,,,,,,,,,,
Product_f217e64c-9266-429e-987c-09e08d8e84ed,VARIANT,,true,,,,,,,,325,399,,IN_STOCK,false,,,,,,,,,,Cutting style:,TEXT_CHOICES,Cubes Boneless,Weight,TEXT_CHOICES,0.5 Kg,,,,,,,,,,,,,,,,,,,,,,,,,,,,,,,,,,,,,,,,,,,,,,,,,,,,,,,,,,,,,,
Product_f217e64c-9266-429e-987c-09e08d8e84ed,VARIANT,,false,,,,,,,,325,399,,IN_STOCK,false,,,,,,,,,,Cutting style:,TEXT_CHOICES,Fillet Boneless,Weight,TEXT_CHOICES,0.5 Kg,,,,,,,,,,,,,,,,,,,,,,,,,,,,,,,,,,,,,,,,,,,,,,,,,,,,,,,,,,,,,,
Product_f217e64c-9266-429e-987c-09e08d8e84ed,MEDIA,,,,,,ebf235_3f2ef346b7644e2dad98f3d5b6dbfff1~mv2.jpg,,,,,,,,,,,,,,,,,,,,,,,,,,,,,,,,,,,,,,,,,,,,,,,,,,,,,,,,,,,,,,,,,,,,,,,,,,,,,,,,,,,,,
Product_f217e64c-9266-429e-987c-09e08d8e84ed,MEDIA,,,,,,ebf235_00f65f31a6984e9783f2e43ccf517f4f~mv2.jpg,,,,,,,,,,,,,,,,,,,,,,,,,,,,,,,,,,,,,,,,,,,,,,,,,,,,,,,,,,,,,,,,,,,,,,,,,,,,,,,,,,,,,
Product_f217e64c-9266-429e-987c-09e08d8e84ed,MEDIA,,,,,,ebf235_5377be9ba9984fe5b6f0aac9ce0f1363~mv2.jpg,,,,,,,,,,,,,,,,,,,,,,,,,,,,,,,,,,,,,,,,,,,,,,,,,,,,,,,,,,,,,,,,,,,,,,,,,,,,,,,,,,,,,
Product_9e17c79e-0d00-46a9-b80f-70a8edfd373a,PRODUCT,"Sankara /  Pink Perch  - (𝗚𝗿𝗼𝘀𝘀: 𝟳𝟱𝟬𝗴, 𝗡𝗲𝘁: 𝟱𝟬𝟬𝗴)",true,"<h2><span style=""font-weight: 700"">Premium Sankara </span>(Pink Perch / Kilimeen / சங்கரா மீன்)</h2><h3><span style=""font-weight: 700"">Product Overview</span></h3><ul><li><p><span style=""font-weight: 700"">Net Weight:</span>&nbsp;500g</p></li><li><p><span style=""font-weight: 700"">Gross Weight :</span>&nbsp;750g</p></li><li><p><span style=""font-weight: 700"">Protein: </span>20g – 22g</p></li><li><p><span style=""font-weight: 700"">Pieces:</span>&nbsp;Approximately 3 – 6 whole fish</p></li><li><p><span style=""font-weight: 700"">Preparation:</span>&nbsp;Sourced fresh, expertly descaled, and cleaned. Available as <span style=""font-weight: 700"">Whole Fish with Fry Cuts</span>&nbsp;(perfect for deep frying) or as <span style=""font-weight: 700"">Cleaned Fillets</span>.</p></li><li><p><span style=""font-weight: 700"">Texture:</span>&nbsp;Lean, firm, and moist with a subtle, sweet nuttiness.</p></li></ul><p>With its iconic vibrant color and sweet, delicate flavor, our Sankara is a prized catch from the Bay of Bengal. This white-fleshed fish is celebrated for its versatility, offering a moist, flaky texture that makes it the centerpiece of any premium seafood meal.</p><h3><span style=""font-weight: 700"">Nutritional Profile (Per 100g)</span></h3><p>Red Snapper is a low-calorie, high-nutrient choice perfect for a balanced diet.</p><table><tr><td><p><span style=""font-weight: 700"">Nutrient</span></p></td><td><p><span style=""font-weight: 700"">Amount</span></p></td></tr><tr><td><p><span style=""font-weight: 700"">Calories</span></p></td><td><p>100 - 110 kcal</p></td></tr><tr><td><p><span style=""font-weight: 700"">Protein</span></p></td><td><p>20g - 22g</p></td></tr><tr><td><p><span style=""font-weight: 700"">Total Fat</span></p></td><td><p>1.5g</p></td></tr><tr><td><p><span style=""font-weight: 700"">Omega-3 Fatty Acids</span></p></td><td><p>Moderate to High</p></td></tr><tr><td><p><span style=""font-weight: 700"">Potassium</span></p></td><td><p>420 mg</p></td></tr><tr><td><p><span style=""font-weight: 700"">Selenium</span></p></td><td><p>65% of Daily Value</p></td></tr></table><h3><span style=""font-weight: 700"">Key Benefits</span></h3><ul><li><p><span style=""font-weight: 700"">Low Calorie, High Protein:</span>&nbsp;An ideal choice for weight management without sacrificing essential amino acids.</p></li><li><p><span style=""font-weight: 700"">Metabolic Support:</span>&nbsp;Exceptionally high in Selenium, which supports thyroid function and protects cells from free radical damage.</p></li><li><p><span style=""font-weight: 700"">Blood Pressure Control:</span>&nbsp;The high Potassium content helps regulate blood pressure and supports heart health.</p></li><li><p><span style=""font-weight: 700"">Rich in Vitamin A:</span>&nbsp;Supports healthy vision, skin, and a robust immune system.</p></li></ul><blockquote><p><span style=""font-weight: 700"">Chef's Tip:</span>&nbsp;Red Snapper is best enjoyed when its natural sweetness is highlighted. Try a <span style=""font-weight: 700"">Lemon-Butter-Garlic rub</span>&nbsp;for baking, or a traditional <span style=""font-weight: 700"">South Indian Masala</span>&nbsp;for a crispy pan fry!</p></blockquote>",lean-low-calorie;deep-fry-favorites;fishes,fishes,,,,,,,,,,,,,,,,,,,Cutting style:,TEXT_CHOICES,Curry cut;Whole;Whole Headless,Size,TEXT_CHOICES,Small;Medium,Weight,TEXT_CHOICES,0.5 Kg,,,,,,,,,,,,,,,,,,,,,,,,,,,,,,,,,,,,,,,,,,,,,,,,,,,,,,,,,,,
Product_9e17c79e-0d00-46a9-b80f-70a8edfd373a,VARIANT,,true,,,,,,,,425,699,,OUT_OF_STOCK,false,,,,,,,,,,Cutting style:,TEXT_CHOICES,Curry cut,Size,TEXT_CHOICES,Small,Weight,TEXT_CHOICES,0.5 Kg,,,,,,,,,,,,,,,,,,,,,,,,,,,,,,,,,,,,,,,,,,,,,,,,,,,,,,,,,,,
Product_9e17c79e-0d00-46a9-b80f-70a8edfd373a,VARIANT,,true,,,,,,,,475,699,,OUT_OF_STOCK,false,,,,,,,,,,Cutting style:,TEXT_CHOICES,Curry cut,Size,TEXT_CHOICES,Medium,Weight,TEXT_CHOICES,0.5 Kg,,,,,,,,,,,,,,,,,,,,,,,,,,,,,,,,,,,,,,,,,,,,,,,,,,,,,,,,,,,
Product_9e17c79e-0d00-46a9-b80f-70a8edfd373a,VARIANT,,true,,,,,,,,425,699,,OUT_OF_STOCK,false,,,,,,,,,,Cutting style:,TEXT_CHOICES,Whole,Size,TEXT_CHOICES,Small,Weight,TEXT_CHOICES,0.5 Kg,,,,,,,,,,,,,,,,,,,,,,,,,,,,,,,,,,,,,,,,,,,,,,,,,,,,,,,,,,,
Product_9e17c79e-0d00-46a9-b80f-70a8edfd373a,VARIANT,,true,,,,,,,,475,699,,OUT_OF_STOCK,false,,,,,,,,,,Cutting style:,TEXT_CHOICES,Whole,Size,TEXT_CHOICES,Medium,Weight,TEXT_CHOICES,0.5 Kg,,,,,,,,,,,,,,,,,,,,,,,,,,,,,,,,,,,,,,,,,,,,,,,,,,,,,,,,,,,
Product_9e17c79e-0d00-46a9-b80f-70a8edfd373a,VARIANT,,true,,,,,,,,500,799,,OUT_OF_STOCK,false,,,,,,,,,,Cutting style:,TEXT_CHOICES,Whole Headless,Size,TEXT_CHOICES,Small,Weight,TEXT_CHOICES,0.5 Kg,,,,,,,,,,,,,,,,,,,,,,,,,,,,,,,,,,,,,,,,,,,,,,,,,,,,,,,,,,,
Product_9e17c79e-0d00-46a9-b80f-70a8edfd373a,VARIANT,,true,,,,,,,,550,799,,OUT_OF_STOCK,false,,,,,,,,,,Cutting style:,TEXT_CHOICES,Whole Headless,Size,TEXT_CHOICES,Medium,Weight,TEXT_CHOICES,0.5 Kg,,,,,,,,,,,,,,,,,,,,,,,,,,,,,,,,,,,,,,,,,,,,,,,,,,,,,,,,,,,
Product_9e17c79e-0d00-46a9-b80f-70a8edfd373a,MEDIA,,,,,,ebf235_397648c8bd954d8a873b1b70218b3802~mv2.jpg,,,,,,,,,,,,,,,,,,,,,,,,,,,,,,,,,,,,,,,,,,,,,,,,,,,,,,,,,,,,,,,,,,,,,,,,,,,,,,,,,,,,,
Product_9e17c79e-0d00-46a9-b80f-70a8edfd373a,MEDIA,,,,,,ebf235_e6204a08a6474c9e9b3aa9a337568ddd~mv2.jpg,,,,,,,,,,,,,,,,,,,,,,,,,,,,,,,,,,,,,,,,,,,,,,,,,,,,,,,,,,,,,,,,,,,,,,,,,,,,,,,,,,,,,
Product_9e17c79e-0d00-46a9-b80f-70a8edfd373a,MEDIA,,,,,,ebf235_85883e737296420bb150de29e9b248b2~mv2.jpg,,,,,,,,,,,,,,,,,,,,,,,,,,,,,,,,,,,,,,,,,,,,,,,,,,,,,,,,,,,,,,,,,,,,,,,,,,,,,,,,,,,,,
Product_23d91360-1a02-4f14-a5b4-d84a02834da6,PRODUCT,"Black Pomfret / Karu Vaval - (𝗚𝗿𝗼𝘀𝘀: 𝟳𝟱𝟬𝗴, 𝗡𝗲𝘁: 𝟱𝟬𝟬𝗴)",true,"<h2><span style=""font-weight: 700"">Premium Black Pomfret (</span>Karuppu Vaval Meen / கருப்பு வாவல்<span style=""font-weight: 700"">)</span></h2><p><span style=""font-weight: 700"">Medium - </span>Slice (N: 500g, G: 750) (7-15 Pcs) - Rs. 850</p><p><span style=""font-weight: 700"">Medium</span> - Cubes (N: 500g, G: 750)  (8-15 Pcs)</p><p><span style=""font-weight: 700"">Medium</span> - Whole 1 Pc (N: 450 - 600g, G: 650-800) </p><p><span style=""font-weight: 700"">Small</span> - Slice (N: 500g, G: 750) (10-18 Pcs)</p><p><span style=""font-weight: 700"">Small</span> - Cubes (N: 500g, G: 750) (12 -18 pcs) </p><p><span style=""font-weight: 700"">Small</span> - Whole, 2 pcs (N: 450 - 600g, G: 650-800) </p><p><span style=""font-weight: 700"">Large</span> - Slice (N: 800g, G: 1150) (10 - 18 pcs) </p><p><span style=""font-weight: 700"">Large</span> - Cubes (N: 800g, G:1150)(15 - 25 pcs)</p><h3><span style=""font-weight: 700"">Product Overview</span></h3><ul><li><p><span style=""font-weight: 700"">Net Weight :</span>&nbsp;500g</p></li><li><p><span style=""font-weight: 700"">Gross Weight :</span>&nbsp;750g</p></li><li><p><span style=""font-weight: 700"">Protein: </span>18g – 19g</p></li><li><p><span style=""font-weight: 700"">Pieces:</span>&nbsp;Approximately 7 – 12 slices</p></li><li><p><span style=""font-weight: 700"">Preparation:</span>&nbsp;Freshly caught and thoroughly cleaned. Available as <span style=""font-weight: 700"">Whole Fish with deep Fry Cuts</span>—specially sliced to ensure spices reach the bone during cooking.</p></li><li><p><span style=""font-weight: 700"">Flavor Profile:</span>&nbsp;Rich, buttery, and mildly sweet with a texture that melts in your mouth.</p></li></ul><p>Highly sought after for its unique buttery flavor and tender texture, our Black Pomfret is a gourmet favorite. Sourced fresh from the Chennai coast, this flatfish is known for having a central bone structure that makes it easy to eat and perfect for sophisticated seafood dishes.</p><h3><span style=""font-weight: 700"">Nutritional Profile (Per 100g)</span></h3><p>Black Pomfret is an excellent source of lean protein and essential vitamins that support overall wellness.</p><table><tr><td><p><span style=""font-weight: 700"">Nutrient</span></p></td><td><p><span style=""font-weight: 700"">Amount</span></p></td></tr><tr><td><p><span style=""font-weight: 700"">Calories</span></p></td><td><p>100 - 120 kcal</p></td></tr><tr><td><p><span style=""font-weight: 700"">Protein</span></p></td><td><p>18g - 19g</p></td></tr><tr><td><p><span style=""font-weight: 700"">Total Fat</span></p></td><td><p>3g - 5g (Healthy Fats)</p></td></tr><tr><td><p><span style=""font-weight: 700"">Omega-3 Fatty Acids</span></p></td><td><p>High</p></td></tr><tr><td><p><span style=""font-weight: 700"">Vitamin B12</span></p></td><td><p>100% of Daily Value</p></td></tr><tr><td><p><span style=""font-weight: 700"">Vitamin D</span></p></td><td><p>Moderate</p></td></tr></table><h3><span style=""font-weight: 700"">Key Benefits</span></h3><ul><li><p><span style=""font-weight: 700"">Easy to Consume:</span>&nbsp;Known for having very few small bones, making it a safe and preferred choice for children and the elderly.</p></li><li><p><span style=""font-weight: 700"">Brain Health:</span>&nbsp;Rich in DHA and Omega-3 fatty acids, which are vital for maintaining memory and cognitive health.</p></li><li><p><span style=""font-weight: 700"">Glowing Skin:</span>&nbsp;The high Vitamin B12 and healthy fat content help maintain skin elasticity and a natural glow.</p></li><li><p><span style=""font-weight: 700"">Heart Support:</span>&nbsp;Helps in maintaining healthy blood circulation and reducing overall cholesterol.</p></li></ul><blockquote><p><span style=""font-weight: 700"">Chef's Tip:</span>&nbsp;Black Pomfret is perfect for <span style=""font-weight: 700"">Tandoori or Tawa grilling</span>. Marinate it with a thick coat of chili paste, lemon juice, and a dash of carom seeds (ajwain) for an aromatic, restaurant-style experience at home!</p></blockquote>",fishes,fishes,,,,,,,,,,,,,,,,,,,Size,TEXT_CHOICES,Small;Medium;Large,Cutting style:,TEXT_CHOICES,Slices;Cubes;Whole Fish,Weight,TEXT_CHOICES,0.5 Kg,,,,,,,,,,,,,,,,,,,,,,,,,,,,,,,,,,,,,,,,,,,,,,,,,,,,,,,,,,,
Product_23d91360-1a02-4f14-a5b4-d84a02834da6,VARIANT,,true,,,,,,,,750,999,,IN_STOCK,false,,,,,,,,,,Size,TEXT_CHOICES,Small,Cutting style:,TEXT_CHOICES,Slices,Weight,TEXT_CHOICES,0.5 Kg,,,,,,,,,,,,,,,,,,,,,,,,,,,,,,,,,,,,,,,,,,,,,,,,,,,,,,,,,,,
Product_23d91360-1a02-4f14-a5b4-d84a02834da6,VARIANT,,true,,,,,,,,750,999,,IN_STOCK,false,,,,,,,,,,Size,TEXT_CHOICES,Small,Cutting style:,TEXT_CHOICES,Cubes,Weight,TEXT_CHOICES,0.5 Kg,,,,,,,,,,,,,,,,,,,,,,,,,,,,,,,,,,,,,,,,,,,,,,,,,,,,,,,,,,,
Product_23d91360-1a02-4f14-a5b4-d84a02834da6,VARIANT,,true,,,,,,,,800,1099,,IN_STOCK,false,,,,,,,,,,Size,TEXT_CHOICES,Small,Cutting style:,TEXT_CHOICES,Whole Fish,Weight,TEXT_CHOICES,0.5 Kg,,,,,,,,,,,,,,,,,,,,,,,,,,,,,,,,,,,,,,,,,,,,,,,,,,,,,,,,,,,
Product_23d91360-1a02-4f14-a5b4-d84a02834da6,VARIANT,,true,,,,,,,,850,1099,,IN_STOCK,false,,,,,,,,,,Size,TEXT_CHOICES,Medium,Cutting style:,TEXT_CHOICES,Slices,Weight,TEXT_CHOICES,0.5 Kg,,,,,,,,,,,,,,,,,,,,,,,,,,,,,,,,,,,,,,,,,,,,,,,,,,,,,,,,,,,
Product_23d91360-1a02-4f14-a5b4-d84a02834da6,VARIANT,,true,,,,,,,,850,1099,,IN_STOCK,false,,,,,,,,,,Size,TEXT_CHOICES,Medium,Cutting style:,TEXT_CHOICES,Cubes,Weight,TEXT_CHOICES,0.5 Kg,,,,,,,,,,,,,,,,,,,,,,,,,,,,,,,,,,,,,,,,,,,,,,,,,,,,,,,,,,,
Product_23d91360-1a02-4f14-a5b4-d84a02834da6,VARIANT,,true,,,,,,,,900,1199,,IN_STOCK,false,,,,,,,,,,Size,TEXT_CHOICES,Medium,Cutting style:,TEXT_CHOICES,Whole Fish,Weight,TEXT_CHOICES,0.5 Kg,,,,,,,,,,,,,,,,,,,,,,,,,,,,,,,,,,,,,,,,,,,,,,,,,,,,,,,,,,,
Product_23d91360-1a02-4f14-a5b4-d84a02834da6,VARIANT,,false,,,,,,,,1400,,,IN_STOCK,false,,,,,,,,,,Size,TEXT_CHOICES,Large,Cutting style:,TEXT_CHOICES,Slices,Weight,TEXT_CHOICES,0.5 Kg,,,,,,,,,,,,,,,,,,,,,,,,,,,,,,,,,,,,,,,,,,,,,,,,,,,,,,,,,,,
Product_23d91360-1a02-4f14-a5b4-d84a02834da6,VARIANT,,false,,,,,,,,1400,,,IN_STOCK,false,,,,,,,,,,Size,TEXT_CHOICES,Large,Cutting style:,TEXT_CHOICES,Cubes,Weight,TEXT_CHOICES,0.5 Kg,,,,,,,,,,,,,,,,,,,,,,,,,,,,,,,,,,,,,,,,,,,,,,,,,,,,,,,,,,,
Product_23d91360-1a02-4f14-a5b4-d84a02834da6,VARIANT,,false,,,,,,,,800,,,IN_STOCK,false,,,,,,,,,,Size,TEXT_CHOICES,Large,Cutting style:,TEXT_CHOICES,Whole Fish,Weight,TEXT_CHOICES,0.5 Kg,,,,,,,,,,,,,,,,,,,,,,,,,,,,,,,,,,,,,,,,,,,,,,,,,,,,,,,,,,,
Product_23d91360-1a02-4f14-a5b4-d84a02834da6,MEDIA,,,,,,ebf235_49dc6f20cc994a88a9c8c7eb583b69a3~mv2.jpg,,,,,,,,,,,,,,,,,,,,,,,,,,,,,,,,,,,,,,,,,,,,,,,,,,,,,,,,,,,,,,,,,,,,,,,,,,,,,,,,,,,,,
Product_23d91360-1a02-4f14-a5b4-d84a02834da6,MEDIA,,,,,,ebf235_19249359f2e147b7b3db90f0bff35944~mv2.jpg,,,,,,,,,,,,,,,,,,,,,,,,,,,,,,,,,,,,,,,,,,,,,,,,,,,,,,,,,,,,,,,,,,,,,,,,,,,,,,,,,,,,,
Product_23d91360-1a02-4f14-a5b4-d84a02834da6,MEDIA,,,,,,ebf235_e285ff301bd547c995cab012604087d9~mv2.jpg,,,,,,,,,,,,,,,,,,,,,,,,,,,,,,,,,,,,,,,,,,,,,,,,,,,,,,,,,,,,,,,,,,,,,,,,,,,,,,,,,,,,,
Product_59274f88-210a-4a58-b881-22a6296be67e,PRODUCT,"kanava / Squid / Kadamba - (𝗚𝗿𝗼𝘀𝘀: 𝟳𝟱𝟬𝗴, 𝗡𝗲𝘁: 𝟱𝟬𝟬𝗴)",true,"<h2><span style=""font-weight: 700"">Fresh Squid </span>(kanava / Kadamba / கணவாய் / கடம்பா )</h2><ul><li><p><span style=""font-weight: 700"">Rings with head (Net: 500g, Gross: 700)</span></p></li><li><p><span style=""font-weight: 700"">Rings without head (Net: 500g, Gross: 900) </span></p></li><li><p><span style=""font-weight: 700"">Tubes with head (Net: 500g, Gross: 700) </span></p></li><li><p><span style=""font-weight: 700"">Tubes without head (Net: 500g, Gross: 900) </span></p></li></ul><h3><span style=""font-weight: 700"">Product Overview</span></h3><ul><li><p><span style=""font-weight: 700"">Net Weight:</span>&nbsp;500g</p></li><li><p><span style=""font-weight: 700"">Gross Weight:</span>&nbsp;750g</p></li><li><p><span style=""font-weight: 700"">Protein: </span>18g – 20g</p></li><li><p><span style=""font-weight: 700"">Serving Size:</span>&nbsp;Ideal for 2 to 3 people</p></li><li><p><span style=""font-weight: 700"">Preparation:</span>&nbsp;Freshly sourced, thoroughly cleaned, and ready to cook. Available as <span style=""font-weight: 700"">Whole Cleaned Squid</span>&nbsp;or <span style=""font-weight: 700"">Pre-cut Rings &amp; Tentacles</span>&nbsp;for convenience.</p></li><li><p><span style=""font-weight: 700"">Texture:</span>&nbsp;Tender, mildly sweet, and slightly firm when cooked properly.</p></li></ul><p>Delicately sweet, tender, and incredibly versatile, our fresh squid is a prized seafood choice sourced from clean coastal waters. Known for its soft texture and quick-cooking nature, squid transforms beautifully whether you grill, fry, sauté, or cook it in rich coastal curries.</p><h3><span style=""font-weight: 700"">Nutritional Profile (Per 100g)</span></h3><p>Squid is a protein-rich, low-fat seafood that fits perfectly into a balanced, nutritious diet.</p><table><tr><td><p>Nutrient</p></td><td><p>Amount</p></td></tr><tr><td><p>Calories</p></td><td><p>90 – 100 kcal</p></td></tr><tr><td><p>Protein</p></td><td><p>15g – 18g</p></td></tr><tr><td><p>Total Fat</p></td><td><p>1.5g</p></td></tr><tr><td><p>Omega-3 Fatty Acids</p></td><td><p>Moderate</p></td></tr><tr><td><p>Potassium</p></td><td><p>240 mg</p></td></tr><tr><td><p>Vitamin B12</p></td><td><p>100%+ of Daily Value</p></td></tr></table><h3><span style=""font-weight: 700"">Key Benefits</span></h3><p><span style=""font-weight: 700"">High-Quality Protein: </span>Provides essential amino acids that support muscle growth and overall body function.</p><p><span style=""font-weight: 700"">Rich in Vitamin B12:</span>Supports brain health, red blood cell formation, and energy metabolism.</p><p><span style=""font-weight: 700"">Heart-Friendly Choice :</span>Low in fat and contains beneficial omega-3 fatty acids that support cardiovascular health.</p><p><span style=""font-weight: 700"">Mineral-Rich: </span>Contains important nutrients like potassium, phosphorus, and selenium for overall wellness.</p><h3><span style=""font-weight: 700"">Chef’s Tip</span></h3><p>Squid cooks very quickly—either <span style=""font-weight: 700"">flash-cook it for 2–3 minutes</span>&nbsp;for a tender bite or slow-cook it in a curry for a rich, soft texture.</p>",squid;high-protien,squid,,,Sale,,,,,,,,,,,,,,,,Size,TEXT_CHOICES,Small;Medium,Cutting style:,TEXT_CHOICES,Rings With Head;Rings Without Head;Tubes With Head;Tubes Without Head,Weight,TEXT_CHOICES,0.5 Kg,,,,,,,,,,,,,,,,,,,,,,,,,,,,,,,,,,,,,,,,,,,,,,,,,,,,,,,,,,,
Product_59274f88-210a-4a58-b881-22a6296be67e,VARIANT,,true,,,,,,,,450,699,,IN_STOCK,false,,,,,,,,,,Size,TEXT_CHOICES,Small,Cutting style:,TEXT_CHOICES,Rings With Head,Weight,TEXT_CHOICES,0.5 Kg,,,,,,,,,,,,,,,,,,,,,,,,,,,,,,,,,,,,,,,,,,,,,,,,,,,,,,,,,,,
Product_59274f88-210a-4a58-b881-22a6296be67e,VARIANT,,true,,,,,,,,600,949,,IN_STOCK,false,,,,,,,,,,Size,TEXT_CHOICES,Small,Cutting style:,TEXT_CHOICES,Rings Without Head,Weight,TEXT_CHOICES,0.5 Kg,,,,,,,,,,,,,,,,,,,,,,,,,,,,,,,,,,,,,,,,,,,,,,,,,,,,,,,,,,,
Product_59274f88-210a-4a58-b881-22a6296be67e,VARIANT,,true,,,,,,,,450,699,,IN_STOCK,false,,,,,,,,,,Size,TEXT_CHOICES,Small,Cutting style:,TEXT_CHOICES,Tubes With Head,Weight,TEXT_CHOICES,0.5 Kg,,,,,,,,,,,,,,,,,,,,,,,,,,,,,,,,,,,,,,,,,,,,,,,,,,,,,,,,,,,
Product_59274f88-210a-4a58-b881-22a6296be67e,VARIANT,,true,,,,,,,,600,949,,IN_STOCK,false,,,,,,,,,,Size,TEXT_CHOICES,Small,Cutting style:,TEXT_CHOICES,Tubes Without Head,Weight,TEXT_CHOICES,0.5 Kg,,,,,,,,,,,,,,,,,,,,,,,,,,,,,,,,,,,,,,,,,,,,,,,,,,,,,,,,,,,
Product_59274f88-210a-4a58-b881-22a6296be67e,VARIANT,,true,,,,,,,,550,799,,IN_STOCK,false,,,,,,,,,,Size,TEXT_CHOICES,Medium,Cutting style:,TEXT_CHOICES,Rings With Head,Weight,TEXT_CHOICES,0.5 Kg,,,,,,,,,,,,,,,,,,,,,,,,,,,,,,,,,,,,,,,,,,,,,,,,,,,,,,,,,,,
Product_59274f88-210a-4a58-b881-22a6296be67e,VARIANT,,true,,,,,,,,600,799,,IN_STOCK,false,,,,,,,,,,Size,TEXT_CHOICES,Medium,Cutting style:,TEXT_CHOICES,Rings Without Head,Weight,TEXT_CHOICES,0.5 Kg,,,,,,,,,,,,,,,,,,,,,,,,,,,,,,,,,,,,,,,,,,,,,,,,,,,,,,,,,,,
Product_59274f88-210a-4a58-b881-22a6296be67e,VARIANT,,true,,,,,,,,550,799,,IN_STOCK,false,,,,,,,,,,Size,TEXT_CHOICES,Medium,Cutting style:,TEXT_CHOICES,Tubes With Head,Weight,TEXT_CHOICES,0.5 Kg,,,,,,,,,,,,,,,,,,,,,,,,,,,,,,,,,,,,,,,,,,,,,,,,,,,,,,,,,,,
Product_59274f88-210a-4a58-b881-22a6296be67e,VARIANT,,true,,,,,,,,600,799,,IN_STOCK,false,,,,,,,,,,Size,TEXT_CHOICES,Medium,Cutting style:,TEXT_CHOICES,Tubes Without Head,Weight,TEXT_CHOICES,0.5 Kg,,,,,,,,,,,,,,,,,,,,,,,,,,,,,,,,,,,,,,,,,,,,,,,,,,,,,,,,,,,
Product_59274f88-210a-4a58-b881-22a6296be67e,MEDIA,,,,,,ebf235_83fb2f15272a4b649056bc31de3522b0~mv2.jpg,,,,,,,,,,,,,,,,,,,,,,,,,,,,,,,,,,,,,,,,,,,,,,,,,,,,,,,,,,,,,,,,,,,,,,,,,,,,,,,,,,,,,
Product_59274f88-210a-4a58-b881-22a6296be67e,MEDIA,,,,,,ebf235_a366ba39458e47c4bf4aca18617f7c1b~mv2.jpg,,,,,,,,,,,,,,,,,,,,,,,,,,,,,,,,,,,,,,,,,,,,,,,,,,,,,,,,,,,,,,,,,,,,,,,,,,,,,,,,,,,,,
Product_59274f88-210a-4a58-b881-22a6296be67e,MEDIA,,,,,,ebf235_601fa3ba5a65498e90f0fe9a56e39210~mv2.jpg,,,,,,,,,,,,,,,,,,,,,,,,,,,,,,,,,,,,,,,,,,,,,,,,,,,,,,,,,,,,,,,,,,,,,,,,,,,,,,,,,,,,,
Product_59274f88-210a-4a58-b881-22a6296be67e,MEDIA,,,,,,ebf235_d7b144200f814de2a6fbcc56ab5fe89f~mv2.jpg,,,,,,,,,,,,,,,,,,,,,,,,,,,,,,,,,,,,,,,,,,,,,,,,,,,,,,,,,,,,,,,,,,,,,,,,,,,,,,,,,,,,,
Product_1a662267-63a7-4b6b-8c75-78187c85379e,PRODUCT,"Manja Paarai / Yellow-tail Trevally - (𝗚𝗿𝗼𝘀𝘀: 𝟳𝟱𝟬𝗴, 𝗡𝗲𝘁: 𝟱𝟬𝟬𝗴)",true,"<h2><span style=""font-weight: 700"">Fresh Manja Paarai </span>(Yellow-tail Trevally / மஞ்சள் பாறை மீன்)</h2><h2><span style=""font-weight: 700"">Product Overview</span></h2><ul><li><p><span style=""font-weight: 700"">Net Weight:</span>&nbsp;500g</p></li><li><p><span style=""font-weight: 700"">Gross Weight :</span>&nbsp;750g</p></li><li><p><span style=""font-weight: 700"">Protein: </span>18g – 19g</p></li><li><p><span style=""font-weight: 700"">Serving Size:&nbsp;L - Slice</span> (5-9 Pieces) | <span style=""font-weight: 700"">L - Curry Cut</span>  (10-16 Pieces) | <span style=""font-weight: 700"">S - Curry Cut</span> (6-10 pcs) | </p><p><span style=""font-weight: 700"">S -</span> <span style=""font-weight: 700"">Whole</span>  (3-5 pcs)</p></li><li><p><span style=""font-weight: 700"">Preparation:</span>&nbsp;Freshly sourced, expertly cleaned, and ready to cook. Available as <span style=""font-weight: 700"">Whole Cleaned Fish</span>, <span style=""font-weight: 700"">Curry Cuts (steaks)</span>, or <span style=""font-weight: 700"">Slice</span></p></li><li><p><span style=""font-weight: 700"">Texture:</span>&nbsp;Firm, dense, and moist with a mildly rich, savory flavor.</p></li></ul><p>Known for its firm texture and rich, clean flavor, our Paarai (Trevally) is a popular coastal catch from the Bay of Bengal. This white-fleshed fish is prized for its dense, meaty structure, making it perfect for frying, grilling, or cooking in flavorful South Indian curries.</p><h3><span style=""font-weight: 700"">Nutritional Profile (Per 100g)</span></h3><p>Trevally is a protein-rich fish with balanced healthy fats, making it an excellent choice for a nutritious diet.</p><table><tr><td><p>Nutrient</p></td><td><p>Amount</p></td></tr><tr><td><p>Calories</p></td><td><p>110 – 120 kcal</p></td></tr><tr><td><p>Protein</p></td><td><p>19g – 21g</p></td></tr><tr><td><p>Total Fat</p></td><td><p>2g</p></td></tr><tr><td><p>Omega-3 Fatty Acids</p></td><td><p>Moderate</p></td></tr><tr><td><p>Potassium</p></td><td><p>300 mg</p></td></tr><tr><td><p>Vitamin D</p></td><td><p>15% of Daily Value</p></td></tr></table><h3><span style=""font-weight: 700"">Key Benefits</span></h3><ul><li><p><span style=""font-weight: 700"">High in Lean Protein:</span>Supports muscle growth, repair, and overall body strength.</p></li><li><p><span style=""font-weight: 700"">Heart-Healthy Fats:</span>Contains beneficial omega-3 fatty acids that support cardiovascular health.</p></li><li><p><span style=""font-weight: 700"">Supports Bone Health:</span>Provides Vitamin D, which helps maintain strong bones and improves calcium absorption.</p></li><li><p><span style=""font-weight: 700"">Energy and Metabolism Support:</span>Rich in essential minerals that help maintain energy levels and proper body function.</p></li></ul><h3><span style=""font-weight: 700"">Chef’s Tip</span></h3><p>Trevally’s firm flesh holds its shape beautifully during cooking. Marinate the steaks in <span style=""font-weight: 700"">turmeric, chili, and lemon</span>&nbsp;for a crispy pan fry, or cook it in a <span style=""font-weight: 700"">tamarind-based South Indian fish curry</span>&nbsp;for a bold, traditional flavor.</p>",fishes,fishes,,,,,,,,,,,,,,,,,,,Size,TEXT_CHOICES,Small;Large,Cutting style:,TEXT_CHOICES,Slices;Curry cut;Whole,Weight,TEXT_CHOICES,0.5 Kg,,,,,,,,,,,,,,,,,,,,,,,,,,,,,,,,,,,,,,,,,,,,,,,,,,,,,,,,,,,
Product_1a662267-63a7-4b6b-8c75-78187c85379e,VARIANT,,false,,,,,,,,450,699,,IN_STOCK,false,,,,,,,,,,Size,TEXT_CHOICES,Small,Cutting style:,TEXT_CHOICES,Slices,Weight,TEXT_CHOICES,0.5 Kg,,,,,,,,,,,,,,,,,,,,,,,,,,,,,,,,,,,,,,,,,,,,,,,,,,,,,,,,,,,
Product_1a662267-63a7-4b6b-8c75-78187c85379e,VARIANT,,true,,,,,,,,450,699,,IN_STOCK,false,,,,,,,,,,Size,TEXT_CHOICES,Small,Cutting style:,TEXT_CHOICES,Curry cut,Weight,TEXT_CHOICES,0.5 Kg,,,,,,,,,,,,,,,,,,,,,,,,,,,,,,,,,,,,,,,,,,,,,,,,,,,,,,,,,,,
Product_1a662267-63a7-4b6b-8c75-78187c85379e,VARIANT,,true,,,,,,,,450,699,,IN_STOCK,false,,,,,,,,,,Size,TEXT_CHOICES,Small,Cutting style:,TEXT_CHOICES,Whole,Weight,TEXT_CHOICES,0.5 Kg,,,,,,,,,,,,,,,,,,,,,,,,,,,,,,,,,,,,,,,,,,,,,,,,,,,,,,,,,,,
Product_1a662267-63a7-4b6b-8c75-78187c85379e,VARIANT,,true,,,,,,,,500,799,,IN_STOCK,false,,,,,,,,,,Size,TEXT_CHOICES,Large,Cutting style:,TEXT_CHOICES,Slices,Weight,TEXT_CHOICES,0.5 Kg,,,,,,,,,,,,,,,,,,,,,,,,,,,,,,,,,,,,,,,,,,,,,,,,,,,,,,,,,,,
Product_1a662267-63a7-4b6b-8c75-78187c85379e,VARIANT,,true,,,,,,,,500,699,,IN_STOCK,false,,,,,,,,,,Size,TEXT_CHOICES,Large,Cutting style:,TEXT_CHOICES,Curry cut,Weight,TEXT_CHOICES,0.5 Kg,,,,,,,,,,,,,,,,,,,,,,,,,,,,,,,,,,,,,,,,,,,,,,,,,,,,,,,,,,,
Product_1a662267-63a7-4b6b-8c75-78187c85379e,VARIANT,,false,,,,,,,,450,699,,IN_STOCK,false,,,,,,,,,,Size,TEXT_CHOICES,Large,Cutting style:,TEXT_CHOICES,Whole,Weight,TEXT_CHOICES,0.5 Kg,,,,,,,,,,,,,,,,,,,,,,,,,,,,,,,,,,,,,,,,,,,,,,,,,,,,,,,,,,,
Product_1a662267-63a7-4b6b-8c75-78187c85379e,MEDIA,,,,,,ebf235_cdd977e85a0643e0941de10b01327735~mv2.jpg,,,,,,,,,,,,,,,,,,,,,,,,,,,,,,,,,,,,,,,,,,,,,,,,,,,,,,,,,,,,,,,,,,,,,,,,,,,,,,,,,,,,,
Product_1a662267-63a7-4b6b-8c75-78187c85379e,MEDIA,,,,,,ebf235_f041b23783284e1385a4b51eeb627335~mv2.jpg,,,,,,,,,,,,,,,,,,,,,,,,,,,,,,,,,,,,,,,,,,,,,,,,,,,,,,,,,,,,,,,,,,,,,,,,,,,,,,,,,,,,,
Product_f635550b-e682-4a96-9ba5-b7fae8a001bd,PRODUCT,Indian Salmon / காலா மீன்,true,"<h2><span style=""font-weight: 700"">Premium Indian Salmon (Rawas / Kaala Meen)</span></h2><p>Often called the ""King of Indian Seafood,"" Indian Salmon is one of the most prestigious and sought-after fish in the country.&nbsp;Sourced fresh from the coastal waters of the Arabian Sea and the Bay of Bengal,&nbsp;our Rawas is prized for its firm,&nbsp;pinkish-white flesh and mild,&nbsp;sophisticated flavor that appeals to everyone from kids to gourmet chefs.</p><h3><span style=""font-weight: 700"">Product Overview</span></h3><ul><li><p><span style=""font-weight: 700"">Net Weight:</span>&nbsp;500g</p></li><li><p><span style=""font-weight: 700"">Serving Size:</span>&nbsp;Ideal for <span style=""font-weight: 700"">2 to 3 people</span>.</p></li><li><p><span style=""font-weight: 700"">Preparation:</span>&nbsp;Expertly cleaned,&nbsp;descaled,&nbsp;and de-gutted.&nbsp;Available as <span style=""font-weight: 700"">Steaks (Curry/Fry Cuts)</span>&nbsp;or <span style=""font-weight: 700"">Boneless Fillets</span>.</p></li><li><p><span style=""font-weight: 700"">Texture:</span>&nbsp;Firm,&nbsp;succulent,&nbsp;and moderately oily with a smooth,&nbsp;meaty flake.</p></li></ul><h3><span style=""font-weight: 700"">Nutritional Profile (Per 100g)</span></h3><p>Indian Salmon is a powerhouse of nutrition,&nbsp;famous for its high content of essential fatty acids.</p><table><tr><td><p><span style=""font-weight: 700"">Nutrient</span></p></td><td><p><span style=""font-weight: 700"">Amount</span></p></td></tr><tr><td><p><span style=""font-weight: 700"">Calories</span></p></td><td><p>130 - 145 kcal</p></td></tr><tr><td><p><span style=""font-weight: 700"">Protein</span></p></td><td><p>22g - 24g</p></td></tr><tr><td><p><span style=""font-weight: 700"">Total Fat</span></p></td><td><p>4g - 6g (Rich in Omega-3)</p></td></tr><tr><td><p><span style=""font-weight: 700"">Potassium</span></p></td><td><p>360 mg</p></td></tr><tr><td><p><span style=""font-weight: 700"">Vitamin A &amp; D</span></p></td><td><p>High</p></td></tr><tr><td><p><span style=""font-weight: 700"">Calcium</span></p></td><td><p>Moderate</p></td></tr></table><h3><span style=""font-weight: 700"">Key Benefits</span></h3><ul><li><p><span style=""font-weight: 700"">Brain &amp; Heart Health:</span>&nbsp;One of the best local sources of Omega-3 fatty acids,&nbsp;which lower cholesterol and improve cognitive function.</p></li><li><p><span style=""font-weight: 700"">Superior Protein:</span>&nbsp;Provides all essential amino acids required for muscle repair and high energy levels throughout the day.</p></li><li><p><span style=""font-weight: 700"">Skin &amp; Bone Support:</span>&nbsp;Naturally high in Vitamin D and Calcium,&nbsp;promoting stronger bones and healthy,&nbsp;hydrated skin.</p></li><li><p><span style=""font-weight: 700"">Versatile Cooking:</span>&nbsp;Its firm texture ensures the fish doesn't break easily,&nbsp;making it perfect for grilling,&nbsp;pan-frying,&nbsp;or traditional heavy-gravy curries.</p></li></ul><blockquote><p><span style=""font-weight: 700"">Chef's Tip:</span>&nbsp;Indian Salmon absorbs flavors beautifully. For a classic experience, marinate with <span style=""font-weight: 700"">ginger-garlic paste, turmeric, and a splash of lime</span>, then pan-sear in coconut oil until the edges are golden-brown!</p></blockquote>",fishes,fishes,,,New,,,,,,,,,,,,,,,,Size,TEXT_CHOICES,Medium;Large,Cutting style:,TEXT_CHOICES,Slices;Fillet,Weight,TEXT_CHOICES,0.5 Kg;1 Kg,,,,,,,,,,,,,,,,,,,,,,,,,,,,,,,,,,,,,,,,,,,,,,,,,,,,,,,,,,,
Product_f635550b-e682-4a96-9ba5-b7fae8a001bd,VARIANT,,true,,,,,,,,700,,,IN_STOCK,false,,,,,,,,,,Size,TEXT_CHOICES,Medium,Cutting style:,TEXT_CHOICES,Slices,Weight,TEXT_CHOICES,0.5 Kg,,,,,,,,,,,,,,,,,,,,,,,,,,,,,,,,,,,,,,,,,,,,,,,,,,,,,,,,,,,
Product_f635550b-e682-4a96-9ba5-b7fae8a001bd,VARIANT,,true,,,,,,,,1400,,,IN_STOCK,false,,,,,,,,,,Size,TEXT_CHOICES,Medium,Cutting style:,TEXT_CHOICES,Slices,Weight,TEXT_CHOICES,1 Kg,,,,,,,,,,,,,,,,,,,,,,,,,,,,,,,,,,,,,,,,,,,,,,,,,,,,,,,,,,,
Product_f635550b-e682-4a96-9ba5-b7fae8a001bd,VARIANT,,false,,,,,,,,700,,,IN_STOCK,false,,,,,,,,,,Size,TEXT_CHOICES,Medium,Cutting style:,TEXT_CHOICES,Fillet,Weight,TEXT_CHOICES,0.5 Kg,,,,,,,,,,,,,,,,,,,,,,,,,,,,,,,,,,,,,,,,,,,,,,,,,,,,,,,,,,,
Product_f635550b-e682-4a96-9ba5-b7fae8a001bd,VARIANT,,false,,,,,,,,1400,,,IN_STOCK,false,,,,,,,,,,Size,TEXT_CHOICES,Medium,Cutting style:,TEXT_CHOICES,Fillet,Weight,TEXT_CHOICES,1 Kg,,,,,,,,,,,,,,,,,,,,,,,,,,,,,,,,,,,,,,,,,,,,,,,,,,,,,,,,,,,
Product_f635550b-e682-4a96-9ba5-b7fae8a001bd,VARIANT,,true,,,,,,,,750,,,IN_STOCK,false,,,,,,,,,,Size,TEXT_CHOICES,Large,Cutting style:,TEXT_CHOICES,Slices,Weight,TEXT_CHOICES,0.5 Kg,,,,,,,,,,,,,,,,,,,,,,,,,,,,,,,,,,,,,,,,,,,,,,,,,,,,,,,,,,,
Product_f635550b-e682-4a96-9ba5-b7fae8a001bd,VARIANT,,true,,,,,,,,1500,,,IN_STOCK,false,,,,,,,,,,Size,TEXT_CHOICES,Large,Cutting style:,TEXT_CHOICES,Slices,Weight,TEXT_CHOICES,1 Kg,,,,,,,,,,,,,,,,,,,,,,,,,,,,,,,,,,,,,,,,,,,,,,,,,,,,,,,,,,,
Product_f635550b-e682-4a96-9ba5-b7fae8a001bd,VARIANT,,true,,,,,,,,750,,,IN_STOCK,false,,,,,,,,,,Size,TEXT_CHOICES,Large,Cutting style:,TEXT_CHOICES,Fillet,Weight,TEXT_CHOICES,0.5 Kg,,,,,,,,,,,,,,,,,,,,,,,,,,,,,,,,,,,,,,,,,,,,,,,,,,,,,,,,,,,
Product_f635550b-e682-4a96-9ba5-b7fae8a001bd,VARIANT,,true,,,,,,,,1500,,,IN_STOCK,false,,,,,,,,,,Size,TEXT_CHOICES,Large,Cutting style:,TEXT_CHOICES,Fillet,Weight,TEXT_CHOICES,1 Kg,,,,,,,,,,,,,,,,,,,,,,,,,,,,,,,,,,,,,,,,,,,,,,,,,,,,,,,,,,,
Product_f635550b-e682-4a96-9ba5-b7fae8a001bd,MEDIA,,,,,,180cb8_c73604389a1240e394f4ac5ec4df03e2~mv2.jpg,,,,,,,,,,,,,,,,,,,,,,,,,,,,,,,,,,,,,,,,,,,,,,,,,,,,,,,,,,,,,,,,,,,,,,,,,,,,,,,,,,,,,
Product_ac3c9036-40bc-4bde-9f9f-6db42065cbee,PRODUCT,"Tiger Prawn / Green Tiger Prawn - (𝗚𝗿𝗼𝘀𝘀: 𝟴𝟬𝟬𝗴, 𝗡𝗲𝘁: 𝟰𝟬𝟬𝗴)",true,"<h2><span style=""font-weight: 700"">Tiger Prawns </span>(Vari Era / Karuvaladi Era /Green Tiger Prawn / வரி இறால் )</h2><h3><span style=""font-weight: 700"">Product Overview</span></h3><ul><li><p><span style=""font-weight: 700"">Net Weight:</span>&nbsp;400g</p></li><li><p><span style=""font-weight: 700"">Gross Weight :</span>&nbsp;800g</p></li><li><p><span style=""font-weight: 700"">Protein: </span>18g – 20g</p></li><li><p><span style=""font-weight: 700"">Serving Size:</span>&nbsp;<span style=""font-weight: 700"">Big</span> - Cleaned &amp; Deveined (20-35 pcs) | <span style=""font-weight: 700"">Medium</span> - Cleaned &amp; Deveined (20-40 Pieces)</p></li><li><p><span style=""font-weight: 700"">Preparation:</span>&nbsp;Expertly <span style=""font-weight: 700"">de-veined and cleaned</span>&nbsp;while keeping the shell on or off (per your preference). Our cleaning process ensures they are ready to cook straight from the pack.</p></li><li><p><span style=""font-weight: 700"">Texture:</span>&nbsp;Exceptionally firm, meaty, and ""snappy"" when cooked.</p></li></ul><p>Known for their impressive size and striking tiger-like stripes, Tiger Prawns are the crown jewel of the crustacean world.&nbsp;Sourced from the pristine coastal backwaters, these prawns are a favorite for those who enjoy a firm, crunchy bite and a sweet, oceanic flavor.</p><h3><span style=""font-weight: 700"">Nutritional Profile (Per 100g)</span></h3><p>Tiger Prawns are a fantastic low-fat protein source, packed with essential minerals.</p><table><tr><td><p><span style=""font-weight: 700"">Nutrient</span></p></td><td><p><span style=""font-weight: 700"">Amount</span></p></td></tr><tr><td><p><span style=""font-weight: 700"">Calories</span></p></td><td><p>90 - 95 kcal</p></td></tr><tr><td><p><span style=""font-weight: 700"">Protein</span></p></td><td><p>20g - 22g</p></td></tr><tr><td><p><span style=""font-weight: 700"">Total Fat</span></p></td><td><p>1g - 1.5g</p></td></tr><tr><td><p><span style=""font-weight: 700"">Cholesterol</span></p></td><td><p>Moderate (Healthy HDL)</p></td></tr><tr><td><p><span style=""font-weight: 700"">Zinc &amp; Selenium</span></p></td><td><p>Very High</p></td></tr><tr><td><p><span style=""font-weight: 700"">Vitamin B12</span></p></td><td><p>High</p></td></tr></table><h3><span style=""font-weight: 700"">Key Benefits</span></h3><ul><li><p><span style=""font-weight: 700"">Immunity Booster:</span>&nbsp;Extremely rich in <span style=""font-weight: 700"">Zinc and Selenium</span>, which are vital for a strong immune system and thyroid health.</p></li><li><p><span style=""font-weight: 700"">Low Calorie:</span>&nbsp;One of the leanest protein sources available, making them perfect for weight-conscious diets.</p></li><li><p><span style=""font-weight: 700"">Astaxanthin Rich:</span>&nbsp;The reddish pigment developed when cooked is a powerful antioxidant that supports skin health and reduces inflammation.</p></li><li><p><span style=""font-weight: 700"">Quick &amp; Easy:</span>&nbsp;They cook in minutes, making them the ultimate ""fast food"" for a healthy weeknight dinner.</p></li></ul><blockquote><p><span style=""font-weight: 700"">Chef's Tip:</span>&nbsp;To prevent the prawns from becoming rubbery, cook them only until they turn opaque and form a 'C' shape. For a showstopper dish, try <span style=""font-weight: 700"">Garlic Butter Tiger Prawns</span>&nbsp;or a spicy <span style=""font-weight: 700"">Coastal Era Thokku</span>!</p></blockquote>",shell-foods;lean-low-calorie,shell-foods,,,,,,,,,,,,,,,,,,,Weight,TEXT_CHOICES,0.5 Kg,Size,TEXT_CHOICES,Medium;Large,Cutting style:,TEXT_CHOICES,With Head;Headless,,,,,,,,,,,,,,,,,,,,,,,,,,,,,,,,,,,,,,,,,,,,,,,,,,,,,,,,,,,
Product_ac3c9036-40bc-4bde-9f9f-6db42065cbee,VARIANT,,true,,,,,,,,700,949,,IN_STOCK,false,,,,,,,,,,Weight,TEXT_CHOICES,0.5 Kg,Size,TEXT_CHOICES,Medium,Cutting style:,TEXT_CHOICES,With Head,,,,,,,,,,,,,,,,,,,,,,,,,,,,,,,,,,,,,,,,,,,,,,,,,,,,,,,,,,,
Product_ac3c9036-40bc-4bde-9f9f-6db42065cbee,VARIANT,,true,,,,,,,,825,1099,,IN_STOCK,false,,,,,,,,,,Weight,TEXT_CHOICES,0.5 Kg,Size,TEXT_CHOICES,Medium,Cutting style:,TEXT_CHOICES,Headless,,,,,,,,,,,,,,,,,,,,,,,,,,,,,,,,,,,,,,,,,,,,,,,,,,,,,,,,,,,
Product_ac3c9036-40bc-4bde-9f9f-6db42065cbee,VARIANT,,true,,,,,,,,875,1099,,IN_STOCK,false,,,,,,,,,,Weight,TEXT_CHOICES,0.5 Kg,Size,TEXT_CHOICES,Large,Cutting style:,TEXT_CHOICES,With Head,,,,,,,,,,,,,,,,,,,,,,,,,,,,,,,,,,,,,,,,,,,,,,,,,,,,,,,,,,,
Product_ac3c9036-40bc-4bde-9f9f-6db42065cbee,VARIANT,,true,,,,,,,,975,1299,,IN_STOCK,false,,,,,,,,,,Weight,TEXT_CHOICES,0.5 Kg,Size,TEXT_CHOICES,Large,Cutting style:,TEXT_CHOICES,Headless,,,,,,,,,,,,,,,,,,,,,,,,,,,,,,,,,,,,,,,,,,,,,,,,,,,,,,,,,,,
Product_ac3c9036-40bc-4bde-9f9f-6db42065cbee,MEDIA,,,,,,ebf235_e16520e9fa8f4f3c9b74a64e85c4c55d~mv2.jpg,,,,,,,,,,,,,,,,,,,,,,,,,,,,,,,,,,,,,,,,,,,,,,,,,,,,,,,,,,,,,,,,,,,,,,,,,,,,,,,,,,,,,
Product_ac3c9036-40bc-4bde-9f9f-6db42065cbee,MEDIA,,,,,,ebf235_91c342e44d6446baae84a21b81eb69b0~mv2.jpg,,,,,,,,,,,,,,,,,,,,,,,,,,,,,,,,,,,,,,,,,,,,,,,,,,,,,,,,,,,,,,,,,,,,,,,,,,,,,,,,,,,,,
Product_ac3c9036-40bc-4bde-9f9f-6db42065cbee,MEDIA,,,,,,ebf235_c549505654c545dcacc6e93d06684fb8~mv2.jpg,,,,,,,,,,,,,,,,,,,,,,,,,,,,,,,,,,,,,,,,,,,,,,,,,,,,,,,,,,,,,,,,,,,,,,,,,,,,,,,,,,,,,
Product_8ce48b8a-1221-4d3b-8348-73f1cf8ac0dc,PRODUCT,"White Prawn  - (𝗚𝗿𝗼𝘀𝘀: 𝟴𝟬𝟬𝗴, 𝗡𝗲𝘁: 𝟰𝟬𝟬𝗴)",true,"<h2><span style=""font-weight: 700"">White Prawn</span>(Fresh Water Prawn / இறால் )</h2><h3><span style=""font-weight: 700"">White Prawn&nbsp;– Cleaned &amp; Deveined</span></h3><ul><li><p><span style=""font-weight: 700"">Net Weight:</span>&nbsp;400g</p></li><li><p><span style=""font-weight: 700"">Gross Weight:</span>&nbsp;800g</p></li><li><p><span style=""font-weight: 700"">Protein: </span>18g – 20g</p></li><li><p><span style=""font-weight: 700"">Pieces: Big</span>&nbsp;-&nbsp;Cleaned &amp; Deveined (20-35 pcs) | <span style=""font-weight: 700"">Medium</span>&nbsp;- Cleaned &amp; Deveined (20-40 Pieces)</p></li><li><p><span style=""font-weight: 700"">Preparation:</span>&nbsp;Sourced fresh and expertly <span style=""font-weight: 700"">de-veined and cleaned</span>.&nbsp;They have a translucent,&nbsp;pale pinkish-white body that turns a beautiful bright pink when cooked.</p></li><li><p><span style=""font-weight: 700"">Texture:</span>&nbsp;Tender,&nbsp;succulent,&nbsp;and slightly softer than Tiger Prawns.</p></li></ul><p>Known for their subtle sweetness and soft,&nbsp;delicate texture,&nbsp;Fresh Water Prawns are a staple in coastal households.&nbsp;Unlike the larger Tiger Prawns,&nbsp;these are prized for their thinner shells and their ability to absorb the rich flavors of spices and coconut milk,&nbsp;making them the perfect choice for traditional curries.</p><h3><span style=""font-weight: 700"">Nutritional Profile (Per 100g)</span></h3><p>Fresh Water Prawns are an excellent source of lean protein and essential micronutrients.</p><table><tr><td><p><span style=""font-weight: 700"">Nutrient</span></p></td><td><p><span style=""font-weight: 700"">Amount</span></p></td></tr><tr><td><p><span style=""font-weight: 700"">Calories</span></p></td><td><p>85 - 90 kcal</p></td></tr><tr><td><p><span style=""font-weight: 700"">Protein</span></p></td><td><p>18g - 20g</p></td></tr><tr><td><p><span style=""font-weight: 700"">Total Fat</span></p></td><td><p>&lt; 1g</p></td></tr><tr><td><p><span style=""font-weight: 700"">Phosphorus</span></p></td><td><p>High</p></td></tr><tr><td><p><span style=""font-weight: 700"">Omega-3 Fatty Acids</span></p></td><td><p>Good Source</p></td></tr><tr><td><p><span style=""font-weight: 700"">Iodine</span></p></td><td><p>Rich</p></td></tr></table><h3><span style=""font-weight: 700"">Key Benefits</span></h3><ul><li><p><span style=""font-weight: 700"">Thyroid &amp; Metabolism Support:</span>&nbsp;High in <span style=""font-weight: 700"">Iodine</span>,&nbsp;which is essential for healthy thyroid function and regulating your body’s metabolism.</p></li><li><p><span style=""font-weight: 700"">Bone Health:</span>&nbsp;Packed with <span style=""font-weight: 700"">Phosphorus and Magnesium</span>,&nbsp;minerals that work alongside calcium to keep your bones and teeth strong.</p></li><li><p><span style=""font-weight: 700"">Heart Friendly:</span>&nbsp;Extremely low in saturated fats and a good source of healthy cholesterol-regulating fats.</p></li><li><p><span style=""font-weight: 700"">Quick Marination:</span>&nbsp;Because of their delicate flesh,&nbsp;they marinate much faster than larger varieties,&nbsp;making them perfect for quick meals.</p></li></ul><blockquote><p><span style=""font-weight: 700"">Chef's Tip:</span>&nbsp;Fresh Water Prawns are the best variety for <span style=""font-weight: 700"">Prawn Moilee</span>&nbsp;or <span style=""font-weight: 700"">Malabar Prawn Curry</span>. Because they are so tender, they only need 2–3 minutes of cooking time. Overcooking them can take away their signature sweetness!</p></blockquote>",shell-foods,shell-foods,,,,,,,,,,,,,,,,,,,Size,TEXT_CHOICES,Small;Large,Cutting style:,TEXT_CHOICES,With Head;Headless,Weight,TEXT_CHOICES,0.5 Kg,,,,,,,,,,,,,,,,,,,,,,,,,,,,,,,,,,,,,,,,,,,,,,,,,,,,,,,,,,,
Product_8ce48b8a-1221-4d3b-8348-73f1cf8ac0dc,VARIANT,,true,,,,,,,,425,699,,IN_STOCK,false,,,,,,,,,,Size,TEXT_CHOICES,Small,Cutting style:,TEXT_CHOICES,With Head,Weight,TEXT_CHOICES,0.5 Kg,,,,,,,,,,,,,,,,,,,,,,,,,,,,,,,,,,,,,,,,,,,,,,,,,,,,,,,,,,,
Product_8ce48b8a-1221-4d3b-8348-73f1cf8ac0dc,VARIANT,,true,,,,,,,,575,799,,IN_STOCK,false,,,,,,,,,,Size,TEXT_CHOICES,Small,Cutting style:,TEXT_CHOICES,Headless,Weight,TEXT_CHOICES,0.5 Kg,,,,,,,,,,,,,,,,,,,,,,,,,,,,,,,,,,,,,,,,,,,,,,,,,,,,,,,,,,,
Product_8ce48b8a-1221-4d3b-8348-73f1cf8ac0dc,VARIANT,,true,,,,,,,,525,799,,IN_STOCK,false,,,,,,,,,,Size,TEXT_CHOICES,Large,Cutting style:,TEXT_CHOICES,With Head,Weight,TEXT_CHOICES,0.5 Kg,,,,,,,,,,,,,,,,,,,,,,,,,,,,,,,,,,,,,,,,,,,,,,,,,,,,,,,,,,,
Product_8ce48b8a-1221-4d3b-8348-73f1cf8ac0dc,VARIANT,,true,,,,,,,,625,899,,IN_STOCK,false,,,,,,,,,,Size,TEXT_CHOICES,Large,Cutting style:,TEXT_CHOICES,Headless,Weight,TEXT_CHOICES,0.5 Kg,,,,,,,,,,,,,,,,,,,,,,,,,,,,,,,,,,,,,,,,,,,,,,,,,,,,,,,,,,,
Product_8ce48b8a-1221-4d3b-8348-73f1cf8ac0dc,MEDIA,,,,,,ebf235_cf1cb7c141634ab7bedb8f50ff2e5f18~mv2.jpg,,,,,,,,,,,,,,,,,,,,,,,,,,,,,,,,,,,,,,,,,,,,,,,,,,,,,,,,,,,,,,,,,,,,,,,,,,,,,,,,,,,,,
Product_8ce48b8a-1221-4d3b-8348-73f1cf8ac0dc,MEDIA,,,,,,ebf235_01ca951af2d74235b04c38d77b24e08e~mv2.jpg,,,,,,,,,,,,,,,,,,,,,,,,,,,,,,,,,,,,,,,,,,,,,,,,,,,,,,,,,,,,,,,,,,,,,,,,,,,,,,,,,,,,,
Product_8ce48b8a-1221-4d3b-8348-73f1cf8ac0dc,MEDIA,,,,,,ebf235_38e750a6f9ed490098216ace6381ba92~mv2.jpg,,,,,,,,,,,,,,,,,,,,,,,,,,,,,,,,,,,,,,,,,,,,,,,,,,,,,,,,,,,,,,,,,,,,,,,,,,,,,,,,,,,,,
Product_608e1541-357c-45ad-9ef6-bc95e2e7502d,PRODUCT,"Sheela / Cheela / சீலா -  (𝗚𝗿𝗼𝘀𝘀: 𝟳𝟱𝟬𝗴, 𝗡𝗲𝘁: 𝟱𝟬𝟬𝗴)",true,"<h2><span style=""font-weight: 700"">Sheela </span>(Barracuda / Cheela / சீலா / Ooli)</h2><h3><span style=""font-weight: 700"">Product Overview</span></h3><ul><li><p><span style=""font-weight: 700"">Net Weight:</span>&nbsp;500g</p></li><li><p><span style=""font-weight: 700"">Gross Weight:</span>&nbsp;750g</p></li><li><p><span style=""font-weight: 700"">Protein: </span>20g – 22g</p></li><li><p><span style=""font-weight: 700"">Serving Size: </span>Slices (N: 500g, G: 750) (8-15 pcs)</p></li><li><p><span style=""font-weight: 700"">Preparation:</span>&nbsp;Freshly sourced, expertly cleaned, and ready to cook. </p></li><li><p><span style=""font-weight: 700"">Texture:</span>&nbsp;Firm, thick, and meaty with a mildly rich, savory flavor.</p></li></ul><h3><span style=""font-weight: 700"">Nutritional Profile (Per 100g)</span></h3><p>Barracuda is a high-protein seafood choice with balanced healthy fats.</p><table><tr><td><p>Nutrient</p></td><td><p>Amount</p></td></tr><tr><td><p>Calories</p></td><td><p>120 – 140 kcal</p></td></tr><tr><td><p>Protein</p></td><td><p>20g – 22g</p></td></tr><tr><td><p>Total Fat</p></td><td><p>3g – 5g</p></td></tr><tr><td><p>Omega-3 Fatty Acids</p></td><td><p>Moderate</p></td></tr><tr><td><p>Potassium</p></td><td><p>360 mg</p></td></tr><tr><td><p>Vitamin B12</p></td><td><p>70% of Daily Value</p></td></tr></table><h3><span style=""font-weight: 700"">Key Benefits</span></h3><p><span style=""font-weight: 700"">High in Lean Protein: </span>Supports muscle growth, tissue repair, and overall strength.</p><p><span style=""font-weight: 700"">Heart-Supporting Fats: </span>Contains omega-3 fatty acids that help maintain cardiovascular health.</p><p><span style=""font-weight: 700"">Energy and Nerve Health: </span>Rich in Vitamin B12, which supports energy production and nervous system function.</p><p><span style=""font-weight: 700"">Mineral-Rich Nutrition: </span>Provides essential minerals like potassium that help regulate blood pressure and muscle function.</p><h3><span style=""font-weight: 700"">Chef’s Tip</span></h3><p>Sheela (Barracuda) steaks are perfect for a <span style=""font-weight: 700"">spicy masala fry</span>. Marinate with chili, turmeric, garlic, and lemon, then pan-fry until golden for a crispy, flavorful dish. It also works beautifully in a <span style=""font-weight: 700"">tamarind-based fish curry</span>.</p>",fishes;high-protien,fishes,,,,,,,,,,,,,,,,,,,Size,TEXT_CHOICES,Small;Medium;Large,Cutting style:,TEXT_CHOICES,Slices,Weight,TEXT_CHOICES,0.5 Kg,,,,,,,,,,,,,,,,,,,,,,,,,,,,,,,,,,,,,,,,,,,,,,,,,,,,,,,,,,,
Product_608e1541-357c-45ad-9ef6-bc95e2e7502d,VARIANT,,true,,,,,,,,450,699,,IN_STOCK,false,,,,,,,,,,Size,TEXT_CHOICES,Small,Cutting style:,TEXT_CHOICES,Slices,Weight,TEXT_CHOICES,0.5 Kg,,,,,,,,,,,,,,,,,,,,,,,,,,,,,,,,,,,,,,,,,,,,,,,,,,,,,,,,,,,
Product_608e1541-357c-45ad-9ef6-bc95e2e7502d,VARIANT,,true,,,,,,,,475,699,,IN_STOCK,false,,,,,,,,,,Size,TEXT_CHOICES,Medium,Cutting style:,TEXT_CHOICES,Slices,Weight,TEXT_CHOICES,0.5 Kg,,,,,,,,,,,,,,,,,,,,,,,,,,,,,,,,,,,,,,,,,,,,,,,,,,,,,,,,,,,
Product_608e1541-357c-45ad-9ef6-bc95e2e7502d,VARIANT,,true,,,,,,,,500,699,,IN_STOCK,false,,,,,,,,,,Size,TEXT_CHOICES,Large,Cutting style:,TEXT_CHOICES,Slices,Weight,TEXT_CHOICES,0.5 Kg,,,,,,,,,,,,,,,,,,,,,,,,,,,,,,,,,,,,,,,,,,,,,,,,,,,,,,,,,,,
Product_608e1541-357c-45ad-9ef6-bc95e2e7502d,MEDIA,,,,,,ebf235_0f6ca5cc68334e6eb9aa00980aa7abc7~mv2.jpg,,,,,,,,,,,,,,,,,,,,,,,,,,,,,,,,,,,,,,,,,,,,,,,,,,,,,,,,,,,,,,,,,,,,,,,,,,,,,,,,,,,,,
Product_608e1541-357c-45ad-9ef6-bc95e2e7502d,MEDIA,,,,,,ebf235_ce2abda17ade4d629506bf91915eb3df~mv2.jpg,,,,,,,,,,,,,,,,,,,,,,,,,,,,,,,,,,,,,,,,,,,,,,,,,,,,,,,,,,,,,,,,,,,,,,,,,,,,,,,,,,,,,
Product_298f49af-1c95-4fab-ab9e-e37b71cf05fe,PRODUCT,"Sardine / Mathi / Chala - (𝗚𝗿𝗼𝘀𝘀: 𝟴𝟬𝟬𝗴, 𝗡𝗲𝘁: 𝟱𝟬𝟬𝗴)",true,"<h2><span style=""font-weight: 700"">Premium Mathi </span>(Sardine / Kavala /  Chala / சாலா, கவலை மீன்)</h2><h3><span style=""font-weight: 700"">Product Overview</span></h3><ul><li><p><span style=""font-weight: 700"">Net Weight:</span>&nbsp;500g</p></li><li><p><span style=""font-weight: 700"">Gross Weight :</span>&nbsp;800g</p></li><li><p><span style=""font-weight: 700"">Protein: </span>18g – 20g</p></li><li><p><span style=""font-weight: 700"">Serving Size:</span>&nbsp;whole (12-20 Pieces), </p></li><li><p><span style=""font-weight: 700"">Preparation:</span>&nbsp;Freshly sourced, expertly cleaned, and ready to cook. Available as <span style=""font-weight: 700"">Whole Cleaned Fish</span>&nbsp;.</p></li><li><p><span style=""font-weight: 700"">Texture:</span>&nbsp;Soft, tender, and naturally oily with a bold, rich flavor.</p></li></ul><p>Small in size but rich in flavor and nutrition, Mathi (Sardine) is a coastal favorite known for its distinct taste and soft, oily texture. Freshly sourced from clean coastal waters, this affordable yet highly nutritious fish is a staple in South Indian households and is perfect for frying, curries, or traditional preparations.</p><h3><span style=""font-weight: 700"">Nutritional Profile (Per 100g)</span></h3><p>Mathi is one of the most nutrient-dense fish varieties, packed with heart-healthy fats and essential vitamins.</p><table><tr><td><p>Nutrient</p></td><td><p>Amount</p></td></tr><tr><td><p>Calories</p></td><td><p>120 – 150 kcal</p></td></tr><tr><td><p>Protein</p></td><td><p>18g – 20g</p></td></tr><tr><td><p>Total Fat</p></td><td><p>6g – 8g</p></td></tr><tr><td><p>Omega-3 Fatty Acids</p></td><td><p>High</p></td></tr><tr><td><p>Calcium</p></td><td><p>High</p></td></tr><tr><td><p>Vitamin D</p></td><td><p>High</p></td></tr></table><h3><span style=""font-weight: 700"">Key Benefits</span></h3><p><span style=""font-weight: 700"">Rich in Omega-3 Fatty Acids: </span>Supports heart health, reduces inflammation, and promotes brain function.</p><p><span style=""font-weight: 700"">Excellent Source of Calcium: </span>Strengthens bones and teeth, especially beneficial when consumed regularly.</p><p><span style=""font-weight: 700"">Boosts Immunity: </span>High in Vitamin D, which supports immune system function and bone health.</p><p><span style=""font-weight: 700"">Affordable Superfood: </span>Provides premium nutrition at an economical price.</p><h3><span style=""font-weight: 700"">Chef’s Tip</span></h3><p>Mathi tastes best when cooked fresh. Marinate with <span style=""font-weight: 700"">turmeric, chili powder, and salt</span>&nbsp;for a crispy pan fry, or prepare a <span style=""font-weight: 700"">spicy coastal-style sardine curry</span>&nbsp;with tamarind and coconut for an authentic South Indian flavor.</p>",fishes,,,,Sale,,,,,,,,,,,,,,,,Weight,TEXT_CHOICES,0.5 Kg;1 Kg,,,,,,,,,,,,,,,,,,,,,,,,,,,,,,,,,,,,,,,,,,,,,,,,,,,,,,,,,,,,,,,,,
Product_298f49af-1c95-4fab-ab9e-e37b71cf05fe,VARIANT,,true,,,,,,,,300,499,,IN_STOCK,false,,,,,,,,,,Weight,TEXT_CHOICES,0.5 Kg,,,,,,,,,,,,,,,,,,,,,,,,,,,,,,,,,,,,,,,,,,,,,,,,,,,,,,,,,,,,,,,,,
Product_298f49af-1c95-4fab-ab9e-e37b71cf05fe,VARIANT,,true,,,,,,,,600,899,,IN_STOCK,false,,,,,,,,,,Weight,TEXT_CHOICES,1 Kg,,,,,,,,,,,,,,,,,,,,,,,,,,,,,,,,,,,,,,,,,,,,,,,,,,,,,,,,,,,,,,,,,
Product_298f49af-1c95-4fab-ab9e-e37b71cf05fe,MEDIA,,,,,,ebf235_2957a5dca47942eca864f12d1133e78f~mv2.jpg,,,,,,,,,,,,,,,,,,,,,,,,,,,,,,,,,,,,,,,,,,,,,,,,,,,,,,,,,,,,,,,,,,,,,,,,,,,,,,,,,,,,,
Product_298f49af-1c95-4fab-ab9e-e37b71cf05fe,MEDIA,,,,,,ebf235_d7f2e1d7b41d47edac2c4f18e73b5d36~mv2.jpg,,,,,,,,,,,,,,,,,,,,,,,,,,,,,,,,,,,,,,,,,,,,,,,,,,,,,,,,,,,,,,,,,,,,,,,,,,,,,,,,,,,,,
Product_298f49af-1c95-4fab-ab9e-e37b71cf05fe,MEDIA,,,,,,ebf235_d821c7ab540b4fa695360ff0043ba0c8~mv2.jpg,,,,,,,,,,,,,,,,,,,,,,,,,,,,,,,,,,,,,,,,,,,,,,,,,,,,,,,,,,,,,,,,,,,,,,,,,,,,,,,,,,,,,
Product_298f49af-1c95-4fab-ab9e-e37b71cf05fe,MEDIA,,,,,,ebf235_82f7705d895a492ab76700dd3ecc34f0~mv2.jpg,,,,,,,,,,,,,,,,,,,,,,,,,,,,,,,,,,,,,,,,,,,,,,,,,,,,,,,,,,,,,,,,,,,,,,,,,,,,,,,,,,,,,
Product_1af07aa0-c016-4122-a5b0-206c2295c13d,PRODUCT,"Vellai Vaval / White Pomfret -𝗪𝗵𝗼𝗹𝗲(𝗚𝗿𝗼𝘀𝘀: 𝟰𝟱𝟬𝗴, 𝗡𝗲𝘁: 𝟮𝟱𝟬𝗴)",true,"<h2><span style=""font-weight: 700"">Premium White Pomfret</span>&nbsp;(Vellai Vaval / வெள்ளை வவ்வால்)</h2><h2><span style=""font-weight: 700"">Product Overview</span></h2><ul><li><p><span style=""font-weight: 700"">Net Weight:</span>&nbsp;225-350g</p></li><li><p><span style=""font-weight: 700"">Gross Weight:</span>&nbsp;450g</p></li><li><p><span style=""font-weight: 700"">Protein: </span>18g – 20g</p></li><li><p><span style=""font-weight: 700"">Serving Size:</span>&nbsp;Single fish (Whole Cleaned)</p></li><li><p><span style=""font-weight: 700"">Texture:</span>&nbsp;Tender, flaky, and exceptionally smooth with a mild, sweet savory finish.</p></li></ul><p>Highly prized for its delicate texture and subtly sweet flavor, <span style=""font-weight: 700"">White Pomfret (Vellai Vaval)</span>&nbsp;is considered the ""King of Fish"" in many coastal regions. Its buttery, white flesh and minimal bone structure make it a top-tier choice for gourmet seafood lovers. Freshly sourced and handled with care, our White Pomfret ensures a melt-in-the-mouth experience with every bite.</p><h3><span style=""font-weight: 700"">Nutritional Profile (Per 100g)</span></h3><p>White Pomfret is a nutrient-dense choice, offering lean protein and essential healthy fats.</p><table><tr><td><p><span style=""font-weight: 700"">Nutrient</span></p></td><td><p><span style=""font-weight: 700"">Amount</span></p></td></tr><tr><td><p><span style=""font-weight: 700"">Calories</span></p></td><td><p>90 – 110 kcal</p></td></tr><tr><td><p><span style=""font-weight: 700"">Protein</span></p></td><td><p>18g – 20g</p></td></tr><tr><td><p><span style=""font-weight: 700"">Total Fat</span></p></td><td><p>3g – 5g</p></td></tr><tr><td><p><span style=""font-weight: 700"">Omega-3 Fatty Acids</span></p></td><td><p>High</p></td></tr><tr><td><p><span style=""font-weight: 700"">Vitamin D &amp; B12</span></p></td><td><p>High</p></td></tr><tr><td><p><span style=""font-weight: 700"">Iodine &amp; Zinc</span></p></td><td><p>Moderate</p></td></tr></table><h3><span style=""font-weight: 700"">Key Benefits</span></h3><ul><li><p><span style=""font-weight: 700"">Heart Health:</span>&nbsp;Rich in Omega-3 fatty acids, which help maintain healthy cholesterol levels and support cardiovascular function.</p></li><li><p><span style=""font-weight: 700"">Brain &amp; Vision Support:</span>&nbsp;High levels of Vitamin D and essential fatty acids contribute to cognitive health and eye function.</p></li><li><p><span style=""font-weight: 700"">Lean Protein Source:</span>&nbsp;Excellent for muscle maintenance and weight management due to its low-calorie, high-protein nature.</p></li><li><p><span style=""font-weight: 700"">Easy to Digest:</span>&nbsp;The soft, fine texture makes it a perfect nutritious option for both children and elders.</p></li></ul><h3><span style=""font-weight: 700"">Chef’s Tip</span></h3><p>White Pomfret is best showcased when <span style=""font-weight: 700"">Pan-Fried</span>&nbsp;with a light dusting of turmeric and chili or <span style=""font-weight: 700"">Steamed</span>&nbsp;with ginger and soy sauce to preserve its natural sweetness. For a traditional touch, try it in a creamy coconut-based <span style=""font-weight: 700"">Vaval Meen Kuzhambu</span>.</p>",fishes;instant-buy,instant-buy,,,Sale,,575,799,,IN_STOCK,false,,,,,,,,,,,,,,,,,,,,,,,,,,,,,,,,,,,,,,,,,,,,,,,,,,,,,,,,,,,,,,,,,,,,,,,,,,,,,
Product_1af07aa0-c016-4122-a5b0-206c2295c13d,MEDIA,,,,,,ebf235_252a6f7e004342d49f01af2694f1b7e6~mv2.jpg,,,,,,,,,,,,,,,,,,,,,,,,,,,,,,,,,,,,,,,,,,,,,,,,,,,,,,,,,,,,,,,,,,,,,,,,,,,,,,,,,,,,,
Product_1af07aa0-c016-4122-a5b0-206c2295c13d,MEDIA,,,,,,ebf235_7b2c2935bf844b7e8d1cef8577792752~mv2.jpg,,,,,,,,,,,,,,,,,,,,,,,,,,,,,,,,,,,,,,,,,,,,,,,,,,,,,,,,,,,,,,,,,,,,,,,,,,,,,,,,,,,,,
Product_da2f700e-07ad-47ff-b7fc-d1c7d2dbf175,PRODUCT,"Koduva Fish / Barramundi - Cubes(𝗚𝗿𝗼𝘀𝘀: 𝟲𝟬𝟬𝗴, 𝗡𝗲𝘁: 𝟯𝟱𝟬𝗴)",true,"<h2><span style=""font-weight: 700"">Premium Koduva Fish </span>(Sea Bass / Barramundi / கொடுவா)</h2><h3><span style=""font-weight: 700"">Product Overview</span></h3><ul><li><p><span style=""font-weight: 700"">Net Weight:</span>&nbsp;300g</p></li><li><p><span style=""font-weight: 700"">Gross Weight :</span>&nbsp;750g</p></li><li><p><span style=""font-weight: 700"">Protein: </span>19g – 20g</p></li><li><p><span style=""font-weight: 700"">Serving Size:</span>&nbsp;Cubes (N: 350g, G: 600)</p></li><li><p><span style=""font-weight: 700"">Preparation:</span>&nbsp;Freshly caught,&nbsp;cleaned,&nbsp;and descaled.&nbsp;Usually served as whole fish with deep lateral ""fry cuts"" to allow spices to penetrate the firm flesh.</p></li><li><p><span style=""font-weight: 700"">Texture:</span>&nbsp;Firm and moist with large, tender flakes and a mild, sophisticated sweetness.</p></li></ul><p>Widely regarded as one of the most prestigious catches in coastal waters, <span style=""font-weight: 700"">Koduva (Sea Bass)</span>&nbsp;is famous for its large, pearly white flakes and clean, buttery flavor. It is a favorite in both high-end dining and traditional households due to its versatility and minimal pin-bones. Freshly sourced and expertly prepped, our Koduva delivers a succulent, meaty experience that satisfies both the palate and the soul.</p><h3><span style=""font-weight: 700"">Nutritional Profile (Per 100g)</span></h3><p>Koduva is an excellent source of lean protein and vital minerals, making it a powerhouse of nutrition.</p><table><tr><td><p><span style=""font-weight: 700"">Nutrient</span></p></td><td><p><span style=""font-weight: 700"">Amount</span></p></td></tr><tr><td><p><span style=""font-weight: 700"">Calories</span></p></td><td><p>95 – 125 kcal</p></td></tr><tr><td><p><span style=""font-weight: 700"">Protein</span></p></td><td><p>19g – 20g</p></td></tr><tr><td><p><span style=""font-weight: 700"">Total Fat</span></p></td><td><p>2g – 4.5g</p></td></tr><tr><td><p><span style=""font-weight: 700"">Omega-3 Fatty Acids</span></p></td><td><p>Very High</p></td></tr><tr><td><p><span style=""font-weight: 700"">Zinc</span></p></td><td><p>High</p></td></tr><tr><td><p><span style=""font-weight: 700"">Vitamin A</span></p></td><td><p>Moderate</p></td></tr></table><h3><span style=""font-weight: 700"">Key Benefits</span></h3><ul><li><p><span style=""font-weight: 700"">Rich in Heart-Healthy Fats:</span>&nbsp;Contains high concentrations of Omega-3 fatty acids, which are essential for reducing inflammation and supporting heart health.</p></li><li><p><span style=""font-weight: 700"">High Protein, Low Calorie:</span>&nbsp;One of the best options for muscle maintenance and weight management without excess calories.</p></li><li><p><span style=""font-weight: 700"">Immune System Boost:</span>&nbsp;Packed with Zinc and essential minerals that help strengthen the body’s natural defenses.</p></li><li><p><span style=""font-weight: 700"">Vision &amp; Skin Support:</span>&nbsp;Contains Vitamin A and healthy fats that contribute to better eyesight and vibrant skin health.</p></li></ul><h3><span style=""font-weight: 700"">Chef’s Tip</span></h3><p>Koduva is a ""forgiving"" fish that stays moist even under high heat. It is spectacular when <span style=""font-weight: 700"">Pan-Seared</span>&nbsp;with a butter-lemon-garlic glaze or cooked in a traditional <span style=""font-weight: 700"">Koduva Meen Kuzhambu</span>&nbsp;(spicy tamarind curry). For a special occasion, try steaming it with ginger and scallions to fully appreciate its natural, buttery sweetness.</p>",fishes;instant-buy,instant-buy,,,,,525,799,,IN_STOCK,false,,,,,,,,,,,,,,,,,,,,,,,,,,,,,,,,,,,,,,,,,,,,,,,,,,,,,,,,,,,,,,,,,,,,,,,,,,,,,
Product_da2f700e-07ad-47ff-b7fc-d1c7d2dbf175,MEDIA,,,,,,ebf235_8fe08b7d5cda4066892ff46fea8d100f~mv2.jpg,,,,,,,,,,,,,,,,,,,,,,,,,,,,,,,,,,,,,,,,,,,,,,,,,,,,,,,,,,,,,,,,,,,,,,,,,,,,,,,,,,,,,
Product_da2f700e-07ad-47ff-b7fc-d1c7d2dbf175,MEDIA,,,,,,ebf235_3cd4b711b05a430fb1122d3b78056864~mv2.jpg,,,,,,,,,,,,,,,,,,,,,,,,,,,,,,,,,,,,,,,,,,,,,,,,,,,,,,,,,,,,,,,,,,,,,,,,,,,,,,,,,,,,,
Product_02818a12-0286-4596-ab70-163a31753e1d,PRODUCT,"Naaku fish / Halibut - 𝗙𝗶𝗹𝗹𝗲𝘁(𝗚𝗿𝗼𝘀𝘀: 𝟴𝟱𝟬𝗴, 𝗡𝗲𝘁: 𝟯𝟱𝟬𝗴)  ",true,"<h2><span style=""font-weight: 700"">Premium Naaku Meen </span>(Sole Fish / Halibut / நாக்கு மீன் )</h2><h3><span style=""font-weight: 700"">Product Overview</span></h3><ul><li><p><span style=""font-weight: 700"">Net Weight:</span>&nbsp;350-400g</p></li><li><p><span style=""font-weight: 700"">Gross Weight:</span>&nbsp;850g</p></li><li><p><span style=""font-weight: 700"">Protein: </span>18g – 19g</p></li><li><p><span style=""font-weight: 700"">Serving Size:</span>&nbsp;Fillet Boneless(350 - 400g G: 850)</p></li><li><p><span style=""font-weight: 700"">Preparation:</span>&nbsp;Freshly sourced, skin expertly removed, and thoroughly cleaned. Available as Whole Cleaned (Skinless) or delicate Fillets.</p></li><li><p><span style=""font-weight: 700"">Texture:</span>&nbsp;Fine-grained, soft, and lean with a very mild, sweet flavor.</p></li></ul><p>Highly sought after for its delicate profile and unique shape, <span style=""font-weight: 700"">Naaku Meen</span>&nbsp;(also known as Sole or Tongue Fish) is a true delicacy for those who prefer refined textures. Known for its signature flat appearance, this fish offers lean, white meat that is remarkably tender and mild. Because it has very few bones and a subtle flavor, it is an excellent choice for children and gourmet seafood lovers alike.</p><h3><span style=""font-weight: 700"">Nutritional Profile (Per 100g)</span></h3><p>Naaku Meen is one of the lightest seafood options, making it perfect for weight-conscious and healthy eating.</p><table><tr><td><p><span style=""font-weight: 700"">Nutrient</span></p></td><td><p><span style=""font-weight: 700"">Amount</span></p></td></tr><tr><td><p><span style=""font-weight: 700"">Calories</span></p></td><td><p>80 – 95 kcal</p></td></tr><tr><td><p><span style=""font-weight: 700"">Protein</span></p></td><td><p>18g – 19g</p></td></tr><tr><td><p><span style=""font-weight: 700"">Total Fat</span></p></td><td><p>1.2g – 2.5g</p></td></tr><tr><td><p><span style=""font-weight: 700"">Omega-3 Fatty Acids</span></p></td><td><p>Moderate</p></td></tr><tr><td><p><span style=""font-weight: 700"">Iodine</span></p></td><td><p>High</p></td></tr><tr><td><p><span style=""font-weight: 700"">Selenium</span></p></td><td><p>Moderate</p></td></tr></table><h3><span style=""font-weight: 700"">Key Benefits</span></h3><ul><li><p><span style=""font-weight: 700"">Ultra-Lean Protein:</span>&nbsp;One of the lowest-calorie fish options, providing high-quality protein without the fat.</p></li><li><p><span style=""font-weight: 700"">Easy to Digest:</span>&nbsp;The soft, fine texture makes it very gentle on the stomach and a great choice for all ages.</p></li><li><p><span style=""font-weight: 700"">Supports Thyroid Health:</span>&nbsp;Naturally rich in Iodine, which is essential for maintaining a healthy metabolism and thyroid function.</p></li><li><p><span style=""font-weight: 700"">Low Mercury Content:</span>&nbsp;Generally considered a safer, low-mercury choice for regular consumption.</p></li></ul><h3><span style=""font-weight: 700"">Chef’s Tip</span></h3><p>Naaku Meen is best prepared with simple flavors so its delicate taste isn't overwhelmed. It is perfect for <span style=""font-weight: 700"">Butter-Garlic Pan Searing</span>&nbsp;or a <span style=""font-weight: 700"">Crispy Rava Fry</span>. In traditional kitchens, it is often used in a <span style=""font-weight: 700"">Light Ginger-Tamarind Gravy</span>. Be careful not to overcook—since it is very thin, it cooks incredibly fast, usually needing only a few minutes per side!</p>",fishes;boneless;lean-low-calorie;instant-buy,instant-buy,,,,,550,799,,IN_STOCK,false,,,,,,,,,,,,,,,,,,,,,,,,,,,,,,,,,,,,,,,,,,,,,,,,,,,,,,,,,,,,,,,,,,,,,,,,,,,,,
Product_02818a12-0286-4596-ab70-163a31753e1d,MEDIA,,,,,,ebf235_98a42167275e4097bb804152b90370fd~mv2.jpg,,,,,,,,,,,,,,,,,,,,,,,,,,,,,,,,,,,,,,,,,,,,,,,,,,,,,,,,,,,,,,,,,,,,,,,,,,,,,,,,,,,,,
Product_e2b803b5-428f-4534-b426-9c7a4d75ce5b,PRODUCT,"Sen Nagarai / Navara - 𝗪𝗵𝗼𝗹𝗲(𝗚𝗿𝗼𝘀𝘀: 𝟳𝟱𝟬𝗴, 𝗡𝗲𝘁: 𝟱𝟬𝟬𝗴)",true,"<h2><span style=""font-weight: 700"">Premium Sen Nagarai  </span>(Pink Perch / Red Mullet / செந்நகரை / Sen Navara)</h2><h3><span style=""font-weight: 700"">Product Overview</span></h3><ul><li><p><span style=""font-weight: 700"">Net Weight:</span>&nbsp;500g</p></li><li><p><span style=""font-weight: 700"">Gross Weight :</span>&nbsp;750g</p></li><li><p><span style=""font-weight: 700"">Protein: </span>18g – 19g</p></li><li><p><span style=""font-weight: 700"">Serving Size:</span>&nbsp;Whole - (4-8 pcs)  .</p></li><li><p><span style=""font-weight: 700"">Preparation:</span>&nbsp;Freshly sourced, descaled, and thoroughly cleaned. Available as Whole Cleaned or Curry Cut pieces.</p></li><li><p><span style=""font-weight: 700"">Texture:</span>&nbsp;Soft, light, and flaky with a clean, mild flavor profile.</p></li></ul><p>Widely loved for its vibrant appearance and mild, pleasant taste, <span style=""font-weight: 700"">Sen Nagarai</span>&nbsp;(also known as Pink Perch or Red Mullet) is a coastal favorite in South India. It is easily distinguished by its bright pinkish-red skin and its tender, white meat. Known for its delicate texture and subtle sweetness, it is a versatile fish that appeals to both children and adults. Freshly sourced and cleaned with care, our Sen Nagarai is ready to be the star of your next home-cooked meal.</p><h3><span style=""font-weight: 700"">Nutritional Profile (Per 100g)</span></h3><p>Sen Nagarai is a highly nutritious, low-fat protein source packed with essential minerals.</p><table><tr><td><p><span style=""font-weight: 700"">Nutrient</span></p></td><td><p><span style=""font-weight: 700"">Amount</span></p></td></tr><tr><td><p><span style=""font-weight: 700"">Calories</span></p></td><td><p>90 – 115 kcal</p></td></tr><tr><td><p><span style=""font-weight: 700"">Protein</span></p></td><td><p>18g – 21g</p></td></tr><tr><td><p><span style=""font-weight: 700"">Total Fat</span></p></td><td><p>1.5g – 3.5g</p></td></tr><tr><td><p><span style=""font-weight: 700"">Omega-3 Fatty Acids</span></p></td><td><p>Moderate</p></td></tr><tr><td><p><span style=""font-weight: 700"">Iron</span></p></td><td><p>High</p></td></tr><tr><td><p><span style=""font-weight: 700"">Phosphorus</span></p></td><td><p>Moderate</p></td></tr></table><h3><span style=""font-weight: 700"">Key Benefits</span></h3><ul><li><p><span style=""font-weight: 700"">Lean Muscle Support:</span>&nbsp;An excellent source of high-quality protein that is very low in saturated fats, ideal for muscle maintenance.</p></li><li><p><span style=""font-weight: 700"">Blood Health:</span>&nbsp;Naturally rich in Iron, which helps maintain healthy hemoglobin levels and prevents anemia.</p></li><li><p><span style=""font-weight: 700"">Bone &amp; Teeth Health:</span>&nbsp;Contains Phosphorus, an essential mineral that works with calcium to keep bones and teeth strong.</p></li><li><p><span style=""font-weight: 700"">Weight Management:</span>&nbsp;Its low calorie and fat content make it a perfect choice for those looking for a light, healthy seafood option.</p></li></ul><h3><span style=""font-weight: 700"">Chef’s Tip</span></h3><p>Sen Nagarai is famous for its use in <span style=""font-weight: 700"">Meen Varuval</span>&nbsp;(spicy fish fry). Its skin crisps up perfectly when pan-fried with a traditional chili and turmeric marinade. If you prefer gravy, it is best suited for a <span style=""font-weight: 700"">Thin, Tangy Coconut Curry</span>&nbsp;where its delicate flakes can absorb the aromatics without being overshadowed. Since it is a tender fish, add it to the curry in the final few minutes of cooking to ensure it stays intact!</p>",fishes;instant-buy,instant-buy,,,,,375,699,,IN_STOCK,false,,,,,,,,,,,,,,,,,,,,,,,,,,,,,,,,,,,,,,,,,,,,,,,,,,,,,,,,,,,,,,,,,,,,,,,,,,,,,
Product_e2b803b5-428f-4534-b426-9c7a4d75ce5b,MEDIA,,,,,,ebf235_c6b0fd2df94740a887838e93638399aa~mv2.jpg,,,,,,,,,,,,,,,,,,,,,,,,,,,,,,,,,,,,,,,,,,,,,,,,,,,,,,,,,,,,,,,,,,,,,,,,,,,,,,,,,,,,,
Product_e2b803b5-428f-4534-b426-9c7a4d75ce5b,MEDIA,,,,,,ebf235_5a9f322f01a0405e8ac915745caec93c~mv2.jpg,,,,,,,,,,,,,,,,,,,,,,,,,,,,,,,,,,,,,,,,,,,,,,,,,,,,,,,,,,,,,,,,,,,,,,,,,,,,,,,,,,,,,
Product_53045218-73a1-4e1b-a2c6-6de2d6a359ae,PRODUCT,"Sura fish / Milk Shark - (𝗚𝗿𝗼𝘀𝘀: 𝟳𝟱𝟬𝗴, 𝗡𝗲𝘁: 𝟱𝟬𝟬𝗴)",true,"<h2><span style=""font-weight: 700"">Premium Sura Fish (Milk Shark / </span>பால் சுறா மீன்<span style=""font-weight: 700"">)</span></h2><h3><span style=""font-weight: 700"">Product Overview</span></h3><ul><li><p><span style=""font-weight: 700"">Net Weight:</span>&nbsp;500g</p></li><li><p><span style=""font-weight: 700"">Gross Weight :</span>&nbsp;750g</p></li><li><p><span style=""font-weight: 700"">Protein: </span>20g – 22g</p></li><li><p><span style=""font-weight: 700"">Serving Size:</span>&nbsp;Slices (5-10 Pieces)</p></li><li><p><span style=""font-weight: 700"">Preparation:</span>&nbsp;Freshly sourced, skin removed, thoroughly cleaned, and ready to cook. Available as Boneless Cubes or Thick Cut Pieces.</p></li><li><p><span style=""font-weight: 700"">Texture:</span>&nbsp;Firm, dense, and meaty with a mildly strong, savory flavor.</p></li></ul><p>Bold in flavor and firm in texture, <span style=""font-weight: 700"">Sura fish (Shark)</span>&nbsp;is a traditional coastal favorite known for its dense, meaty flesh. Popular in South Indian cuisine, it is especially valued for dishes like Sura Puttu and spicy masala preparations. Freshly sourced and carefully cleaned, our Sura fish delivers authentic taste and premium quality.</p><h3><span style=""font-weight: 700"">Nutritional Profile (Per 100g)</span></h3><p>Sura fish is protein-rich and provides essential nutrients that support overall health.</p><table><tr><td><p><span style=""font-weight: 700"">Nutrient</span></p></td><td><p><span style=""font-weight: 700"">Amount</span></p></td></tr><tr><td><p><span style=""font-weight: 700"">Calories</span></p></td><td><p>130 – 160 kcal</p></td></tr><tr><td><p><span style=""font-weight: 700"">Protein</span></p></td><td><p>20g – 22g</p></td></tr><tr><td><p><span style=""font-weight: 700"">Total Fat</span></p></td><td><p>5g – 7g</p></td></tr><tr><td><p><span style=""font-weight: 700"">Omega-3 Fatty Acids</span></p></td><td><p>Moderate</p></td></tr><tr><td><p><span style=""font-weight: 700"">Vitamin B12</span></p></td><td><p>High</p></td></tr><tr><td><p><span style=""font-weight: 700"">Selenium</span></p></td><td><p>High</p></td></tr></table><h3><span style=""font-weight: 700"">Key Benefits</span></h3><ul><li><p><span style=""font-weight: 700"">High-Quality Protein:</span>&nbsp;Supports muscle repair, growth, and overall strength.</p></li><li><p><span style=""font-weight: 700"">Energy &amp; Nerve Support:</span>&nbsp;Rich in Vitamin B12, essential for red blood cell production and nervous system health.</p></li><li><p><span style=""font-weight: 700"">Metabolic &amp; Immune Support:</span>&nbsp;Contains selenium, which helps protect cells from oxidative stress.</p></li><li><p><span style=""font-weight: 700"">Filling &amp; Satisfying:</span>&nbsp;Dense, meaty texture makes it a hearty seafood option that keeps you full longer.</p></li></ul><h3><span style=""font-weight: 700"">Chef’s Tip</span></h3><p>Sura is best enjoyed in a traditional <span style=""font-weight: 700"">Sura Puttu</span>&nbsp;(shredded shark stir-fry with spices, green chilies, and fresh coconut) or cooked in a <span style=""font-weight: 700"">Spicy South Indian Masala Gravy</span>. Slow cooking or steaming before shredding enhances its flavor and ensures a tender, melt-in-the-mouth texture.</p>",lean-low-calorie;fishes,fishes,,,,,500,799,,IN_STOCK,false,,,,,,,,,,,,,,,,,,,,,,,,,,,,,,,,,,,,,,,,,,,,,,,,,,,,,,,,,,,,,,,,,,,,,,,,,,,,,
Product_53045218-73a1-4e1b-a2c6-6de2d6a359ae,MEDIA,,,,,,ebf235_58eb391c37bf4844a9f4ce523958a220~mv2.jpg,,,,,,,,,,,,,,,,,,,,,,,,,,,,,,,,,,,,,,,,,,,,,,,,,,,,,,,,,,,,,,,,,,,,,,,,,,,,,,,,,,,,,
Product_53045218-73a1-4e1b-a2c6-6de2d6a359ae,MEDIA,,,,,,ebf235_546b4cb4bd564e8eac471a21f8b914b2~mv2.jpg,,,,,,,,,,,,,,,,,,,,,,,,,,,,,,,,,,,,,,,,,,,,,,,,,,,,,,,,,,,,,,,,,,,,,,,,,,,,,,,,,,,,,
Product_bf13187b-971f-484d-8f8a-60fc417db64c,PRODUCT,"Kendal / Rozy Snapper - (𝗚𝗿𝗼𝘀𝘀: 𝟭𝟬𝟬𝟬𝗴, 𝗡𝗲𝘁: 𝟳𝟱𝟬𝗴)",true,"<h2><span style=""font-weight: 700"">Premium Kendal Fish </span>(Rozy Snapper / கெண்டல் மீன்)</h2><h3><span style=""font-weight: 700"">Product Overview</span></h3><ul><li><p><span style=""font-weight: 700"">Net Weight:</span>&nbsp;750g</p></li><li><p><span style=""font-weight: 700"">Gross Weight :</span>&nbsp;1000g</p></li><li><p><span style=""font-weight: 700"">Protein: </span>22g – 25g</p></li><li><p><span style=""font-weight: 700"">Serving Size: Fillet Boneless</span>&nbsp;(<u>N: 500 - 600g</u> , G: 1000), &nbsp;<span style=""font-weight: 700"">Slices</span> (<u>N: 750g</u>, G: 1000g) 7-15 Pieces,  <span style=""font-weight: 700"">Cubes</span> (<u>N: 750g</u>, G: 1000g)10-16 Pieces, </p></li><li><p><span style=""font-weight: 700"">Preparation:</span>&nbsp;Freshly sourced, descaled, thoroughly cleaned, and ready to cook. Available as Whole Cleaned or Neat Curry Cut pieces.</p></li><li><p><span style=""font-weight: 700"">Texture:</span>&nbsp;Lean, moist, and tender with a mild, sweet flavor profile.</p></li></ul><p>Delicate yet distinct, <span style=""font-weight: 700"">Kendal fish (Rozy Snapper)</span>&nbsp;is a prized catch known for its tender, flaky texture and naturally sweet undertones. A staple in coastal kitchens, it is highly versatile and absorbs spices beautifully, making it perfect for both traditional pan-frys and aromatic coconut-based curries. Freshly sourced and expertly handled, our Kendal fish ensures a gourmet seafood experience with every bite.</p><h3><span style=""font-weight: 700"">Nutritional Profile (Per 100g)</span></h3><p>Kendal fish is a lean source of protein, offering a clean nutritional profile ideal for a balanced diet.</p><table><tr><td><p><span style=""font-weight: 700"">Nutrient</span></p></td><td><p><span style=""font-weight: 700"">Amount</span></p></td></tr><tr><td><p><span style=""font-weight: 700"">Calories</span></p></td><td><p>100 – 120 kcal</p></td></tr><tr><td><p><span style=""font-weight: 700"">Protein</span></p></td><td><p>22g – 25g</p></td></tr><tr><td><p><span style=""font-weight: 700"">Total Fat</span></p></td><td><p>1.5g – 3g</p></td></tr><tr><td><p><span style=""font-weight: 700"">Omega-3 Fatty Acids</span></p></td><td><p>High</p></td></tr><tr><td><p><span style=""font-weight: 700"">Vitamin D</span></p></td><td><p>Moderate</p></td></tr><tr><td><p><span style=""font-weight: 700"">Potassium</span></p></td><td><p>High</p></td></tr></table><h3><span style=""font-weight: 700"">Key Benefits</span></h3><ul><li><p><span style=""font-weight: 700"">Lean Muscle Support:</span>&nbsp;Packed with high-quality protein while remaining low in saturated fats.</p></li><li><p><span style=""font-weight: 700"">Heart Health:</span>&nbsp;Rich in Omega-3 fatty acids, which help maintain healthy cholesterol levels and support cardiovascular function.</p></li><li><p><span style=""font-weight: 700"">Bone &amp; Skin Health:</span>&nbsp;Provides essential minerals and Vitamin D that contribute to bone strength and glowing skin.</p></li><li><p><span style=""font-weight: 700"">Light &amp; Easy to Digest:</span>&nbsp;Its low-fat content makes it a nutritious, guilt-free meal option that doesn't feel heavy.</p></li></ul><h3><span style=""font-weight: 700"">Chef’s Tip</span></h3><p>Kendal fish is best prepared as a <span style=""font-weight: 700"">Meen Varuval</span>&nbsp;(crispy spice-rubbed fry) or simmered in a <span style=""font-weight: 700"">Tangy Tamarind Gravy</span>. Because the flesh is more delicate than shark, avoid overcooking—sear it quickly over medium heat to lock in its natural juices and sweetness.</p>",fishes,fishes,,,,,,,,,,,,,,,,,,,Cutting style:,TEXT_CHOICES,Slices;Cubes;Fillet Boneless,Weight,TEXT_CHOICES,750g,,,,,,,,,,,,,,,,,,,,,,,,,,,,,,,,,,,,,,,,,,,,,,,,,,,,,,,,,,,,,,
Product_bf13187b-971f-484d-8f8a-60fc417db64c,VARIANT,,true,,,,,,,,750,999,,IN_STOCK,false,,,,,,,,,,Cutting style:,TEXT_CHOICES,Slices,Weight,TEXT_CHOICES,750g,,,,,,,,,,,,,,,,,,,,,,,,,,,,,,,,,,,,,,,,,,,,,,,,,,,,,,,,,,,,,,
Product_bf13187b-971f-484d-8f8a-60fc417db64c,VARIANT,,true,,,,,,,,750,999,,IN_STOCK,false,,,,,,,,,,Cutting style:,TEXT_CHOICES,Cubes,Weight,TEXT_CHOICES,750g,,,,,,,,,,,,,,,,,,,,,,,,,,,,,,,,,,,,,,,,,,,,,,,,,,,,,,,,,,,,,,
Product_bf13187b-971f-484d-8f8a-60fc417db64c,VARIANT,,true,,,,,,,,750,999,,IN_STOCK,false,,,,,,,,,,Cutting style:,TEXT_CHOICES,Fillet Boneless,Weight,TEXT_CHOICES,750g,,,,,,,,,,,,,,,,,,,,,,,,,,,,,,,,,,,,,,,,,,,,,,,,,,,,,,,,,,,,,,
Product_bf13187b-971f-484d-8f8a-60fc417db64c,MEDIA,,,,,,ebf235_61c6020f355b48178355f099e3c5ae42~mv2.jpg,,,,,,,,,,,,,,,,,,,,,,,,,,,,,,,,,,,,,,,,,,,,,,,,,,,,,,,,,,,,,,,,,,,,,,,,,,,,,,,,,,,,,
Product_bf13187b-971f-484d-8f8a-60fc417db64c,MEDIA,,,,,,ebf235_883c041c189d45caa060c12f55c271f3~mv2.jpg,,,,,,,,,,,,,,,,,,,,,,,,,,,,,,,,,,,,,,,,,,,,,,,,,,,,,,,,,,,,,,,,,,,,,,,,,,,,,,,,,,,,,
Product_bf13187b-971f-484d-8f8a-60fc417db64c,MEDIA,,,,,,ebf235_8dc8781d66674b6bb44697624f72fa4e~mv2.jpg,,,,,,,,,,,,,,,,,,,,,,,,,,,,,,,,,,,,,,,,,,,,,,,,,,,,,,,,,,,,,,,,,,,,,,,,,,,,,,,,,,,,,
Product_495e59f5-6fac-44f5-b77c-d13eea715c06,PRODUCT,"Vellai Vaval / White Pomfret - (𝗚𝗿𝗼𝘀𝘀: 𝟳𝟱𝟬𝗴, 𝗡𝗲𝘁: 𝟱𝟬𝟬𝗴)",true,"<h2><span style=""font-weight: 700"">Premium White Pomfret</span> (Vellai Vaval / வெள்ளை வவ்வால்)</h2><h3><span style=""font-weight: 700"">Product Overview</span></h3><ul><li><p><span style=""font-weight: 700"">Net Weight :</span>&nbsp;500g</p></li><li><p><span style=""font-weight: 700"">Gross Weight :</span>&nbsp;750g</p></li><li><p><span style=""font-weight: 700"">Protein: </span>18g – 20g</p></li><li><p><span style=""font-weight: 700"">Pieces:</span>&nbsp;Approximately 7 – 12 slices</p></li><li><p><span style=""font-weight: 700"">Preparation:</span>&nbsp;Freshly caught and thoroughly cleaned. </p></li><li><p><span style=""font-weight: 700"">Texture:</span>&nbsp;Soft, buttery, and tender</p></li></ul><p>Highly prized for its delicate texture and subtly sweet flavor, <span style=""font-weight: 700"">White Pomfret (Vellai Vaval)</span>&nbsp;is considered the ""King of Fish"" in many coastal regions. Its buttery, white flesh and minimal bone structure make it a top-tier choice for gourmet seafood lovers. Freshly sourced and handled with care, our White Pomfret ensures a melt-in-the-mouth experience with every bite.</p><h3><span style=""font-weight: 700"">Nutritional Profile (Per 100g)</span></h3><p>White Pomfret is a nutrient-dense choice, offering lean protein and essential healthy fats.</p><table><tr><td><p><span style=""font-weight: 700"">Nutrient</span></p></td><td><p><span style=""font-weight: 700"">Amount</span></p></td></tr><tr><td><p><span style=""font-weight: 700"">Calories</span></p></td><td><p>90 – 110 kcal</p></td></tr><tr><td><p><span style=""font-weight: 700"">Protein</span></p></td><td><p>18g – 20g</p></td></tr><tr><td><p><span style=""font-weight: 700"">Total Fat</span></p></td><td><p>3g – 5g</p></td></tr><tr><td><p><span style=""font-weight: 700"">Omega-3 Fatty Acids</span></p></td><td><p>High</p></td></tr><tr><td><p><span style=""font-weight: 700"">Vitamin D &amp; B12</span></p></td><td><p>High</p></td></tr><tr><td><p><span style=""font-weight: 700"">Iodine &amp; Zinc</span></p></td><td><p>Moderate</p></td></tr></table><h3><span style=""font-weight: 700"">Key Benefits</span></h3><ul><li><p><span style=""font-weight: 700"">Heart Health:</span>&nbsp;Rich in Omega-3 fatty acids, which help maintain healthy cholesterol levels and support cardiovascular function.</p></li><li><p><span style=""font-weight: 700"">Brain &amp; Vision Support:</span>&nbsp;High levels of Vitamin D and essential fatty acids contribute to cognitive health and eye function.</p></li><li><p><span style=""font-weight: 700"">Lean Protein Source:</span>&nbsp;Excellent for muscle maintenance and weight management due to its low-calorie, high-protein nature.</p></li><li><p><span style=""font-weight: 700"">Easy to Digest:</span>&nbsp;The soft, fine texture makes it a perfect nutritious option for both children and elders.</p></li></ul><h3><span style=""font-weight: 700"">Chef’s Tip</span></h3><p>White Pomfret is best showcased when <span style=""font-weight: 700"">Pan-Fried</span>&nbsp;with a light dusting of turmeric and chili or <span style=""font-weight: 700"">Steamed</span>&nbsp;with ginger and soy sauce to preserve its natural sweetness. For a traditional touch, try it in a creamy coconut-based <span style=""font-weight: 700"">Vaval Meen Kuzhambu</span>.</p>",fishes;deep-fry-favorites,fishes,,,,,,,,,,,,,,,,,,,Size,TEXT_CHOICES,Small;Medium;Large,Cutting style:,TEXT_CHOICES,Cubes;Slices;Whole Fish,Weight,TEXT_CHOICES,0.5 Kg,,,,,,,,,,,,,,,,,,,,,,,,,,,,,,,,,,,,,,,,,,,,,,,,,,,,,,,,,,,
Product_495e59f5-6fac-44f5-b77c-d13eea715c06,VARIANT,,true,,,,,,,,975,1499,,IN_STOCK,false,,,,,,,,,,Size,TEXT_CHOICES,Small,Cutting style:,TEXT_CHOICES,Cubes,Weight,TEXT_CHOICES,0.5 Kg,,,,,,,,,,,,,,,,,,,,,,,,,,,,,,,,,,,,,,,,,,,,,,,,,,,,,,,,,,,
Product_495e59f5-6fac-44f5-b77c-d13eea715c06,VARIANT,,true,,,,,,,,975,1499,,IN_STOCK,false,,,,,,,,,,Size,TEXT_CHOICES,Small,Cutting style:,TEXT_CHOICES,Slices,Weight,TEXT_CHOICES,0.5 Kg,,,,,,,,,,,,,,,,,,,,,,,,,,,,,,,,,,,,,,,,,,,,,,,,,,,,,,,,,,,
Product_495e59f5-6fac-44f5-b77c-d13eea715c06,VARIANT,,true,,,,,,,,975,1499,,IN_STOCK,false,,,,,,,,,,Size,TEXT_CHOICES,Small,Cutting style:,TEXT_CHOICES,Whole Fish,Weight,TEXT_CHOICES,0.5 Kg,,,,,,,,,,,,,,,,,,,,,,,,,,,,,,,,,,,,,,,,,,,,,,,,,,,,,,,,,,,
Product_495e59f5-6fac-44f5-b77c-d13eea715c06,VARIANT,,true,,,,,,,,1050,1699,,IN_STOCK,false,,,,,,,,,,Size,TEXT_CHOICES,Medium,Cutting style:,TEXT_CHOICES,Cubes,Weight,TEXT_CHOICES,0.5 Kg,,,,,,,,,,,,,,,,,,,,,,,,,,,,,,,,,,,,,,,,,,,,,,,,,,,,,,,,,,,
Product_495e59f5-6fac-44f5-b77c-d13eea715c06,VARIANT,,true,,,,,,,,1050,1699,,IN_STOCK,false,,,,,,,,,,Size,TEXT_CHOICES,Medium,Cutting style:,TEXT_CHOICES,Slices,Weight,TEXT_CHOICES,0.5 Kg,,,,,,,,,,,,,,,,,,,,,,,,,,,,,,,,,,,,,,,,,,,,,,,,,,,,,,,,,,,
Product_495e59f5-6fac-44f5-b77c-d13eea715c06,VARIANT,,true,,,,,,,,1100,1599,,IN_STOCK,false,,,,,,,,,,Size,TEXT_CHOICES,Medium,Cutting style:,TEXT_CHOICES,Whole Fish,Weight,TEXT_CHOICES,0.5 Kg,,,,,,,,,,,,,,,,,,,,,,,,,,,,,,,,,,,,,,,,,,,,,,,,,,,,,,,,,,,
Product_495e59f5-6fac-44f5-b77c-d13eea715c06,VARIANT,,false,,,,,,,,800,1299,,IN_STOCK,false,,,,,,,,,,Size,TEXT_CHOICES,Large,Cutting style:,TEXT_CHOICES,Cubes,Weight,TEXT_CHOICES,0.5 Kg,,,,,,,,,,,,,,,,,,,,,,,,,,,,,,,,,,,,,,,,,,,,,,,,,,,,,,,,,,,
Product_495e59f5-6fac-44f5-b77c-d13eea715c06,VARIANT,,false,,,,,,,,800,1299,,IN_STOCK,false,,,,,,,,,,Size,TEXT_CHOICES,Large,Cutting style:,TEXT_CHOICES,Slices,Weight,TEXT_CHOICES,0.5 Kg,,,,,,,,,,,,,,,,,,,,,,,,,,,,,,,,,,,,,,,,,,,,,,,,,,,,,,,,,,,
Product_495e59f5-6fac-44f5-b77c-d13eea715c06,VARIANT,,false,,,,,,,,800,1299,,IN_STOCK,false,,,,,,,,,,Size,TEXT_CHOICES,Large,Cutting style:,TEXT_CHOICES,Whole Fish,Weight,TEXT_CHOICES,0.5 Kg,,,,,,,,,,,,,,,,,,,,,,,,,,,,,,,,,,,,,,,,,,,,,,,,,,,,,,,,,,,
Product_495e59f5-6fac-44f5-b77c-d13eea715c06,MEDIA,,,,,,ebf235_252a6f7e004342d49f01af2694f1b7e6~mv2.jpg,,,,,,,,,,,,,,,,,,,,,,,,,,,,,,,,,,,,,,,,,,,,,,,,,,,,,,,,,,,,,,,,,,,,,,,,,,,,,,,,,,,,,
Product_495e59f5-6fac-44f5-b77c-d13eea715c06,MEDIA,,,,,,ebf235_58b423435f64477d9f9e9d85867400e5~mv2.jpg,,,,,,,,,,,,,,,,,,,,,,,,,,,,,,,,,,,,,,,,,,,,,,,,,,,,,,,,,,,,,,,,,,,,,,,,,,,,,,,,,,,,,
Product_495e59f5-6fac-44f5-b77c-d13eea715c06,MEDIA,,,,,,ebf235_7b2c2935bf844b7e8d1cef8577792752~mv2.jpg,,,,,,,,,,,,,,,,,,,,,,,,,,,,,,,,,,,,,,,,,,,,,,,,,,,,,,,,,,,,,,,,,,,,,,,,,,,,,,,,,,,,,
Product_ae604913-7f98-4a0f-885d-7e0d1382c9f9,PRODUCT,"Koduva Fish / Barramundi - (𝗚𝗿𝗼𝘀𝘀: 𝟳𝟱𝟬𝗴, 𝗡𝗲𝘁: 𝟱𝟬𝟬𝗴)",true,"<h2><span style=""font-weight: 700"">Premium Koduva Fish </span>(Sea Bass / Barramundi / கொடுவா)</h2><h3><span style=""font-weight: 700"">Product Overview</span></h3><ul><li><p><span style=""font-weight: 700"">Net Weight:</span>&nbsp;300g</p></li><li><p><span style=""font-weight: 700"">Gross Weight :</span>&nbsp;600g</p></li><li><p><span style=""font-weight: 700"">Protein: </span>19g – 20g</p></li><li><p><span style=""font-weight: 700"">Serving Size:</span>&nbsp;Cubes (N: 350, G: 600), Slices (N: 500g, G: 750) ,Fillet Boneless (N: 350 - 400g, G: 750)</p></li><li><p><span style=""font-weight: 700"">Preparation:</span>&nbsp;Freshly caught,&nbsp;cleaned,&nbsp;and descaled.&nbsp;Usually served as whole fish with deep lateral ""fry cuts"" to allow spices to penetrate the firm flesh.</p></li><li><p><span style=""font-weight: 700"">Texture:</span>&nbsp;Firm and moist with large, tender flakes and a mild, sophisticated sweetness.</p></li></ul><p>Widely regarded as one of the most prestigious catches in coastal waters, <span style=""font-weight: 700"">Koduva (Sea Bass)</span>&nbsp;is famous for its large, pearly white flakes and clean, buttery flavor. It is a favorite in both high-end dining and traditional households due to its versatility and minimal pin-bones. Freshly sourced and expertly prepped, our Koduva delivers a succulent, meaty experience that satisfies both the palate and the soul.</p><h3><span style=""font-weight: 700"">Nutritional Profile (Per 100g)</span></h3><p>Koduva is an excellent source of lean protein and vital minerals, making it a powerhouse of nutrition.</p><table><tr><td><p><span style=""font-weight: 700"">Nutrient</span></p></td><td><p><span style=""font-weight: 700"">Amount</span></p></td></tr><tr><td><p><span style=""font-weight: 700"">Calories</span></p></td><td><p>95 – 125 kcal</p></td></tr><tr><td><p><span style=""font-weight: 700"">Protein</span></p></td><td><p>19g – 20g</p></td></tr><tr><td><p><span style=""font-weight: 700"">Total Fat</span></p></td><td><p>2g – 4.5g</p></td></tr><tr><td><p><span style=""font-weight: 700"">Omega-3 Fatty Acids</span></p></td><td><p>Very High</p></td></tr><tr><td><p><span style=""font-weight: 700"">Zinc</span></p></td><td><p>High</p></td></tr><tr><td><p><span style=""font-weight: 700"">Vitamin A</span></p></td><td><p>Moderate</p></td></tr></table><h3><span style=""font-weight: 700"">Key Benefits</span></h3><ul><li><p><span style=""font-weight: 700"">Rich in Heart-Healthy Fats:</span>&nbsp;Contains high concentrations of Omega-3 fatty acids, which are essential for reducing inflammation and supporting heart health.</p></li><li><p><span style=""font-weight: 700"">High Protein, Low Calorie:</span>&nbsp;One of the best options for muscle maintenance and weight management without excess calories.</p></li><li><p><span style=""font-weight: 700"">Immune System Boost:</span>&nbsp;Packed with Zinc and essential minerals that help strengthen the body’s natural defenses.</p></li><li><p><span style=""font-weight: 700"">Vision &amp; Skin Support:</span>&nbsp;Contains Vitamin A and healthy fats that contribute to better eyesight and vibrant skin health.</p></li></ul><h3><span style=""font-weight: 700"">Chef’s Tip</span></h3><p>Koduva is a ""forgiving"" fish that stays moist even under high heat. It is spectacular when <span style=""font-weight: 700"">Pan-Seared</span>&nbsp;with a butter-lemon-garlic glaze or cooked in a traditional <span style=""font-weight: 700"">Koduva Meen Kuzhambu</span>&nbsp;(spicy tamarind curry). For a special occasion, try steaming it with ginger and scallions to fully appreciate its natural, buttery sweetness.</p>",boneless;lean-low-calorie;fishes,fishes,,,,,,,,,,,,,,,,,,,Cutting style:,TEXT_CHOICES,Cubes;Slices;Fillet;Whole Fish,Weight,TEXT_CHOICES,0.5 Kg,,,,,,,,,,,,,,,,,,,,,,,,,,,,,,,,,,,,,,,,,,,,,,,,,,,,,,,,,,,,,,
Product_ae604913-7f98-4a0f-885d-7e0d1382c9f9,VARIANT,,true,,,,,,,,750,1149,,IN_STOCK,false,,,,,,,,,,Cutting style:,TEXT_CHOICES,Cubes,Weight,TEXT_CHOICES,0.5 Kg,,,,,,,,,,,,,,,,,,,,,,,,,,,,,,,,,,,,,,,,,,,,,,,,,,,,,,,,,,,,,,
Product_ae604913-7f98-4a0f-885d-7e0d1382c9f9,VARIANT,,true,,,,,,,,750,1149,,IN_STOCK,false,,,,,,,,,,Cutting style:,TEXT_CHOICES,Slices,Weight,TEXT_CHOICES,0.5 Kg,,,,,,,,,,,,,,,,,,,,,,,,,,,,,,,,,,,,,,,,,,,,,,,,,,,,,,,,,,,,,,
Product_ae604913-7f98-4a0f-885d-7e0d1382c9f9,VARIANT,,true,,,,,,,,750,1149,,IN_STOCK,false,,,,,,,,,,Cutting style:,TEXT_CHOICES,Fillet,Weight,TEXT_CHOICES,0.5 Kg,,,,,,,,,,,,,,,,,,,,,,,,,,,,,,,,,,,,,,,,,,,,,,,,,,,,,,,,,,,,,,
Product_ae604913-7f98-4a0f-885d-7e0d1382c9f9,VARIANT,,true,,,,,,,,750,1149,,IN_STOCK,false,,,,,,,,,,Cutting style:,TEXT_CHOICES,Whole Fish,Weight,TEXT_CHOICES,0.5 Kg,,,,,,,,,,,,,,,,,,,,,,,,,,,,,,,,,,,,,,,,,,,,,,,,,,,,,,,,,,,,,,
Product_ae604913-7f98-4a0f-885d-7e0d1382c9f9,MEDIA,,,,,,180cb8_d00d53b53d5d4472ac521b634bb4fb54~mv2.jpg,,,,,,,,,,,,,,,,,,,,,,,,,,,,,,,,,,,,,,,,,,,,,,,,,,,,,,,,,,,,,,,,,,,,,,,,,,,,,,,,,,,,,
Product_ae604913-7f98-4a0f-885d-7e0d1382c9f9,MEDIA,,,,,,180cb8_07f577543060473bba8d5ba114585707~mv2.jpg,,,,,,,,,,,,,,,,,,,,,,,,,,,,,,,,,,,,,,,,,,,,,,,,,,,,,,,,,,,,,,,,,,,,,,,,,,,,,,,,,,,,,
Product_3d2c857b-b3cc-4099-ab98-5cfeec61ca00,PRODUCT,"Vanjaram / Seer Fish / Nei Meen  - (𝗚𝗿𝗼𝘀𝘀: 𝟳𝟱𝟬𝗴, 𝗡𝗲𝘁: 𝟱𝟬𝟬𝗴)",true,"<h2><span style=""font-weight: 700"">Premium Vanjaram</span> (Seer Fish / King Fish /Nei Meen / வஞ்சரம்)</h2><h3><span style=""font-weight: 700"">Product Overview</span></h3><ul><li><p><span style=""font-weight: 700"">Net Weight:</span>&nbsp;500g</p></li><li><p><span style=""font-weight: 700"">Gross Weight :</span>&nbsp;750g</p></li><li><p><span style=""font-weight: 700"">Protein: </span>20g – 21g</p></li><li><p><span style=""font-weight: 700"">Serving Size: </span>&nbsp;<span style=""font-weight: 700"">L</span> - Slices ( 4-8 Pieces ) |<span style=""font-weight: 700""> L </span>- Cubes  10-16 Pieces | <span style=""font-weight: 700"">L</span> - Fillet Boneless | <span style=""font-weight: 700"">S</span> - Slices, 8-15 Pieces | <span style=""font-weight: 700"">S</span> - Cubes 12-20 Pieces</p></li><li><p><span style=""font-weight: 700"">Preparation:</span>&nbsp;Freshly sourced, cleaned, and sliced into perfect <span style=""font-weight: 700"">Center-Cut Steaks</span>&nbsp;or <span style=""font-weight: 700"">Boneless Fillets</span>.</p></li><li><p><span style=""font-weight: 700"">Texture:</span>&nbsp;Firm, dense, and oily in a way that provides a rich, buttery mouthfeel. It features a single central bone, making it easy to eat.</p></li></ul><p>Widely celebrated as the ""Pride of the South,"" <span style=""font-weight: 700"">Seer Fish (Vanjaram)</span>&nbsp;is perhaps the most sought-after fish in the seafood market. Known for its distinct flavor, lack of small bones, and large, meaty steaks, it is a true delicacy. Our Seer Fish is freshly sourced from the deep sea to ensure you get the firmest texture and the richest taste available.</p><h3><span style=""font-weight: 700"">Nutritional Profile (Per 100g)</span></h3><p>Seer Fish is a nutritional powerhouse, especially famous for its high healthy fat content.</p><table><tr><td><p><span style=""font-weight: 700"">Nutrient</span></p></td><td><p><span style=""font-weight: 700"">Amount</span></p></td></tr><tr><td><p><span style=""font-weight: 700"">Calories</span></p></td><td><p>120 – 150 kcal</p></td></tr><tr><td><p><span style=""font-weight: 700"">Protein</span></p></td><td><p>20g – 21g</p></td></tr><tr><td><p><span style=""font-weight: 700"">Total Fat</span></p></td><td><p>4g – 6g</p></td></tr><tr><td><p><span style=""font-weight: 700"">Omega-3 Fatty Acids</span></p></td><td><p>Very High</p></td></tr><tr><td><p><span style=""font-weight: 700"">Vitamin B12</span></p></td><td><p>High</p></td></tr><tr><td><p><span style=""font-weight: 700"">Selenium &amp; Iodine</span></p></td><td><p>High</p></td></tr></table><h3><span style=""font-weight: 700"">Key Benefits</span></h3><ul><li><p><span style=""font-weight: 700"">Ultimate Heart Health:</span>&nbsp;Loaded with Omega-3 fatty acids that significantly contribute to heart health and help reduce inflammation.</p></li><li><p><span style=""font-weight: 700"">High-Performance Protein:</span>&nbsp;One of the best sources of lean protein for muscle growth and tissue repair.</p></li><li><p><span style=""font-weight: 700"">Immune &amp; Thyroid Support:</span>&nbsp;Rich in selenium and iodine, which are crucial for a healthy metabolism and a strong immune system.</p></li><li><p><span style=""font-weight: 700"">Brain Booster:</span>&nbsp;The healthy fats and B-vitamins in Seer fish are essential for maintaining sharp cognitive function and mental clarity.</p></li></ul><h3><span style=""font-weight: 700"">Chef’s Tip</span></h3><p>The classic way to enjoy <span style=""font-weight: 700"">Seer Fish</span>&nbsp;is the iconic <span style=""font-weight: 700"">Vanjaram Meen Varuval</span>&nbsp;(Tawa Fry)—marinate the steaks in a spicy ginger-garlic masala and shallow fry until golden brown. For a healthier option, it is also incredible when <span style=""font-weight: 700"">Steam-cooked</span>&nbsp;or added to a <span style=""font-weight: 700"">tangy Tamarind-based Curry</span>.</p>",high-protien;deep-fry-favorites;fishes,fishes,,,,,,,,,,,,,,,,,,,Size,TEXT_CHOICES,Small;Large,Cutting style:,TEXT_CHOICES,Slices;Cubes;Fillet Boneless,Weight,TEXT_CHOICES,0.5 Kg,,,,,,,,,,,,,,,,,,,,,,,,,,,,,,,,,,,,,,,,,,,,,,,,,,,,,,,,,,,
Product_3d2c857b-b3cc-4099-ab98-5cfeec61ca00,VARIANT,,true,,,,,,,,725,1199,,IN_STOCK,false,,,,,,,,,,Size,TEXT_CHOICES,Small,Cutting style:,TEXT_CHOICES,Slices,Weight,TEXT_CHOICES,0.5 Kg,,,,,,,,,,,,,,,,,,,,,,,,,,,,,,,,,,,,,,,,,,,,,,,,,,,,,,,,,,,
Product_3d2c857b-b3cc-4099-ab98-5cfeec61ca00,VARIANT,,true,,,,,,,,725,1199,,IN_STOCK,false,,,,,,,,,,Size,TEXT_CHOICES,Small,Cutting style:,TEXT_CHOICES,Cubes,Weight,TEXT_CHOICES,0.5 Kg,,,,,,,,,,,,,,,,,,,,,,,,,,,,,,,,,,,,,,,,,,,,,,,,,,,,,,,,,,,
Product_3d2c857b-b3cc-4099-ab98-5cfeec61ca00,VARIANT,,false,,,,,,,,900,1499,,IN_STOCK,false,,,,,,,,,,Size,TEXT_CHOICES,Small,Cutting style:,TEXT_CHOICES,Fillet Boneless,Weight,TEXT_CHOICES,0.5 Kg,,,,,,,,,,,,,,,,,,,,,,,,,,,,,,,,,,,,,,,,,,,,,,,,,,,,,,,,,,,
Product_3d2c857b-b3cc-4099-ab98-5cfeec61ca00,VARIANT,,true,,,,,,,,800,1299,,IN_STOCK,false,,,,,,,,,,Size,TEXT_CHOICES,Large,Cutting style:,TEXT_CHOICES,Slices,Weight,TEXT_CHOICES,0.5 Kg,,,,,,,,,,,,,,,,,,,,,,,,,,,,,,,,,,,,,,,,,,,,,,,,,,,,,,,,,,,
Product_3d2c857b-b3cc-4099-ab98-5cfeec61ca00,VARIANT,,true,,,,,,,,800,1299,,IN_STOCK,false,,,,,,,,,,Size,TEXT_CHOICES,Large,Cutting style:,TEXT_CHOICES,Cubes,Weight,TEXT_CHOICES,0.5 Kg,,,,,,,,,,,,,,,,,,,,,,,,,,,,,,,,,,,,,,,,,,,,,,,,,,,,,,,,,,,
Product_3d2c857b-b3cc-4099-ab98-5cfeec61ca00,VARIANT,,true,,,,,,,,900,1499,,IN_STOCK,false,,,,,,,,,,Size,TEXT_CHOICES,Large,Cutting style:,TEXT_CHOICES,Fillet Boneless,Weight,TEXT_CHOICES,0.5 Kg,,,,,,,,,,,,,,,,,,,,,,,,,,,,,,,,,,,,,,,,,,,,,,,,,,,,,,,,,,,
Product_3d2c857b-b3cc-4099-ab98-5cfeec61ca00,MEDIA,,,,,,ebf235_baeda4bf90974a4a84da09bc112b80d0~mv2.jpg,,,,,,,,,,,,,,,,,,,,,,,,,,,,,,,,,,,,,,,,,,,,,,,,,,,,,,,,,,,,,,,,,,,,,,,,,,,,,,,,,,,,,
Product_3d2c857b-b3cc-4099-ab98-5cfeec61ca00,MEDIA,,,,,,ebf235_313c7d0c68844014aa8eb9fa87d81db4~mv2.jpg,,,,,,,,,,,,,,,,,,,,,,,,,,,,,,,,,,,,,,,,,,,,,,,,,,,,,,,,,,,,,,,,,,,,,,,,,,,,,,,,,,,,,
Product_3d2c857b-b3cc-4099-ab98-5cfeec61ca00,MEDIA,,,,,,ebf235_189f66d651494227bec3b97492dc8ff3~mv2.jpg,,,,,,,,,,,,,,,,,,,,,,,,,,,,,,,,,,,,,,,,,,,,,,,,,,,,,,,,,,,,,,,,,,,,,,,,,,,,,,,,,,,,,
Product_3d2c857b-b3cc-4099-ab98-5cfeec61ca00,MEDIA,,,,,,ebf235_fe067cdc170d42e8bea10278c60e90f0~mv2.jpg,,,,,,,,,,,,,,,,,,,,,,,,,,,,,,,,,,,,,,,,,,,,,,,,,,,,,,,,,,,,,,,,,,,,,,,,,,,,,,,,,,,,,
Product_3d2c857b-b3cc-4099-ab98-5cfeec61ca00,MEDIA,,,,,,ebf235_43799bdf45bd4255a41880cbeaae0be0~mv2.jpg,,,,,,,,,,,,,,,,,,,,,,,,,,,,,,,,,,,,,,,,,,,,,,,,,,,,,,,,,,,,,,,,,,,,,,,,,,,,,,,,,,,,,
Product_3d2c857b-b3cc-4099-ab98-5cfeec61ca00,MEDIA,,,,,,ebf235_01975216fc694fd0b6ed7205b294b07d~mv2.jpg,,,,,,,,,,,,,,,,,,,,,,,,,,,,,,,,,,,,,,,,,,,,,,,,,,,,,,,,,,,,,,,,,,,,,,,,,,,,,,,,,,,,,
Product_80eb1575-0ef0-4593-955b-d073130dad31,PRODUCT,Maduvai/மடவை மீன்,true,"<h2><span style=""font-weight: 700"">Premium Maduvai Fish (Mullet)</span></h2><p>Known for its distinct earthy flavor and rich oil content, <span style=""font-weight: 700"">Maduvai (Mullet)</span>&nbsp;is a coastal classic that is as nutritious as it is flavorful. It is highly regarded for its unique texture—firm enough to hold its shape in a curry, yet tender once cooked. Freshly sourced and meticulously cleaned, our Maduvai fish provides an authentic taste of the sea, making it a perfect choice for those who appreciate deep, traditional seafood flavors.</p><h3><span style=""font-weight: 700"">Product Overview</span></h3><ul><li><p><span style=""font-weight: 700"">Serving Size:</span>&nbsp;Ideal for 2 to 3 people</p></li><li><p><span style=""font-weight: 700"">Preparation:</span>&nbsp;Freshly sourced, descaled, and thoroughly cleaned. Available as Whole Cleaned or Neat Curry Cuts.</p></li><li><p><span style=""font-weight: 700"">Texture:</span>&nbsp;Firm, slightly oily, and flaky with a robust, nutty flavor.</p></li></ul><h3><span style=""font-weight: 700"">Nutritional Profile (Per 100g)</span></h3><p>Maduvai is an excellent source of essential fatty acids and minerals, perfect for a heart-healthy diet.</p><table><tr><td><p><span style=""font-weight: 700"">Nutrient</span></p></td><td><p><span style=""font-weight: 700"">Amount</span></p></td></tr><tr><td><p><span style=""font-weight: 700"">Calories</span></p></td><td><p>120 – 150 kcal</p></td></tr><tr><td><p><span style=""font-weight: 700"">Protein</span></p></td><td><p>19g – 22g</p></td></tr><tr><td><p><span style=""font-weight: 700"">Total Fat</span></p></td><td><p>4g – 8g</p></td></tr><tr><td><p><span style=""font-weight: 700"">Omega-3 Fatty Acids</span></p></td><td><p>High</p></td></tr><tr><td><p><span style=""font-weight: 700"">Vitamin B6</span></p></td><td><p>High</p></td></tr><tr><td><p><span style=""font-weight: 700"">Niacin (B3)</span></p></td><td><p>Moderate</p></td></tr></table><h3><span style=""font-weight: 700"">Key Benefits</span></h3><ul><li><p><span style=""font-weight: 700"">Heart &amp; Brain Health:</span>&nbsp;Exceptionally high in Omega-3 fatty acids, which help lower blood pressure and improve cognitive function.</p></li><li><p><span style=""font-weight: 700"">Energy Metabolism:</span>&nbsp;Rich in Vitamin B6 and Niacin, which are crucial for converting food into energy and maintaining healthy skin.</p></li><li><p><span style=""font-weight: 700"">Rich in Essential Minerals:</span>&nbsp;Contains significant amounts of iodine and selenium, supporting thyroid function and antioxidant defense.</p></li><li><p><span style=""font-weight: 700"">Healthy Fats:</span>&nbsp;The natural oils in Maduvai provide a satisfying meal while supporting joint and cardiovascular health.</p></li></ul><h3><span style=""font-weight: 700"">Chef’s Tip</span></h3><p>Maduvai is best enjoyed when its natural oils are allowed to shine. It is perfect for a <span style=""font-weight: 700"">Spicy Masala Fry</span>&nbsp;where the firm skin gets beautifully crisp. Alternatively, use it in a <span style=""font-weight: 700"">Village-Style Fish Curry</span>&nbsp;(Grama Meen Kuzhambu)—the oils from the fish will blend with the tamarind and spices to create a rich, deeply flavored gravy.</p>",fishes,fishes,,,,,,,,,,,,,,,,,,,Cutting style:,TEXT_CHOICES,Slices;Curry cut,Weight,TEXT_CHOICES,0.5 Kg;1 Kg,,,,,,,,,,,,,,,,,,,,,,,,,,,,,,,,,,,,,,,,,,,,,,,,,,,,,,,,,,,,,,
Product_80eb1575-0ef0-4593-955b-d073130dad31,VARIANT,,true,,,,,,,,550,,,IN_STOCK,false,,,,,,,,,,Cutting style:,TEXT_CHOICES,Slices,Weight,TEXT_CHOICES,0.5 Kg,,,,,,,,,,,,,,,,,,,,,,,,,,,,,,,,,,,,,,,,,,,,,,,,,,,,,,,,,,,,,,
Product_80eb1575-0ef0-4593-955b-d073130dad31,VARIANT,,true,,,,,,,,1100,,,IN_STOCK,false,,,,,,,,,,Cutting style:,TEXT_CHOICES,Slices,Weight,TEXT_CHOICES,1 Kg,,,,,,,,,,,,,,,,,,,,,,,,,,,,,,,,,,,,,,,,,,,,,,,,,,,,,,,,,,,,,,
Product_80eb1575-0ef0-4593-955b-d073130dad31,VARIANT,,true,,,,,,,,550,,,IN_STOCK,false,,,,,,,,,,Cutting style:,TEXT_CHOICES,Curry cut,Weight,TEXT_CHOICES,0.5 Kg,,,,,,,,,,,,,,,,,,,,,,,,,,,,,,,,,,,,,,,,,,,,,,,,,,,,,,,,,,,,,,
Product_80eb1575-0ef0-4593-955b-d073130dad31,VARIANT,,true,,,,,,,,1100,,,IN_STOCK,false,,,,,,,,,,Cutting style:,TEXT_CHOICES,Curry cut,Weight,TEXT_CHOICES,1 Kg,,,,,,,,,,,,,,,,,,,,,,,,,,,,,,,,,,,,,,,,,,,,,,,,,,,,,,,,,,,,,,
Product_80eb1575-0ef0-4593-955b-d073130dad31,MEDIA,,,,,,180cb8_9e5f4554d4e044e3a4670b1bda54a013~mv2.jpg,,,,,,,,,,,,,,,,,,,,,,,,,,,,,,,,,,,,,,,,,,,,,,,,,,,,,,,,,,,,,,,,,,,,,,,,,,,,,,,,,,,,,
Product_89a19703-5cc8-4bc6-a6d1-36674a113ab0,PRODUCT,"Naaku fish / Halibut - (𝗚𝗿𝗼𝘀𝘀: 𝟳𝟱𝟬𝗴, 𝗡𝗲𝘁: 𝟱𝟬𝟬𝗴)",true,"<h2><span style=""font-weight: 700"">Premium Naaku Meen </span>(Sole Fish / Halibut / நாக்கு மீன் )</h2><h3><span style=""font-weight: 700"">Product Overview</span></h3><ul><li><p><span style=""font-weight: 700"">Net Weight:</span>&nbsp;350-400g</p></li><li><p><span style=""font-weight: 700"">Gross Weight:</span>&nbsp;850g</p></li><li><p><span style=""font-weight: 700"">Protein: </span>18g – 19g</p></li><li><p><span style=""font-weight: 700"">Serving Size:</span>&nbsp;Fillet Boneless(350 - 400g G: 850) ,Cubes (N: 500g, G: 750)</p></li><li><p><span style=""font-weight: 700"">Preparation:</span>&nbsp;Freshly sourced, skin expertly removed, and thoroughly cleaned. Available as Whole Cleaned (Skinless) or delicate Fillets.</p></li><li><p><span style=""font-weight: 700"">Texture:</span>&nbsp;Fine-grained, soft, and lean with a very mild, sweet flavor.</p></li></ul><p>Highly sought after for its delicate profile and unique shape, <span style=""font-weight: 700"">Naaku Meen</span>&nbsp;(also known as Sole or Tongue Fish) is a true delicacy for those who prefer refined textures. Known for its signature flat appearance, this fish offers lean, white meat that is remarkably tender and mild. Because it has very few bones and a subtle flavor, it is an excellent choice for children and gourmet seafood lovers alike.</p><h3><span style=""font-weight: 700"">Nutritional Profile (Per 100g)</span></h3><p>Naaku Meen is one of the lightest seafood options, making it perfect for weight-conscious and healthy eating.</p><table><tr><td><p><span style=""font-weight: 700"">Nutrient</span></p></td><td><p><span style=""font-weight: 700"">Amount</span></p></td></tr><tr><td><p><span style=""font-weight: 700"">Calories</span></p></td><td><p>80 – 95 kcal</p></td></tr><tr><td><p><span style=""font-weight: 700"">Protein</span></p></td><td><p>17g – 19g</p></td></tr><tr><td><p><span style=""font-weight: 700"">Total Fat</span></p></td><td><p>1.2g – 2.5g</p></td></tr><tr><td><p><span style=""font-weight: 700"">Omega-3 Fatty Acids</span></p></td><td><p>Moderate</p></td></tr><tr><td><p><span style=""font-weight: 700"">Iodine</span></p></td><td><p>High</p></td></tr><tr><td><p><span style=""font-weight: 700"">Selenium</span></p></td><td><p>Moderate</p></td></tr></table><h3><span style=""font-weight: 700"">Key Benefits</span></h3><ul><li><p><span style=""font-weight: 700"">Ultra-Lean Protein:</span>&nbsp;One of the lowest-calorie fish options, providing high-quality protein without the fat.</p></li><li><p><span style=""font-weight: 700"">Easy to Digest:</span>&nbsp;The soft, fine texture makes it very gentle on the stomach and a great choice for all ages.</p></li><li><p><span style=""font-weight: 700"">Supports Thyroid Health:</span>&nbsp;Naturally rich in Iodine, which is essential for maintaining a healthy metabolism and thyroid function.</p></li><li><p><span style=""font-weight: 700"">Low Mercury Content:</span>&nbsp;Generally considered a safer, low-mercury choice for regular consumption.</p></li></ul><h3><span style=""font-weight: 700"">Chef’s Tip</span></h3><p>Naaku Meen is best prepared with simple flavors so its delicate taste isn't overwhelmed. It is perfect for <span style=""font-weight: 700"">Butter-Garlic Pan Searing</span>&nbsp;or a <span style=""font-weight: 700"">Crispy Rava Fry</span>. In traditional kitchens, it is often used in a <span style=""font-weight: 700"">Light Ginger-Tamarind Gravy</span>. Be careful not to overcook—since it is very thin, it cooks incredibly fast, usually needing only a few minutes per side!</p>",fishes;lean-low-calorie,fishes,,,,,,,,,,,,,,,,,,,Cutting style:,TEXT_CHOICES,Cubes;Fillet Boneless,Weight,TEXT_CHOICES,0.5 Kg,,,,,,,,,,,,,,,,,,,,,,,,,,,,,,,,,,,,,,,,,,,,,,,,,,,,,,,,,,,,,,
Product_89a19703-5cc8-4bc6-a6d1-36674a113ab0,VARIANT,,true,,,,,,,,450,699,,IN_STOCK,false,,,,,,,,,,Cutting style:,TEXT_CHOICES,Cubes,Weight,TEXT_CHOICES,0.5 Kg,,,,,,,,,,,,,,,,,,,,,,,,,,,,,,,,,,,,,,,,,,,,,,,,,,,,,,,,,,,,,,
Product_89a19703-5cc8-4bc6-a6d1-36674a113ab0,VARIANT,,true,,,,,,,,550,899,,IN_STOCK,false,,,,,,,,,,Cutting style:,TEXT_CHOICES,Fillet Boneless,Weight,TEXT_CHOICES,0.5 Kg,,,,,,,,,,,,,,,,,,,,,,,,,,,,,,,,,,,,,,,,,,,,,,,,,,,,,,,,,,,,,,
Product_89a19703-5cc8-4bc6-a6d1-36674a113ab0,MEDIA,,,,,,ebf235_3212ef0563e74cd18fb2d74866bcbd4f~mv2.jpg,,,,,,,,,,,,,,,,,,,,,,,,,,,,,,,,,,,,,,,,,,,,,,,,,,,,,,,,,,,,,,,,,,,,,,,,,,,,,,,,,,,,,
Product_89a19703-5cc8-4bc6-a6d1-36674a113ab0,MEDIA,,,,,,ebf235_5cf672e936e74b2ab85109c5061308b1~mv2.jpg,,,,,,,,,,,,,,,,,,,,,,,,,,,,,,,,,,,,,,,,,,,,,,,,,,,,,,,,,,,,,,,,,,,,,,,,,,,,,,,,,,,,,
Product_89a19703-5cc8-4bc6-a6d1-36674a113ab0,MEDIA,,,,,,ebf235_98a42167275e4097bb804152b90370fd~mv2.jpg,,,,,,,,,,,,,,,,,,,,,,,,,,,,,,,,,,,,,,,,,,,,,,,,,,,,,,,,,,,,,,,,,,,,,,,,,,,,,,,,,,,,,
Product_39660f24-ff12-4f14-a4c7-14b3b92e02f2,PRODUCT,"Neer Sudumbu / False Trevally - (𝗚𝗿𝗼𝘀𝘀: 𝟳𝟬𝟬𝗴, 𝗡𝗲𝘁: 𝟱𝟬𝟬𝗴)",true,"<h2><span style=""font-weight: 700"">Neer Sudumbu (</span>False Trevally / White Fish / Milk Fish / நீர் சுடும்பு <span style=""font-weight: 700"">)</span></h2><h3><span style=""font-weight: 700"">Product Overview</span></h3><ul><li><p><span style=""font-weight: 700"">Net Weight:</span>&nbsp;500g</p></li><li><p><span style=""font-weight: 700"">Gross Weight :</span>&nbsp;700g</p></li><li><p><span style=""font-weight: 700"">Protein: </span>18g – 19g</p></li><li><p><span style=""font-weight: 700"">Serving Size:</span>&nbsp;2 cut pcs (12-20 Pieces) , Whole - (7-15 pcs)  .</p></li><li><p><span style=""font-weight: 700"">Preparation:</span>&nbsp;Freshly sourced, descaled, and thoroughly cleaned. Available as Whole Cleaned (ideal for frying) or Curry Cut pieces.</p></li><li><p><span style=""font-weight: 700"">Texture:</span>&nbsp;Soft, tender, and flaky with a light, subtle sweetness.</p></li></ul><p>Loved for its naturally pinkish hue and delicate sweetness, <span style=""font-weight: 700"">Neer Sudumbu</span>&nbsp;(also known as Threadfin Bream or Pink Perch) is a cherished favorite in coastal households. It is widely recognized for its tender, white flesh that breaks into soft, juicy flakes when cooked. Freshly sourced and cleaned with care, our Neer Sudumbu offers a mild and clean flavor, making it a versatile choice for a variety of traditional and modern seafood recipes.</p><h3><span style=""font-weight: 700"">Nutritional Profile (Per 100g)</span></h3><p>Neer Sudumbu is a fantastic source of lean protein and essential minerals, perfect for maintaining a light and healthy diet.</p><table><tr><td><p><span style=""font-weight: 700"">Nutrient</span></p></td><td><p><span style=""font-weight: 700"">Amount</span></p></td></tr><tr><td><p><span style=""font-weight: 700"">Calories</span></p></td><td><p>90 – 110 kcal</p></td></tr><tr><td><p><span style=""font-weight: 700"">Protein</span></p></td><td><p>18g – 19g</p></td></tr><tr><td><p><span style=""font-weight: 700"">Total Fat</span></p></td><td><p>1.5g – 3g</p></td></tr><tr><td><p><span style=""font-weight: 700"">Omega-3 Fatty Acids</span></p></td><td><p>Moderate</p></td></tr><tr><td><p><span style=""font-weight: 700"">Calcium</span></p></td><td><p>Moderate</p></td></tr><tr><td><p><span style=""font-weight: 700"">Iron</span></p></td><td><p>High</p></td></tr></table><h3><span style=""font-weight: 700"">Key Benefits</span></h3><ul><li><p><span style=""font-weight: 700"">Lean Muscle Growth:</span>&nbsp;Provides high-quality protein while being naturally low in calories and fat.</p></li><li><p><span style=""font-weight: 700"">Boosts Energy Levels:</span>&nbsp;A great source of Iron, which helps in maintaining healthy hemoglobin levels and fighting fatigue.</p></li><li><p><span style=""font-weight: 700"">Promotes Bone Health:</span>&nbsp;Contains essential minerals like Calcium and Phosphorus that support strong bones and teeth.</p></li><li><p><span style=""font-weight: 700"">Quick Cooking &amp; Versatile:</span>&nbsp;Because it is lean and tender, it cooks quickly, retaining its nutrients and natural moisture.</p></li></ul><h3><span style=""font-weight: 700"">Chef’s Tip</span></h3><p>Neer Sudumbu is a star when it comes to <span style=""font-weight: 700"">Tawa Frying</span>. Marinate it with a dash of lemon, turmeric, and red chili powder for a simple yet delicious meal. It also pairs wonderfully with <span style=""font-weight: 700"">Coconut-based South Indian Gravies</span>, where it absorbs the aromatics of curry leaves and small onions without losing its delicate texture. Avoid heavy stirring in the curry to keep the tender flakes intact!</p>",fishes,fishes,,,,,,,,,,,,,,,,,,,Cutting style:,TEXT_CHOICES,Cut in 2 Pieces;Whole Fish,Weight,TEXT_CHOICES,0.5 Kg,,,,,,,,,,,,,,,,,,,,,,,,,,,,,,,,,,,,,,,,,,,,,,,,,,,,,,,,,,,,,,
Product_39660f24-ff12-4f14-a4c7-14b3b92e02f2,VARIANT,,true,,,,,,,,275,429,,IN_STOCK,false,,,,,,,,,,Cutting style:,TEXT_CHOICES,Cut in 2 Pieces,Weight,TEXT_CHOICES,0.5 Kg,,,,,,,,,,,,,,,,,,,,,,,,,,,,,,,,,,,,,,,,,,,,,,,,,,,,,,,,,,,,,,
Product_39660f24-ff12-4f14-a4c7-14b3b92e02f2,VARIANT,,true,,,,,,,,275,429,,IN_STOCK,false,,,,,,,,,,Cutting style:,TEXT_CHOICES,Whole Fish,Weight,TEXT_CHOICES,0.5 Kg,,,,,,,,,,,,,,,,,,,,,,,,,,,,,,,,,,,,,,,,,,,,,,,,,,,,,,,,,,,,,,
Product_39660f24-ff12-4f14-a4c7-14b3b92e02f2,MEDIA,,,,,,ebf235_2e67f0cd46164b08b3962feeca3de25f~mv2.jpg,,,,,,,,,,,,,,,,,,,,,,,,,,,,,,,,,,,,,,,,,,,,,,,,,,,,,,,,,,,,,,,,,,,,,,,,,,,,,,,,,,,,,
Product_527f0f9b-454b-447a-ab12-4e1324348b19,PRODUCT,Paal Kendai/பால் கெண்டை,false,"<h2><span style=""font-weight: 700"">Premium Paal Kendai (Milk Fish)</span></h2><p>Renowned for its milk-white flesh and exceptionally smooth texture, <span style=""font-weight: 700"">Paal Kendai (Milk Fish)</span>&nbsp;is a prized delicacy across coastal regions. Its name reflects its characteristic rich, creamy taste and clean flavor profile. Known for being tender yet firm enough to hold its shape, this fish is a favorite for those who enjoy a succulent, moist seafood experience. Freshly sourced and expertly cleaned, our Paal Kendai brings a touch of premium quality to your dining table.</p><h3><span style=""font-weight: 700"">Product Overview</span></h3><ul><li><p><span style=""font-weight: 700"">Serving Size:</span>&nbsp;Ideal for 2 to 3 people</p></li><li><p><span style=""font-weight: 700"">Preparation:</span>&nbsp;Freshly sourced, descaled, and thoroughly cleaned. Available as Whole Cleaned or Neat Curry Cuts.</p></li><li><p><span style=""font-weight: 700"">Texture:</span>&nbsp;Firm, moist, and tender with a characteristic rich and creamy flavor.</p></li></ul><h3><span style=""font-weight: 700"">Nutritional Profile (Per 100g)</span></h3><p>Paal Kendai is highly nutritious, offering a balance of high-quality proteins and healthy fats.</p><table><tr><td><p><span style=""font-weight: 700"">Nutrient</span></p></td><td><p><span style=""font-weight: 700"">Amount</span></p></td></tr><tr><td><p><span style=""font-weight: 700"">Calories</span></p></td><td><p>140 – 170 kcal</p></td></tr><tr><td><p><span style=""font-weight: 700"">Protein</span></p></td><td><p>20g – 22g</p></td></tr><tr><td><p><span style=""font-weight: 700"">Total Fat</span></p></td><td><p>6g – 8g</p></td></tr><tr><td><p><span style=""font-weight: 700"">Omega-3 Fatty Acids</span></p></td><td><p>Very High</p></td></tr><tr><td><p><span style=""font-weight: 700"">Vitamin B12</span></p></td><td><p>High</p></td></tr><tr><td><p><span style=""font-weight: 700"">Selenium</span></p></td><td><p>Moderate</p></td></tr></table><h3><span style=""font-weight: 700"">Key Benefits</span></h3><ul><li><p><span style=""font-weight: 700"">Brain &amp; Heart Support:</span>&nbsp;Packed with Omega-3 fatty acids, which are essential for cardiovascular health and maintaining sharp cognitive function.</p></li><li><p><span style=""font-weight: 700"">Rich in Essential Vitamins:</span>&nbsp;High in Vitamin B12, supporting nerve health and the production of red blood cells.</p></li><li><p><span style=""font-weight: 700"">High-Quality Protein:</span>&nbsp;Excellent for muscle repair and long-lasting energy throughout the day.</p></li><li><p><span style=""font-weight: 700"">Antioxidant Properties:</span>&nbsp;Contains selenium, which helps protect the body’s cells from damage and supports a healthy immune system.</p></li></ul><h3><span style=""font-weight: 700"">Chef’s Tip</span></h3><p>Paal Kendai is incredibly versatile but truly shines in a <span style=""font-weight: 700"">Paal Kendai Kuzhambu</span>&nbsp;(a rich, spiced gravy) or when <span style=""font-weight: 700"">Slow-Baked</span>&nbsp;with a coat of local spices. Because of its natural richness, it pairs beautifully with acidic ingredients like tamarind or lemon, which cut through the creaminess to create a perfectly balanced dish. Ensure it is cooked just until the flesh turns opaque to maintain its signature moisture.</p>",high-protien;fishes,,,,,,,,,,,,,,,,,,,,Cutting style:,TEXT_CHOICES,Cut in 2 Pieces;Whole Fish,Weight,TEXT_CHOICES,0.5 Kg,,,,,,,,,,,,,,,,,,,,,,,,,,,,,,,,,,,,,,,,,,,,,,,,,,,,,,,,,,,,,,
Product_527f0f9b-454b-447a-ab12-4e1324348b19,VARIANT,,true,,,,,,,,350,,,IN_STOCK,false,,,,,,,,,,Cutting style:,TEXT_CHOICES,Cut in 2 Pieces,Weight,TEXT_CHOICES,0.5 Kg,,,,,,,,,,,,,,,,,,,,,,,,,,,,,,,,,,,,,,,,,,,,,,,,,,,,,,,,,,,,,,
Product_527f0f9b-454b-447a-ab12-4e1324348b19,VARIANT,,true,,,,,,,,350,,,IN_STOCK,false,,,,,,,,,,Cutting style:,TEXT_CHOICES,Whole Fish,Weight,TEXT_CHOICES,0.5 Kg,,,,,,,,,,,,,,,,,,,,,,,,,,,,,,,,,,,,,,,,,,,,,,,,,,,,,,,,,,,,,,
Product_527f0f9b-454b-447a-ab12-4e1324348b19,MEDIA,,,,,,180cb8_f70806bd502144dc92cb83c688ed7a6f~mv2.jpg,,,,,,,,,,,,,,,,,,,,,,,,,,,,,,,,,,,,,,,,,,,,,,,,,,,,,,,,,,,,,,,,,,,,,,,,,,,,,,,,,,,,,
Product_527f0f9b-454b-447a-ab12-4e1324348b19,MEDIA,,,,,,180cb8_30f52305ac0e41f181b54bd095c47f6d~mv2.jpg,,,,,,,,,,,,,,,,,,,,,,,,,,,,,,,,,,,,,,,,,,,,,,,,,,,,,,,,,,,,,,,,,,,,,,,,,,,,,,,,,,,,,
Product_527f0f9b-454b-447a-ab12-4e1324348b19,MEDIA,,,,,,180cb8_48207b1f87704645bb78028c4cd437a1~mv2.jpg,,,,,,,,,,,,,,,,,,,,,,,,,,,,,,,,,,,,,,,,,,,,,,,,,,,,,,,,,,,,,,,,,,,,,,,,,,,,,,,,,,,,,
Product_75713caa-8b60-4990-9ba6-f3442ee9f71e,PRODUCT,"Panna / Croaker - ( 𝗚𝗿𝗼𝘀𝘀: 𝟳𝟱𝟬, 𝗡𝗲𝘁: 𝟱𝟬𝟬𝗴)",true,"<h2><span style=""font-weight: 700"">Panna Fish  </span>(<span style=""font-weight: 700""> </span>பன்னா மீன் /Croaker )</h2><h3><span style=""font-weight: 700"">Product Overview</span></h3><ul><li><p><span style=""font-weight: 700"">Net Weight:</span>&nbsp;500g</p></li><li><p><span style=""font-weight: 700"">Gross Weight :</span>&nbsp;750g</p></li><li><p><span style=""font-weight: 700"">Protein:</span>&nbsp;19g – 21g</p></li><li><p><span style=""font-weight: 700"">Pieces:</span>&nbsp;Approximately 12 – 20 pieces</p></li><li><p><span style=""font-weight: 700"">Preparation:</span>&nbsp;Freshly caught, cleaned, and descaled. Expertly cut into uniform curry pieces, making it ideal for traditional fish curries, gravies, and masala preparations.</p></li><li><p><span style=""font-weight: 700"">Flavor Profile:</span>&nbsp;Mild, delicate, and slightly sweet with a soft, flaky texture that readily absorbs spices and seasonings.</p></li></ul><h3><span style=""font-weight: 700"">Nutritional Profile (Per 100g)</span></h3><p>Panna is a lean and healthy seafood choice, offering a great balance of protein and essential minerals.</p><table><tr><td><p><span style=""font-weight: 700"">Nutrient</span></p></td><td><p><span style=""font-weight: 700"">Amount</span></p></td></tr><tr><td><p><span style=""font-weight: 700"">Calories</span></p></td><td><p>90 – 110 kcal</p></td></tr><tr><td><p><span style=""font-weight: 700"">Protein</span></p></td><td><p>18g – 20g</p></td></tr><tr><td><p><span style=""font-weight: 700"">Total Fat</span></p></td><td><p>2g – 4g</p></td></tr><tr><td><p><span style=""font-weight: 700"">Omega-3 Fatty Acids</span></p></td><td><p>Moderate</p></td></tr><tr><td><p><span style=""font-weight: 700"">Potassium</span></p></td><td><p>High</p></td></tr><tr><td><p><span style=""font-weight: 700"">Vitamin B12</span></p></td><td><p>Moderate</p></td></tr></table><h3><span style=""font-weight: 700"">Key Benefits</span></h3><ul><li><p><span style=""font-weight: 700"">Lean Protein Source:</span>&nbsp;High in protein but low in fat, making it an excellent choice for fitness-conscious individuals.</p></li><li><p><span style=""font-weight: 700"">Heart &amp; Blood Pressure Support:</span>&nbsp;Rich in Potassium, which helps regulate blood pressure and supports overall cardiovascular health.</p></li><li><p><span style=""font-weight: 700"">Metabolic Health:</span>&nbsp;Provides Vitamin B12 and essential amino acids that help in energy production and tissue repair.</p></li><li><p><span style=""font-weight: 700"">Low Calorie, High Nutrition:</span>&nbsp;Delivers essential nutrients without a high caloric load, perfect for a light yet satisfying dinner.</p></li></ul><h3><span style=""font-weight: 700"">Chef’s Tip</span></h3><p>Panna is a champion of the <span style=""font-weight: 700"">Deep Fry</span>&nbsp;or <span style=""font-weight: 700"">Tawa Fry</span>—its skin crisps up beautifully while the inside remains juicy. It also holds up very well in <span style=""font-weight: 700"">Tamarind-based South Indian Curries</span>. For an extra burst of flavor, marinate the fish with a touch of ginger-garlic paste and lemon juice for 20 minutes before cooking to enhance its natural sweetness.</p>",fishes;lean-low-calorie,fishes,,,,,,,,,,,,,,,,,,,Cutting style:,TEXT_CHOICES,Cut in 2 Pieces;Whole Fish,Weight,TEXT_CHOICES,0.5 Kg,,,,,,,,,,,,,,,,,,,,,,,,,,,,,,,,,,,,,,,,,,,,,,,,,,,,,,,,,,,,,,
Product_75713caa-8b60-4990-9ba6-f3442ee9f71e,VARIANT,,true,,,,,,,,325,399,,IN_STOCK,false,,,,,,,,,,Cutting style:,TEXT_CHOICES,Cut in 2 Pieces,Weight,TEXT_CHOICES,0.5 Kg,,,,,,,,,,,,,,,,,,,,,,,,,,,,,,,,,,,,,,,,,,,,,,,,,,,,,,,,,,,,,,
Product_75713caa-8b60-4990-9ba6-f3442ee9f71e,VARIANT,,true,,,,,,,,325,399,,IN_STOCK,false,,,,,,,,,,Cutting style:,TEXT_CHOICES,Whole Fish,Weight,TEXT_CHOICES,0.5 Kg,,,,,,,,,,,,,,,,,,,,,,,,,,,,,,,,,,,,,,,,,,,,,,,,,,,,,,,,,,,,,,
Product_75713caa-8b60-4990-9ba6-f3442ee9f71e,MEDIA,,,,,,180cb8_886b5884856f473097b410a3ae56b753~mv2.jpg,,,,,,,,,,,,,,,,,,,,,,,,,,,,,,,,,,,,,,,,,,,,,,,,,,,,,,,,,,,,,,,,,,,,,,,,,,,,,,,,,,,,,
Product_c30500ae-67b9-49fc-9e5d-0e85819d78fb,PRODUCT,"Sen Nagarai / Navara - (𝗚𝗿𝗼𝘀𝘀: 𝟳𝟱𝟬𝗴, 𝗡𝗲𝘁: 𝟱𝟬𝟬𝗴)",true,"<h2><span style=""font-weight: 700"">Premium Sen Nagarai  </span>(Pink Perch / Red Mullet / செந்நகரை / Sen Navara)</h2><h3><span style=""font-weight: 700"">Product Overview</span></h3><ul><li><p><span style=""font-weight: 700"">Net Weight:</span>&nbsp;500g</p></li><li><p><span style=""font-weight: 700"">Gross Weight :</span>&nbsp;750g</p></li><li><p><span style=""font-weight: 700"">Protein: </span>18g – 19g</p></li><li><p><span style=""font-weight: 700"">Serving Size:</span>&nbsp;Curry Cut - (6-14 Pieces), Whole - (4-8 pcs)  .</p></li><li><p><span style=""font-weight: 700"">Preparation:</span>&nbsp;Freshly sourced, descaled, and thoroughly cleaned. Available as Whole Cleaned or Curry Cut pieces.</p></li><li><p><span style=""font-weight: 700"">Texture:</span>&nbsp;Soft, light, and flaky with a clean, mild flavor profile.</p></li></ul><p>Widely loved for its vibrant appearance and mild, pleasant taste, <span style=""font-weight: 700"">Sen Nagarai</span>&nbsp;(also known as Pink Perch or Red Mullet) is a coastal favorite in South India. It is easily distinguished by its bright pinkish-red skin and its tender, white meat. Known for its delicate texture and subtle sweetness, it is a versatile fish that appeals to both children and adults. Freshly sourced and cleaned with care, our Sen Nagarai is ready to be the star of your next home-cooked meal.</p><h3><span style=""font-weight: 700"">Nutritional Profile (Per 100g)</span></h3><p>Sen Nagarai is a highly nutritious, low-fat protein source packed with essential minerals.</p><table><tr><td><p><span style=""font-weight: 700"">Nutrient</span></p></td><td><p><span style=""font-weight: 700"">Amount</span></p></td></tr><tr><td><p><span style=""font-weight: 700"">Calories</span></p></td><td><p>90 – 115 kcal</p></td></tr><tr><td><p><span style=""font-weight: 700"">Protein</span></p></td><td><p>18g – 21g</p></td></tr><tr><td><p><span style=""font-weight: 700"">Total Fat</span></p></td><td><p>1.5g – 3.5g</p></td></tr><tr><td><p><span style=""font-weight: 700"">Omega-3 Fatty Acids</span></p></td><td><p>Moderate</p></td></tr><tr><td><p><span style=""font-weight: 700"">Iron</span></p></td><td><p>High</p></td></tr><tr><td><p><span style=""font-weight: 700"">Phosphorus</span></p></td><td><p>Moderate</p></td></tr></table><h3><span style=""font-weight: 700"">Key Benefits</span></h3><ul><li><p><span style=""font-weight: 700"">Lean Muscle Support:</span>&nbsp;An excellent source of high-quality protein that is very low in saturated fats, ideal for muscle maintenance.</p></li><li><p><span style=""font-weight: 700"">Blood Health:</span>&nbsp;Naturally rich in Iron, which helps maintain healthy hemoglobin levels and prevents anemia.</p></li><li><p><span style=""font-weight: 700"">Bone &amp; Teeth Health:</span>&nbsp;Contains Phosphorus, an essential mineral that works with calcium to keep bones and teeth strong.</p></li><li><p><span style=""font-weight: 700"">Weight Management:</span>&nbsp;Its low calorie and fat content make it a perfect choice for those looking for a light, healthy seafood option.</p></li></ul><h3><span style=""font-weight: 700"">Chef’s Tip</span></h3><p>Sen Nagarai is famous for its use in <span style=""font-weight: 700"">Meen Varuval</span>&nbsp;(spicy fish fry). Its skin crisps up perfectly when pan-fried with a traditional chili and turmeric marinade. If you prefer gravy, it is best suited for a <span style=""font-weight: 700"">Thin, Tangy Coconut Curry</span>&nbsp;where its delicate flakes can absorb the aromatics without being overshadowed. Since it is a tender fish, add it to the curry in the final few minutes of cooking to ensure it stays intact!</p>",fishes,fishes,,,,,,,,,,,,,,,,,,,Cutting style:,TEXT_CHOICES,Curry;Whole Fish,Weight,TEXT_CHOICES,0.5 Kg,,,,,,,,,,,,,,,,,,,,,,,,,,,,,,,,,,,,,,,,,,,,,,,,,,,,,,,,,,,,,,
Product_c30500ae-67b9-49fc-9e5d-0e85819d78fb,VARIANT,,true,,,,,,,,375,499,,IN_STOCK,false,,,,,,,,,,Cutting style:,TEXT_CHOICES,Curry,Weight,TEXT_CHOICES,0.5 Kg,,,,,,,,,,,,,,,,,,,,,,,,,,,,,,,,,,,,,,,,,,,,,,,,,,,,,,,,,,,,,,
Product_c30500ae-67b9-49fc-9e5d-0e85819d78fb,VARIANT,,true,,,,,,,,375,499,,IN_STOCK,false,,,,,,,,,,Cutting style:,TEXT_CHOICES,Whole Fish,Weight,TEXT_CHOICES,0.5 Kg,,,,,,,,,,,,,,,,,,,,,,,,,,,,,,,,,,,,,,,,,,,,,,,,,,,,,,,,,,,,,,
Product_c30500ae-67b9-49fc-9e5d-0e85819d78fb,MEDIA,,,,,,ebf235_c6b0fd2df94740a887838e93638399aa~mv2.jpg,,,,,,,,,,,,,,,,,,,,,,,,,,,,,,,,,,,,,,,,,,,,,,,,,,,,,,,,,,,,,,,,,,,,,,,,,,,,,,,,,,,,,
Product_c30500ae-67b9-49fc-9e5d-0e85819d78fb,MEDIA,,,,,,ebf235_5a9f322f01a0405e8ac915745caec93c~mv2.jpg,,,,,,,,,,,,,,,,,,,,,,,,,,,,,,,,,,,,,,,,,,,,,,,,,,,,,,,,,,,,,,,,,,,,,,,,,,,,,,,,,,,,,
Product_78b1da1a-908a-47fc-94dd-07a51355f3cc,PRODUCT,"Kadal Veraal / Cobia - (𝗚𝗿𝗼𝘀𝘀: 𝟴𝟱𝟬𝗴, 𝗡𝗲𝘁: 𝟱𝟬𝟬𝗴)",true,"<h2><span style=""font-weight: 700"">Fresh Kadal Veraal </span>(Cobia /<span style=""font-weight: 700""> </span>கடல் விரால்)</h2><h2><span style=""font-weight: 700"">Product Overview</span></h2><ul><li><p><span style=""font-weight: 700"">Net Weight :</span>&nbsp;500g</p></li><li><p><span style=""font-weight: 700"">Gross Weight :</span>&nbsp;850g</p></li><li><p><span style=""font-weight: 700"">Protein: </span>18g – 20g</p></li><li><p><span style=""font-weight: 700"">Pieces:</span>&nbsp;Approximately 4 – 7 whole fish</p></li><li><p><span style=""font-weight: 700"">Preparation:</span>&nbsp;Freshly sourced, thoroughly cleaned, and cut hygienically. Available as Whole Cleaned or Curry Cut pieces.</p></li><li><p><span style=""font-weight: 700"">Texture:</span>&nbsp;Soft, juicy, and tender with a rich, meaty flavor profile.</p></li></ul><p>Known for its rich flavor, soft flesh, and traditional coastal appeal, Kadal Veraal&nbsp;is a highly valued seafood choice across South India. Recognized for its smooth skin, firm body, and succulent meat, this fish is especially loved for its deep, savory taste that becomes even more flavorful when cooked in spicy gravies or rustic village-style preparations. Its tender texture and naturally juicy flesh make it ideal for hearty home-cooked seafood meals. Freshly sourced and carefully cleaned, our Kadal Veraal is prepared to deliver an authentic coastal dining experience.</p><h2><span style=""font-weight: 700"">Nutritional Profile (Per 100g)</span></h2><p>Kadal Veraal&nbsp;is a wholesome seafood option rich in protein and essential minerals.</p><table><tr><td><p>Nutrient</p></td><td><p>Amount</p></td></tr><tr><td><p>Calories</p></td><td><p>105 – 130 kcal</p></td></tr><tr><td><p>Protein</p></td><td><p>18g – 20g</p></td></tr><tr><td><p>Total Fat</p></td><td><p>3g – 5g</p></td></tr><tr><td><p>Omega-3 Fatty Acids</p></td><td><p>Moderate</p></td></tr><tr><td><p>Calcium</p></td><td><p>Moderate</p></td></tr><tr><td><p>Vitamin B12</p></td><td><p>High</p></td></tr></table><h2><span style=""font-weight: 700"">Key Benefits</span></h2><h3>Protein-Rich Nutrition</h3><p>Provides high-quality protein essential for muscle growth, tissue repair, and overall body strength.</p><h3>Energy &amp; Nerve Support</h3><p>Naturally rich in Vitamin B12, which supports healthy nerve function and helps maintain energy levels.</p><h3>Heart Wellness</h3><p>Contains beneficial Omega-3 fatty acids that contribute to cardiovascular health and overall wellness.</p><h3>Bone Strength</h3><p>Supplies essential minerals like Calcium and Phosphorus that help maintain strong bones and teeth.</p><h3>Satisfying &amp; Nourishing</h3><p>Its rich texture and filling nature make it an excellent choice for wholesome, comforting seafood meals.</p><h2><span style=""font-weight: 700"">Chef’s Tip</span></h2><p>Kadal Veraal&nbsp;is especially popular in traditional South Indian fish curries and spicy coastal gravies. Its soft meat absorbs spices beautifully, making it perfect for a fiery tamarind-based curry or a rustic village-style fish kuzhambu. For the best flavor, cook it slowly with shallots, garlic, curry leaves, and freshly ground masalas. Since the flesh is delicate, avoid excessive stirring while cooking to help the pieces remain intact and flavorful.</p>",fishes;deep-fry-favorites,fishes,,,,,,,,,,,,,,,,,,,Cutting style:,TEXT_CHOICES,Slices;Fillet;Cubes,Size,TEXT_CHOICES,Big,Weight,TEXT_CHOICES,0.5 Kg,,,,,,,,,,,,,,,,,,,,,,,,,,,,,,,,,,,,,,,,,,,,,,,,,,,,,,,,,,,
Product_78b1da1a-908a-47fc-94dd-07a51355f3cc,VARIANT,,true,,,,,,,,650,899,,IN_STOCK,false,,,,,,,,,,Cutting style:,TEXT_CHOICES,Slices,Size,TEXT_CHOICES,Big,Weight,TEXT_CHOICES,0.5 Kg,,,,,,,,,,,,,,,,,,,,,,,,,,,,,,,,,,,,,,,,,,,,,,,,,,,,,,,,,,,
Product_78b1da1a-908a-47fc-94dd-07a51355f3cc,VARIANT,,true,,,,,,,,800,899,,IN_STOCK,false,,,,,,,,,,Cutting style:,TEXT_CHOICES,Fillet,Size,TEXT_CHOICES,Big,Weight,TEXT_CHOICES,0.5 Kg,,,,,,,,,,,,,,,,,,,,,,,,,,,,,,,,,,,,,,,,,,,,,,,,,,,,,,,,,,,
Product_78b1da1a-908a-47fc-94dd-07a51355f3cc,VARIANT,,true,,,,,,,,650,899,,IN_STOCK,false,,,,,,,,,,Cutting style:,TEXT_CHOICES,Cubes,Size,TEXT_CHOICES,Big,Weight,TEXT_CHOICES,0.5 Kg,,,,,,,,,,,,,,,,,,,,,,,,,,,,,,,,,,,,,,,,,,,,,,,,,,,,,,,,,,,
Product_78b1da1a-908a-47fc-94dd-07a51355f3cc,MEDIA,,,,,,ebf235_b099dd62f52f4dfaafc3daaadc3d27e7~mv2.jpg,,,,,,,,,,,,,,,,,,,,,,,,,,,,,,,,,,,,,,,,,,,,,,,,,,,,,,,,,,,,,,,,,,,,,,,,,,,,,,,,,,,,,
Product_78b1da1a-908a-47fc-94dd-07a51355f3cc,MEDIA,,,,,,ebf235_55ecf1f5c5f14c62ae159b8b3535e2dc~mv2.jpg,,,,,,,,,,,,,,,,,,,,,,,,,,,,,,,,,,,,,,,,,,,,,,,,,,,,,,,,,,,,,,,,,,,,,,,,,,,,,,,,,,,,,
Product_78b1da1a-908a-47fc-94dd-07a51355f3cc,MEDIA,,,,,,ebf235_a23fb0ce90c942c48097b98dccc7c13f~mv2.jpg,,,,,,,,,,,,,,,,,,,,,,,,,,,,,,,,,,,,,,,,,,,,,,,,,,,,,,,,,,,,,,,,,,,,,,,,,,,,,,,,,,,,,
Product_78b1da1a-908a-47fc-94dd-07a51355f3cc,MEDIA,,,,,,ebf235_89117a4f97c64e45bf728fe0a5e96277~mv2.jpg,,,,,,,,,,,,,,,,,,,,,,,,,,,,,,,,,,,,,,,,,,,,,,,,,,,,,,,,,,,,,,,,,,,,,,,,,,,,,,,,,,,,,
Product_d0c0363b-2c82-4cb5-8133-479af17a76f0,PRODUCT,"Kalava / Grouper / Reef Cod - (𝗚𝗿𝗼𝘀𝘀: 𝟭𝟮𝟱𝟬𝗴, 𝗡𝗲𝘁: 𝟴𝟬𝟬𝗴)",false,"<h1><span style=""font-weight: 700"">Premium Kalava Fish </span>(Grouper / Reef Cod / கலவா மீன்)</h1><h2><span style=""font-weight: 700"">Product Overview</span></h2><ul><li><p><span style=""font-weight: 700"">Net Weight:</span> 800g </p></li><li><p><span style=""font-weight: 700"">Gross Weight : </span>1250g</p></li><li><p><span style=""font-weight: 700"">Protein:</span> 19g – 21g</p></li><li><p><span style=""font-weight: 700"">Serving Size:</span> Slices - (7-15 Pieces) | Cubes - (12-20 Pieces) </p></li><li><p><span style=""font-weight: 700"">Preparation:</span> Freshly caught from deep reef waters, thoroughly scaled, gilled, and gutted. Cut into clean, thick bone-in slices or neat, meaty cubes that hold together beautifully without breaking apart in high heat. </p></li><li><p><span style=""font-weight: 700"">Flavor Profile:</span> Very mild and clean with a distinctively sweet undertone and a dense, large-flaked, chunky texture. A premium delicacy highly favored across coastal kitchens and fine-dining restaurants, our Reef Cod (Kalava) is sourced fresh from daily boat landings. Because its dense, steak-like flesh absorbs spices deeply without losing its firm structure, it is the absolute finest choice for heavy-simmered clay pot curries, rich Kerala-style fish moilee, or a crispy, spice-crusted shallow fry.</p></li></ul><p>Highly prized for its thick, juicy flesh and rich seafood flavor, Kalava Fish&nbsp;is one of the most sought-after premium sea fish varieties in South India. Recognized for its firm texture and large flaky meat, Kalava is loved for its ability to absorb spices beautifully while still retaining its natural sweetness. Its meaty bite and minimal bones make it a favorite among seafood lovers and perfect for both curries and fried preparations. Freshly sourced and expertly cleaned, our Kalava Fish is ready to elevate your next coastal-style meal.</p><h2><span style=""font-weight: 700"">Nutritional Profile (Per 100g)</span></h2><table><tr><td><p><span style=""font-weight: 700"">Nutrient</span></p></td><td><p><span style=""font-weight: 700"">Amount</span></p></td></tr><tr><td><p><span style=""font-weight: 700"">Calories</span></p></td><td><p>90 - 105 kcal</p></td></tr><tr><td><p><span style=""font-weight: 700"">Protein</span></p></td><td><p>19g - 21g</p></td></tr><tr><td><p><span style=""font-weight: 700"">Total Fat</span></p></td><td><p>1g - 1.5g (Extremely Lean)</p></td></tr><tr><td><p><span style=""font-weight: 700"">Omega-3 Fatty Acids</span></p></td><td><p>Moderate</p></td></tr><tr><td><p><span style=""font-weight: 700"">Potassium</span></p></td><td><p>370mg - 395mg</p></td></tr><tr><td><p><span style=""font-weight: 700"">Phosphorus</span></p></td><td><p>140mg - 150mg</p></td></tr></table><h2><span style=""font-weight: 700"">Key Benefits</span></h2><h3>High-Quality Protein</h3><p>An excellent source of lean protein that supports muscle maintenance, strength, and overall body recovery.</p><h3>Heart &amp; Brain Support</h3><p>Contains beneficial Omega-3 fatty acids that contribute to cardiovascular wellness and cognitive health.</p><h3>Energy &amp; Nervous System Health</h3><p>Rich in Vitamin B12, which helps support healthy nerve function and natural energy production.</p><h3>Electrolyte Balance</h3><p>Provides Potassium, an essential mineral that helps regulate muscle function and maintain healthy blood pressure.</p><h3>Filling &amp; Nutritious</h3><p>Its thick, meaty texture makes it a satisfying seafood choice for balanced and wholesome meals.</p><h2><span style=""font-weight: 700"">Chef’s Tip</span></h2><p>&nbsp;Kalava is famous for its thick, chunky flakes that trap moisture inside while cooking. When making a traditional coastal curry, let the gravy simmer completely and reduce before adding the fish pieces. Drop the cubes or slices in during the last 7 to 8 minutes of cooking—the meat will turn incredibly juicy and succulent, absorbing the tang of the tamarind or kokum perfectly without tearing!</p>",fishes,fishes,,,,,,,,,,,,,,,,,,,Cutting style:,TEXT_CHOICES,Slices;Cubes,Weight,TEXT_CHOICES,750g,,,,,,,,,,,,,,,,,,,,,,,,,,,,,,,,,,,,,,,,,,,,,,,,,,,,,,,,,,,,,,
Product_d0c0363b-2c82-4cb5-8133-479af17a76f0,VARIANT,,true,,,,,,,,825,1099,,IN_STOCK,false,,,,,,,,,,Cutting style:,TEXT_CHOICES,Slices,Weight,TEXT_CHOICES,750g,,,,,,,,,,,,,,,,,,,,,,,,,,,,,,,,,,,,,,,,,,,,,,,,,,,,,,,,,,,,,,
Product_d0c0363b-2c82-4cb5-8133-479af17a76f0,VARIANT,,true,,,,,,,,825,1099,,IN_STOCK,false,,,,,,,,,,Cutting style:,TEXT_CHOICES,Cubes,Weight,TEXT_CHOICES,750g,,,,,,,,,,,,,,,,,,,,,,,,,,,,,,,,,,,,,,,,,,,,,,,,,,,,,,,,,,,,,,
Product_d0c0363b-2c82-4cb5-8133-479af17a76f0,MEDIA,,,,,,ebf235_128f19956d6b4a61b9fe91884ad508f6~mv2.jpg,,,,,,,,,,,,,,,,,,,,,,,,,,,,,,,,,,,,,,,,,,,,,,,,,,,,,,,,,,,,,,,,,,,,,,,,,,,,,,,,,,,,,
Product_d7ed0295-0f36-4a7d-8f64-68729448dfaf,PRODUCT,"Ara Kola / Wahoo / Garfish - (𝗚𝗿𝗼𝘀𝘀: 𝟳𝟱𝟬𝗴, 𝗡𝗲𝘁: 𝟱𝟬𝟬𝗴)",true,"<h2><span style=""font-weight: 700"">Premium Ara kola </span>(Wahoo / Garfish /<span style=""font-weight: 700"">&nbsp;</span>கோலா வஞ்சரம்)</h2><h3><span style=""font-weight: 700"">Product Overview</span></h3><ul><li><p><span style=""font-weight: 700"">Net Weight:</span>&nbsp;500g</p></li><li><p><span style=""font-weight: 700"">Gross Weight :</span>&nbsp;750g</p></li><li><p><span style=""font-weight: 700"">Protein: </span>12g – 22g</p></li><li><p><span style=""font-weight: 700"">Serving Size:</span>&nbsp;Slices - (4-8 Pieces), Cubes - (10-16 pcs)  .</p></li><li><p><span style=""font-weight: 700"">Preparation:</span>&nbsp;Freshly sourced, descaled, and thoroughly cleaned. Available as Whole Cleaned or Curry Cut pieces.</p></li><li><p><span style=""font-weight: 700"">Texture:</span>&nbsp;Soft, flaky, and tender with a mild, pleasant seafood flavor.</p></li></ul><p>Loved for its smooth texture, mild flavor, and delicate flaky meat, Ara Kola Fish&nbsp;is a popular coastal seafood choice across South India. Recognized by its sleek silver body and tender flesh, this fish is widely appreciated for its light taste that pairs beautifully with traditional spices and tangy curries. Its soft texture and minimal bones make it suitable for both children and adults, making it a versatile addition to everyday seafood meals. Freshly sourced and hygienically cleaned, our Ara Kola Fish is prepared to bring fresh coastal flavor straight to your kitchen.</p><h2><span style=""font-weight: 700"">Nutritional Profile (Per 100g)</span></h2><p>Ara Kola Fish&nbsp;is a healthy seafood option rich in lean protein and essential nutrients.</p><table><tr><td><p>Nutrient</p></td><td><p>Amount</p></td></tr><tr><td><p>Calories</p></td><td><p>100 – 125 kcal</p></td></tr><tr><td><p>Protein</p></td><td><p>19g – 22g</p></td></tr><tr><td><p>Total Fat</p></td><td><p>2g – 4g</p></td></tr><tr><td><p>Omega-3 Fatty Acids</p></td><td><p>Moderate</p></td></tr><tr><td><p>Selenium</p></td><td><p>High</p></td></tr><tr><td><p>Phosphorus</p></td><td><p>Moderate</p></td></tr></table><h2><span style=""font-weight: 700"">Key Benefits</span></h2><h3>Lean Protein Source</h3><p>Provides high-quality protein essential for muscle strength, tissue repair, and daily nutrition.</p><h3>Heart Health Support</h3><p>Contains beneficial Omega-3 fatty acids that help support cardiovascular wellness and overall health.</p><h3>Immunity &amp; Cell Protection</h3><p>Naturally rich in Selenium, an important antioxidant mineral that supports immune function and protects cells from oxidative stress.</p><h3>Bone &amp; Teeth Health</h3><p>Supplies Phosphorus, which works alongside calcium to help maintain strong bones and healthy teeth.</p><h3>Light &amp; Healthy Choice</h3><p>Its moderate calorie and low-fat content make it an excellent option for balanced, nutritious meals.</p><h2><span style=""font-weight: 700"">Chef’s Tip</span></h2><p>Ara Kola Fish&nbsp;is perfect for traditional South Indian fish fry and light tamarind-based curries. Its delicate flesh absorbs marinades beautifully, especially blends made with chili powder, turmeric, garlic, and curry leaves. For the best texture, pan-fry on medium heat until the outer layer turns crisp while the inside remains juicy and flaky. It also works wonderfully in thin coconut milk curries where its mild flavor can shine without being overpowered.</p>",fishes,fishes,,,,,,,,,,,,,,,,,,,Cutting style:,TEXT_CHOICES,Slices;Cubes,Size,TEXT_CHOICES,Large,Weight,TEXT_CHOICES,0.5 Kg,,,,,,,,,,,,,,,,,,,,,,,,,,,,,,,,,,,,,,,,,,,,,,,,,,,,,,,,,,,
Product_d7ed0295-0f36-4a7d-8f64-68729448dfaf,VARIANT,,true,,,,,,,,400,799,,IN_STOCK,false,,,,,,,,,,Cutting style:,TEXT_CHOICES,Slices,Size,TEXT_CHOICES,Large,Weight,TEXT_CHOICES,0.5 Kg,,,,,,,,,,,,,,,,,,,,,,,,,,,,,,,,,,,,,,,,,,,,,,,,,,,,,,,,,,,
Product_d7ed0295-0f36-4a7d-8f64-68729448dfaf,VARIANT,,true,,,,,,,,400,799,,IN_STOCK,false,,,,,,,,,,Cutting style:,TEXT_CHOICES,Cubes,Size,TEXT_CHOICES,Large,Weight,TEXT_CHOICES,0.5 Kg,,,,,,,,,,,,,,,,,,,,,,,,,,,,,,,,,,,,,,,,,,,,,,,,,,,,,,,,,,,
Product_d7ed0295-0f36-4a7d-8f64-68729448dfaf,MEDIA,,,,,,ebf235_b8400d165a4a4f17b5e3dce7640128a7~mv2.jpg,,,,,,,,,,,,,,,,,,,,,,,,,,,,,,,,,,,,,,,,,,,,,,,,,,,,,,,,,,,,,,,,,,,,,,,,,,,,,,,,,,,,,
Product_d7ed0295-0f36-4a7d-8f64-68729448dfaf,MEDIA,,,,,,ebf235_61a075ddad784a879d9bb585cad22a7a~mv2.jpg,,,,,,,,,,,,,,,,,,,,,,,,,,,,,,,,,,,,,,,,,,,,,,,,,,,,,,,,,,,,,,,,,,,,,,,,,,,,,,,,,,,,,
Product_3f3b229d-41c5-4a9a-b121-4e3655860203,PRODUCT,"Leather Jacket - (𝗚𝗿𝗼𝘀𝘀: 𝟳𝟱𝟬𝗴, 𝗡𝗲𝘁: 𝟱𝟬𝟬𝗴)",true,"<h1><span style=""font-weight: 700"">Premium Leather Jacket Fish</span>(தோல் கிளாத்தி / செருப்பு மீன்)</h1><h2><span style=""font-weight: 700"">Product Overview</span></h2><ul><li><p><span style=""font-weight: 700"">Net Weight:</span>&nbsp;500g</p></li><li><p><span style=""font-weight: 700"">Gross Weight :</span>&nbsp;750g</p></li><li><p><span style=""font-weight: 700"">Protein: </span>20g – 22g</p></li><li><p><span style=""font-weight: 700"">Serving Size:</span>&nbsp;. Slices (N: 500g, G: 750g) 7-15 Pieces | Cubes (N: 500g, G: 750g)10-16 Pieces | </p><p> Fillet Boneless (N: 350 - 400g , G: 750)</p></li><li><p><span style=""font-weight: 700"">Preparation:</span>&nbsp;Freshly sourced, cleaned thoroughly, and professionally prepared. Available as Skinless Curry Cut or Whole Cleaned pieces.</p></li><li><p><span style=""font-weight: 700"">Texture:</span>&nbsp;Firm, flaky, and juicy with a mild yet rich seafood flavor.</p></li></ul><p>Known for its unique skin texture, firm flesh, and rich coastal flavor, Leather Jacket Fish&nbsp;is a highly valued seafood variety enjoyed across South Indian coastal regions. This fish gets its name from its tough, leathery outer skin, while the meat inside remains tender, mildly sweet, and deliciously flaky. Its clean taste and meaty texture make it a versatile choice for fries, curries, and grilled seafood dishes. Freshly sourced and hygienically cleaned, our Leather Jacket Fish is prepared to bring authentic sea-fresh flavor straight to your kitchen.</p><h2><span style=""font-weight: 700"">Nutritional Profile (Per 100g)</span></h2><p>Leather Jacket Fish&nbsp;is a nutritious seafood option packed with lean protein and essential minerals.</p><table><tr><td><p><span style=""font-weight: 700"">Nutrient</span></p></td><td><p>Amount</p></td></tr><tr><td><p><span style=""font-weight: 700"">Calories</span></p></td><td><p>95 – 120 kcal</p></td></tr><tr><td><p><span style=""font-weight: 700"">Protein</span></p></td><td><p>20g – 22g</p></td></tr><tr><td><p><span style=""font-weight: 700"">Total Fat</span></p></td><td><p>2g – 4g</p></td></tr><tr><td><p><span style=""font-weight: 700"">Omega-3 Fatty Acids</span></p></td><td><p>Moderate</p></td></tr><tr><td><p><span style=""font-weight: 700"">Potassium</span></p></td><td><p>Moderate</p></td></tr><tr><td><p><span style=""font-weight: 700"">Vitamin B12</span></p></td><td><p>High</p></td></tr></table><h2><span style=""font-weight: 700"">Key Benefits</span></h2><h3>Lean Protein Source</h3><p>Rich in high-quality protein that supports muscle maintenance, recovery, and overall body strength.</p><h3>Heart &amp; Brain Wellness</h3><p>Contains beneficial Omega-3 fatty acids that contribute to cardiovascular and cognitive health.</p><h3>Energy Support</h3><p>Naturally high in Vitamin B12, helping support healthy nerve function and energy production.</p><h3>Light Yet Filling</h3><p>Low in fat while still offering a satisfying, meaty texture ideal for balanced meals.</p><h3>Versatile Seafood Choice</h3><p>Its firm flesh holds shape well during cooking, making it suitable for a wide variety of traditional and modern seafood dishes.</p><h2><span style=""font-weight: 700"">Chef’s Tip</span></h2><p>Leather Jacket Fish&nbsp;is excellent for spicy South Indian fish fry and pepper-based coastal curries. Its firm texture absorbs marinades beautifully without breaking apart during cooking. For best results, marinate with turmeric, chili powder, black pepper, ginger-garlic paste, and lemon juice before shallow frying until golden and crisp. It also works wonderfully in smoky grilled preparations served with fresh herbs and lime.</p>",fishes,fishes,,,,,,,,,,,,,,,,,,,Cutting style:,TEXT_CHOICES,Slices;Fillet;Cubes,Weight,TEXT_CHOICES,0.5 Kg,,,,,,,,,,,,,,,,,,,,,,,,,,,,,,,,,,,,,,,,,,,,,,,,,,,,,,,,,,,,,,
Product_3f3b229d-41c5-4a9a-b121-4e3655860203,VARIANT,,true,,,,,,,,500,799,,IN_STOCK,false,,,,,,,,,,Cutting style:,TEXT_CHOICES,Slices,Weight,TEXT_CHOICES,0.5 Kg,,,,,,,,,,,,,,,,,,,,,,,,,,,,,,,,,,,,,,,,,,,,,,,,,,,,,,,,,,,,,,
Product_3f3b229d-41c5-4a9a-b121-4e3655860203,VARIANT,,true,,,,,,,,550,799,,IN_STOCK,false,,,,,,,,,,Cutting style:,TEXT_CHOICES,Fillet,Weight,TEXT_CHOICES,0.5 Kg,,,,,,,,,,,,,,,,,,,,,,,,,,,,,,,,,,,,,,,,,,,,,,,,,,,,,,,,,,,,,,
Product_3f3b229d-41c5-4a9a-b121-4e3655860203,VARIANT,,true,,,,,,,,500,799,,IN_STOCK,false,,,,,,,,,,Cutting style:,TEXT_CHOICES,Cubes,Weight,TEXT_CHOICES,0.5 Kg,,,,,,,,,,,,,,,,,,,,,,,,,,,,,,,,,,,,,,,,,,,,,,,,,,,,,,,,,,,,,,
Product_3f3b229d-41c5-4a9a-b121-4e3655860203,MEDIA,,,,,,ebf235_c25a5f3244ee4bc48ddf31c16c22a97b~mv2.jpg,,,,,,,,,,,,,,,,,,,,,,,,,,,,,,,,,,,,,,,,,,,,,,,,,,,,,,,,,,,,,,,,,,,,,,,,,,,,,,,,,,,,,
Product_3f3b229d-41c5-4a9a-b121-4e3655860203,MEDIA,,,,,,ebf235_9d70cd9b6fc143d6b241f9e335e3224f~mv2.jpg,,,,,,,,,,,,,,,,,,,,,,,,,,,,,,,,,,,,,,,,,,,,,,,,,,,,,,,,,,,,,,,,,,,,,,,,,,,,,,,,,,,,,
Product_3f3b229d-41c5-4a9a-b121-4e3655860203,MEDIA,,,,,,ebf235_d97ff2d4cb6a439ea397c74988da9d0c~mv2.jpg,,,,,,,,,,,,,,,,,,,,,,,,,,,,,,,,,,,,,,,,,,,,,,,,,,,,,,,,,,,,,,,,,,,,,,,,,,,,,,,,,,,,,
Product_218c21c6-c508-4740-8072-9c5bf09f19d8,PRODUCT,"Thenga Paarai / Coconut Trevally - (𝗚𝗿𝗼𝘀𝘀: 𝟳𝟱𝟬𝗴, 𝗡𝗲𝘁: 𝟱𝟬𝟬𝗴)",true,"<h2><span style=""font-weight: 700"">Fresh Thenga Paarai </span>(Coconut Trevally / தேங்காய் பாறை)</h2><h2><span style=""font-weight: 700"">Product Overview</span></h2><ul><li><p><span style=""font-weight: 700"">Net Weight:</span>&nbsp;500g</p></li><li><p><span style=""font-weight: 700"">Gross Weight :</span>&nbsp;750g</p></li><li><p><span style=""font-weight: 700"">Protein: </span>20g – 24g</p></li><li><p><span style=""font-weight: 700"">Serving Size:</span>&nbsp;<span style=""font-weight: 700"">L - Slice</span> 5-9 Pieces | <span style=""font-weight: 700"">L - Cubes</span> 10-16 Pieces | <span style=""font-weight: 700"">M - Slice</span>  6-10 pcs</p></li><li><p><span style=""font-weight: 700"">Preparation:</span>&nbsp;Freshly sourced, descaled, and hygienically cleaned. Available as Whole Cleaned, Steak Cut, or Curry Cut pieces.</p></li><li><p><span style=""font-weight: 700"">Texture:</span>&nbsp;Firm, moderately meaty, and flaky with a rich savory flavor profile.</p></li></ul><p>Loved for its firm texture, rich taste, and versatile cooking style, Thenga Paarai Fish&nbsp;is a well-known coastal seafood favorite across South India. Recognized for its silvery body and flavorful meat, this fish offers a satisfying balance of tenderness and meaty bite. Its naturally rich flavor pairs exceptionally well with bold South Indian spices, making it ideal for fish fry, grilled preparations, and spicy curries. Freshly sourced and carefully cleaned, our Thenga Paarai Fish is ready to bring authentic coastal freshness to your home-cooked meals.</p><h2><span style=""font-weight: 700"">Nutritional Profile (Per 100g)</span></h2><p>Thenga Paarai Fish&nbsp;is a nutritious seafood choice packed with lean protein and essential minerals.</p><table><tr><td><p>Nutrient</p></td><td><p>Amount</p></td></tr><tr><td><p>Calories</p></td><td><p>105 – 135 kcal</p></td></tr><tr><td><p>Protein</p></td><td><p>20g – 24g</p></td></tr><tr><td><p>Total Fat</p></td><td><p>3g – 5g</p></td></tr><tr><td><p>Omega-3 Fatty Acids</p></td><td><p>Moderate</p></td></tr><tr><td><p>Potassium</p></td><td><p>High</p></td></tr><tr><td><p>Vitamin B12</p></td><td><p>Moderate to High</p></td></tr></table><h2><span style=""font-weight: 700"">Key Benefits</span></h2><h3>Lean Protein Support</h3><p>An excellent source of high-quality protein that supports muscle health, recovery, and daily nutrition.</p><h3>Heart Health Benefits</h3><p>Contains beneficial Omega-3 fatty acids that contribute to cardiovascular wellness and overall health.</p><h3>Energy &amp; Nerve Function</h3><p>Naturally provides Vitamin B12, which helps support healthy nerve function and energy production.</p><h3>Mineral-Rich Nutrition</h3><p>Rich in Potassium, helping support muscle function and maintain healthy fluid balance in the body.</p><h3>Satisfying Seafood Choice</h3><p>Its meaty texture and rich flavor make it a filling and wholesome option for seafood lovers.</p><h2><span style=""font-weight: 700"">Chef’s Tip</span></h2><p>Thenga Paarai Fish&nbsp;is best enjoyed as a spicy fish fry or thick coastal-style curry. Its firm flesh absorbs marinades exceptionally well without breaking apart during cooking. Marinate with red chili powder, turmeric, black pepper, ginger-garlic paste, and lemon juice before shallow frying for a crispy outer layer and juicy interior. It also performs beautifully in roasted and grilled seafood preparations with smoky spices and curry leaves.</p>",fishes,fishes,,,,,,,,,,,,,,,,,,,Cutting style:,TEXT_CHOICES,Slices;Cubes,Size,TEXT_CHOICES,Large;Medium,Weight,TEXT_CHOICES,0.5 Kg,,,,,,,,,,,,,,,,,,,,,,,,,,,,,,,,,,,,,,,,,,,,,,,,,,,,,,,,,,,
Product_218c21c6-c508-4740-8072-9c5bf09f19d8,VARIANT,,true,,,,,,,,550,699,,IN_STOCK,false,,,,,,,,,,Cutting style:,TEXT_CHOICES,Slices,Size,TEXT_CHOICES,Large,Weight,TEXT_CHOICES,0.5 Kg,,,,,,,,,,,,,,,,,,,,,,,,,,,,,,,,,,,,,,,,,,,,,,,,,,,,,,,,,,,
Product_218c21c6-c508-4740-8072-9c5bf09f19d8,VARIANT,,true,,,,,,,,500,699,,IN_STOCK,false,,,,,,,,,,Cutting style:,TEXT_CHOICES,Slices,Size,TEXT_CHOICES,Medium,Weight,TEXT_CHOICES,0.5 Kg,,,,,,,,,,,,,,,,,,,,,,,,,,,,,,,,,,,,,,,,,,,,,,,,,,,,,,,,,,,
Product_218c21c6-c508-4740-8072-9c5bf09f19d8,VARIANT,,true,,,,,,,,550,699,,IN_STOCK,false,,,,,,,,,,Cutting style:,TEXT_CHOICES,Cubes,Size,TEXT_CHOICES,Large,Weight,TEXT_CHOICES,0.5 Kg,,,,,,,,,,,,,,,,,,,,,,,,,,,,,,,,,,,,,,,,,,,,,,,,,,,,,,,,,,,
Product_218c21c6-c508-4740-8072-9c5bf09f19d8,VARIANT,,false,,,,,,,,550,699,,IN_STOCK,false,,,,,,,,,,Cutting style:,TEXT_CHOICES,Cubes,Size,TEXT_CHOICES,Medium,Weight,TEXT_CHOICES,0.5 Kg,,,,,,,,,,,,,,,,,,,,,,,,,,,,,,,,,,,,,,,,,,,,,,,,,,,,,,,,,,,
Product_218c21c6-c508-4740-8072-9c5bf09f19d8,MEDIA,,,,,,ebf235_8e338b9dc7b84a2995284ff6ee03e0e7~mv2.jpg,,,,,,,,,,,,,,,,,,,,,,,,,,,,,,,,,,,,,,,,,,,,,,,,,,,,,,,,,,,,,,,,,,,,,,,,,,,,,,,,,,,,,
Product_218c21c6-c508-4740-8072-9c5bf09f19d8,MEDIA,,,,,,ebf235_19199ba4b6d6405cb48b0417b778f217~mv2.jpg,,,,,,,,,,,,,,,,,,,,,,,,,,,,,,,,,,,,,,,,,,,,,,,,,,,,,,,,,,,,,,,,,,,,,,,,,,,,,,,,,,,,,
Product_218c21c6-c508-4740-8072-9c5bf09f19d8,MEDIA,,,,,,ebf235_5758b1198d634c0c9fd79576b0c4c579~mv2.jpg,,,,,,,,,,,,,,,,,,,,,,,,,,,,,,,,,,,,,,,,,,,,,,,,,,,,,,,,,,,,,,,,,,,,,,,,,,,,,,,,,,,,,
Product_0816b81e-a472-4756-8f90-fe953c99a31c,PRODUCT,"Kannadi Paarai / Musal paarai - (𝗚𝗿𝗼𝘀𝘀: 𝟳𝟱𝟬𝗴, 𝗡𝗲𝘁: 𝟱𝟬𝟬𝗴)",true,"<h2><span style=""font-weight: 700"">Fresh Kannadi Paarai </span>(Musal paarai&nbsp;/ Diamond Trevally / கண்ணாடிப் பாறை)</h2><p>.</p><h2><span style=""font-weight: 700"">Product Overview</span></h2><ul><li><p><span style=""font-weight: 700"">Net Weight:</span>&nbsp;500g</p></li><li><p><span style=""font-weight: 700"">Gross Weight :</span>&nbsp;750g</p></li><li><p><span style=""font-weight: 700"">Protein: </span>18g – 21g</p></li><li><p><span style=""font-weight: 700"">Serving Size: M - Slice</span>  5-9 Pieces |<span style=""font-weight: 700""> M - Cubes</span> 10-16 Pieces</p></li><li><p><span style=""font-weight: 700"">Preparation:</span>&nbsp;Freshly sourced, descaled, and thoroughly cleaned. Available as Whole Cleaned or Curry Cut pieces.</p></li><li><p><span style=""font-weight: 700"">Texture:</span>&nbsp;Soft, flaky, and tender with a mild, clean seafood flavor.</p></li></ul><p>Known for its shiny silver appearance and delicate, flavorful meat, Kannadi Paara Fish&nbsp;is a cherished coastal seafood variety enjoyed across South India. The name “Kannadi,” meaning “mirror,” comes from its glossy, reflective skin that gives the fish its striking appearance. Loved for its soft texture and mild taste, this fish is ideal for light curries, crispy fish fry, and comforting homemade seafood dishes. Freshly sourced and hygienically cleaned, our Kannadi Paara Fish brings authentic sea-fresh flavor straight to your kitchen</p><h2><span style=""font-weight: 700"">Nutritional Profile (Per 100g)</span></h2><p>Kannadi Paara Fish&nbsp;is a nutritious seafood option rich in lean protein and essential nutrients.</p><table><tr><td><p>Nutrient</p></td><td><p>Amount</p></td></tr><tr><td><p>Calories</p></td><td><p>95 – 120 kcal</p></td></tr><tr><td><p>Protein</p></td><td><p>18g – 21g</p></td></tr><tr><td><p>Total Fat</p></td><td><p>2g – 4g</p></td></tr><tr><td><p>Omega-3 Fatty Acids</p></td><td><p>Moderate</p></td></tr><tr><td><p>Calcium</p></td><td><p>Moderate</p></td></tr><tr><td><p>Selenium</p></td><td><p>Moderate</p></td></tr></table><h2><span style=""font-weight: 700"">Key Benefits</span></h2><h3>Lean &amp; Healthy Protein</h3><p>Provides high-quality protein essential for muscle maintenance, repair, and overall wellness.</p><h3>Heart-Friendly Nutrition</h3><p>Contains beneficial Omega-3 fatty acids that help support cardiovascular health.</p><h3>Bone Support</h3><p>Naturally contains Calcium and other essential minerals that contribute to healthy bones and teeth.</p><h3>Light &amp; Easy to Digest</h3><p>Its soft texture and mild flavor make it a suitable seafood choice for all age groups.</p><h3>Balanced Everyday Seafood</h3><p>Low in fat while still being flavorful and satisfying for wholesome daily meals.</p><h2><span style=""font-weight: 700"">Chef’s Tip</span></h2><p>Kannadi Paara Fish&nbsp;is especially delicious when prepared as a crispy shallow fry with chili, turmeric, and pepper-based marinades. Its delicate flesh also works beautifully in light tamarind or coconut-based curries where the subtle seafood flavor can truly shine. Since the meat is tender, cook gently over medium heat to keep the pieces intact and juicy.</p>",fishes,fishes,,,,,,,,,,,,,,,,,,,Cutting style:,TEXT_CHOICES,Slices;Cubes,Weight,TEXT_CHOICES,0.5 Kg,,,,,,,,,,,,,,,,,,,,,,,,,,,,,,,,,,,,,,,,,,,,,,,,,,,,,,,,,,,,,,
Product_0816b81e-a472-4756-8f90-fe953c99a31c,VARIANT,,true,,,,,,,,475,699,,IN_STOCK,false,,,,,,,,,,Cutting style:,TEXT_CHOICES,Slices,Weight,TEXT_CHOICES,0.5 Kg,,,,,,,,,,,,,,,,,,,,,,,,,,,,,,,,,,,,,,,,,,,,,,,,,,,,,,,,,,,,,,
Product_0816b81e-a472-4756-8f90-fe953c99a31c,VARIANT,,true,,,,,,,,475,699,,IN_STOCK,false,,,,,,,,,,Cutting style:,TEXT_CHOICES,Cubes,Weight,TEXT_CHOICES,0.5 Kg,,,,,,,,,,,,,,,,,,,,,,,,,,,,,,,,,,,,,,,,,,,,,,,,,,,,,,,,,,,,,,
Product_0816b81e-a472-4756-8f90-fe953c99a31c,MEDIA,,,,,,ebf235_e4eb1e652d734859879a334bf6f524ae~mv2.jpg,,,,,,,,,,,,,,,,,,,,,,,,,,,,,,,,,,,,,,,,,,,,,,,,,,,,,,,,,,,,,,,,,,,,,,,,,,,,,,,,,,,,,
Product_a544bc46-c6d4-40c4-95f2-1006bcd456bf,PRODUCT,"Parla Fish / Mahi-mahi - (𝗚𝗿𝗼𝘀𝘀: 𝟳𝟱𝟬𝗴, 𝗡𝗲𝘁: 𝟱𝟬𝟬𝗴)",true,"<h2><span style=""font-weight: 700"">Fresh Parla fish </span>(Mahi-mahi /<span style=""font-weight: 700"">&nbsp;</span>Dolphin fish<span style=""font-weight: 700"">&nbsp;</span>/பர்லா மீன்)</h2><h3><span style=""font-weight: 700"">Product Overview</span></h3><ul><li><p><span style=""font-weight: 700"">Net Weight:</span>&nbsp;500g</p></li><li><p><span style=""font-weight: 700"">Gross Weight :</span>&nbsp;750g</p></li><li><p><span style=""font-weight: 700"">Protein: </span>18g – 19g</p></li><li><p><span style=""font-weight: 700"">Serving Size:</span>&nbsp;Slices 5-9 Pieces | Cubes 10-16 Pieces | Fillet Boneless (6-10 pcs) | Finger cut Boneless(20-40 pcs) </p></li><li><p><span style=""font-weight: 700"">Preparation:</span>&nbsp;Freshly sourced, descaled, and thoroughly cleaned. Available as Whole Cleaned or Curry Cut pieces.</p></li><li><p><span style=""font-weight: 700"">Texture:</span>&nbsp;Soft, juicy, and moderately oily with a rich seafood flavor profile.</p></li></ul><p>Widely loved for its bold flavor, rich oil content, and tender meat, Parla Fish&nbsp;is a staple seafood favorite across South Indian coastal kitchens. Recognized for its silvery body and naturally flavorful flesh, this fish is especially popular in spicy curries and traditional fish fry preparations. Its juicy texture and rich taste make it highly satisfying, while its nutritional value makes it a wholesome choice for everyday seafood meals. Freshly sourced and hygienically cleaned, our Parla Fish is ready to bring authentic coastal flavor to your table.</p><h2><span style=""font-weight: 700"">Nutritional Profile (Per 100g)</span></h2><p>Parla Fish&nbsp;is a highly nutritious seafood choice rich in healthy fats, protein, and essential vitamins.</p><table><tr><td><p>Nutrient</p></td><td><p>Amount</p></td></tr><tr><td><p>Calories</p></td><td><p>140 – 180 kcal</p></td></tr><tr><td><p>Protein</p></td><td><p>19g – 22g</p></td></tr><tr><td><p>Total Fat</p></td><td><p>7g – 11g</p></td></tr><tr><td><p>Omega-3 Fatty Acids</p></td><td><p>High</p></td></tr><tr><td><p>Vitamin D</p></td><td><p>High</p></td></tr><tr><td><p>Vitamin B12</p></td><td><p>High</p></td></tr></table><h2><span style=""font-weight: 700"">Key Benefits</span></h2><h3>Rich in Omega-3</h3><p>Packed with heart-friendly Omega-3 fatty acids that help support cardiovascular and brain health.</p><h3>High-Quality Protein</h3><p>Provides excellent protein essential for muscle maintenance, body repair, and daily nutrition.</p><h3>Bone &amp; Immunity Support</h3><p>Naturally rich in Vitamin D, which helps strengthen bones and supports immune health.</p><h3>Energy &amp; Nerve Health</h3><p>Contains high levels of Vitamin B12 that contribute to healthy nerve function and energy production.</p><h3>Flavorful &amp; Filling</h3><p>Its naturally rich and oily texture makes it a deeply satisfying seafood option for wholesome meals.</p><h2><span style=""font-weight: 700"">Chef’s Tip</span></h2><p>Parla Fish&nbsp;is best enjoyed in spicy tamarind-based curries and crispy coastal-style fish fry. Its rich flesh absorbs masalas beautifully, especially marinades made with chili powder, turmeric, garlic, and black pepper. Shallow fry until golden and crisp for maximum flavor, or simmer gently in traditional fish kuzhambu for a deeply aromatic coastal meal.</p>",fishes,fishes,,,,,,,,,,,,,,,,,,,Cutting style:,TEXT_CHOICES,Slices;Fillet;Cubes;Fillet Boneless,Size,TEXT_CHOICES,Large,Weight,TEXT_CHOICES,0.5 Kg,,,,,,,,,,,,,,,,,,,,,,,,,,,,,,,,,,,,,,,,,,,,,,,,,,,,,,,,,,,
Product_a544bc46-c6d4-40c4-95f2-1006bcd456bf,VARIANT,,true,,,,,,,,550,699,,IN_STOCK,false,,,,,,,,,,Cutting style:,TEXT_CHOICES,Slices,Size,TEXT_CHOICES,Large,Weight,TEXT_CHOICES,0.5 Kg,,,,,,,,,,,,,,,,,,,,,,,,,,,,,,,,,,,,,,,,,,,,,,,,,,,,,,,,,,,
Product_a544bc46-c6d4-40c4-95f2-1006bcd456bf,VARIANT,,true,,,,,,,,600,999,,IN_STOCK,false,,,,,,,,,,Cutting style:,TEXT_CHOICES,Fillet,Size,TEXT_CHOICES,Large,Weight,TEXT_CHOICES,0.5 Kg,,,,,,,,,,,,,,,,,,,,,,,,,,,,,,,,,,,,,,,,,,,,,,,,,,,,,,,,,,,
Product_a544bc46-c6d4-40c4-95f2-1006bcd456bf,VARIANT,,true,,,,,,,,550,699,,IN_STOCK,false,,,,,,,,,,Cutting style:,TEXT_CHOICES,Cubes,Size,TEXT_CHOICES,Large,Weight,TEXT_CHOICES,0.5 Kg,,,,,,,,,,,,,,,,,,,,,,,,,,,,,,,,,,,,,,,,,,,,,,,,,,,,,,,,,,,
Product_a544bc46-c6d4-40c4-95f2-1006bcd456bf,VARIANT,,true,,,,,,,,600,999,,IN_STOCK,false,,,,,,,,,,Cutting style:,TEXT_CHOICES,Fillet Boneless,Size,TEXT_CHOICES,Large,Weight,TEXT_CHOICES,0.5 Kg,,,,,,,,,,,,,,,,,,,,,,,,,,,,,,,,,,,,,,,,,,,,,,,,,,,,,,,,,,,
Product_a544bc46-c6d4-40c4-95f2-1006bcd456bf,MEDIA,,,,,,ebf235_d28548a6d26c4b78a9677fe155326622~mv2.jpg,,,,,,,,,,,,,,,,,,,,,,,,,,,,,,,,,,,,,,,,,,,,,,,,,,,,,,,,,,,,,,,,,,,,,,,,,,,,,,,,,,,,,
Product_a544bc46-c6d4-40c4-95f2-1006bcd456bf,MEDIA,,,,,,ebf235_b0bf23e554c9484b9ac81e2c65ff71a5~mv2.jpg,,,,,,,,,,,,,,,,,,,,,,,,,,,,,,,,,,,,,,,,,,,,,,,,,,,,,,,,,,,,,,,,,,,,,,,,,,,,,,,,,,,,,
Product_a544bc46-c6d4-40c4-95f2-1006bcd456bf,MEDIA,,,,,,ebf235_292b55aa71754bc994c57307dfd650d4~mv2.jpg,,,,,,,,,,,,,,,,,,,,,,,,,,,,,,,,,,,,,,,,,,,,,,,,,,,,,,,,,,,,,,,,,,,,,,,,,,,,,,,,,,,,,
Product_a544bc46-c6d4-40c4-95f2-1006bcd456bf,MEDIA,,,,,,ebf235_e9f760f14f90436582dc7c8ff9be6238~mv2.jpg,,,,,,,,,,,,,,,,,,,,,,,,,,,,,,,,,,,,,,,,,,,,,,,,,,,,,,,,,,,,,,,,,,,,,,,,,,,,,,,,,,,,,
Product_a544bc46-c6d4-40c4-95f2-1006bcd456bf,MEDIA,,,,,,ebf235_635ed541410a41f3bed2a7309534146c~mv2.jpg,,,,,,,,,,,,,,,,,,,,,,,,,,,,,,,,,,,,,,,,,,,,,,,,,,,,,,,,,,,,,,,,,,,,,,,,,,,,,,,,,,,,,
Product_8791e37e-c024-4d6f-a8ca-405dde454a78,PRODUCT,"Kumara Paarai / Malabar Kingfish - (𝗚𝗿𝗼𝘀𝘀: 𝟳𝟱𝟬𝗴, 𝗡𝗲𝘁: 𝟱𝟬𝟬𝗴)",false,"<h2><span style=""font-weight: 700"">Fresh Kumara Paarai </span>(Malabar Kingfish / குமார பாறை)</h2><h2><span style=""font-weight: 700"">Product Overview</span></h2><ul><li><p><span style=""font-weight: 700"">Net Weight:</span>&nbsp;500g</p></li><li><p><span style=""font-weight: 700"">Gross Weight :</span>&nbsp;750g</p></li><li><p><span style=""font-weight: 700"">Protein: </span>20g – 22g</p></li><li><p><span style=""font-weight: 700"">Serving Size:&nbsp;Slices -</span> 5-9 Pieces | <span style=""font-weight: 700"">Cubes</span> - 10-16 Pieces</p></li><li><p><span style=""font-weight: 700"">Preparation:</span>&nbsp;Freshly sourced, descaled, and hygienically cleaned. Available as Whole Cleaned, Steak Cut, or Curry Cut pieces.</p></li><li><p><span style=""font-weight: 700"">Texture:</span>&nbsp;Firm, thick, and flaky with a rich, mildly sweet seafood flavor.</p></li></ul><p>Known for its firm flesh, rich flavor, and premium coastal quality, Kumara Paarai Fish&nbsp;is a highly valued seafood variety enjoyed across South India. This fish is appreciated for its thick, flaky meat and mildly sweet seafood taste that pairs exceptionally well with traditional spices and slow-cooked gravies. Its meaty texture makes it perfect for hearty fish curries, spicy fry preparations, and grilled seafood dishes. Freshly sourced and carefully cleaned, our Kumara Paarai Fish is prepared to bring authentic sea-fresh flavor to your kitchen.</p><h2><span style=""font-weight: 700"">Nutritional Profile (Per 100g)</span></h2><p>Kumara Paarai Fish&nbsp;is a wholesome seafood option packed with lean protein and essential nutrients.</p><table><tr><td><p>Nutrient</p></td><td><p>Amount</p></td></tr><tr><td><p>Calories</p></td><td><p>105 – 135 kcal</p></td></tr><tr><td><p>Protein</p></td><td><p>20g – 22g</p></td></tr><tr><td><p>Total Fat</p></td><td><p>2g – 5g</p></td></tr><tr><td><p>Omega-3 Fatty Acids</p></td><td><p>Moderate</p></td></tr><tr><td><p>Potassium</p></td><td><p>High</p></td></tr><tr><td><p>Vitamin B12</p></td><td><p>Moderate to High</p></td></tr></table><h2><span style=""font-weight: 700"">Key Benefits</span></h2><h3>High-Quality Protein</h3><p>An excellent source of lean protein that supports muscle growth, body repair, and overall wellness.</p><h3>Heart Health Support</h3><p>Contains beneficial Omega-3 fatty acids that contribute to cardiovascular health and balanced nutrition.</p><h3>Energy &amp; Nervous System Support</h3><p>Naturally rich in Vitamin B12, helping maintain healthy nerve function and natural energy levels.</p><h3>Mineral-Rich Nutrition</h3><p>Provides Potassium and other essential minerals that support muscle function and body hydration balance.</p><h3>Satisfying Seafood Choice</h3><p>Its thick, meaty texture makes it a filling and flavorful option for wholesome seafood meals.</p><h2><span style=""font-weight: 700"">Chef’s Tip</span></h2><p>Kumara Paarai Fish&nbsp;is excellent for spicy South Indian fish curries and masala fry preparations. Its firm flesh holds together beautifully during slow cooking, allowing it to absorb rich spices without breaking apart. Marinate with turmeric, chili powder, ginger-garlic paste, black pepper, and lemon juice before frying for a crispy outer layer and juicy interior. It also tastes exceptional when grilled over charcoal with smoky coastal spices.</p>",fishes,fishes,,,,,,,,,,,,,,,,,,,Cutting style:,TEXT_CHOICES,Slices;Cubes,Weight,TEXT_CHOICES,0.5 Kg,,,,,,,,,,,,,,,,,,,,,,,,,,,,,,,,,,,,,,,,,,,,,,,,,,,,,,,,,,,,,,
Product_8791e37e-c024-4d6f-a8ca-405dde454a78,VARIANT,,true,,,,,,,,375,599,,IN_STOCK,false,,,,,,,,,,Cutting style:,TEXT_CHOICES,Slices,Weight,TEXT_CHOICES,0.5 Kg,,,,,,,,,,,,,,,,,,,,,,,,,,,,,,,,,,,,,,,,,,,,,,,,,,,,,,,,,,,,,,
Product_8791e37e-c024-4d6f-a8ca-405dde454a78,VARIANT,,true,,,,,,,,375,599,,IN_STOCK,false,,,,,,,,,,Cutting style:,TEXT_CHOICES,Cubes,Weight,TEXT_CHOICES,0.5 Kg,,,,,,,,,,,,,,,,,,,,,,,,,,,,,,,,,,,,,,,,,,,,,,,,,,,,,,,,,,,,,,
Product_8791e37e-c024-4d6f-a8ca-405dde454a78,MEDIA,,,,,,ebf235_118f7729c2b84bc4aa16d17062537c6a~mv2.jpg,,,,,,,,,,,,,,,,,,,,,,,,,,,,,,,,,,,,,,,,,,,,,,,,,,,,,,,,,,,,,,,,,,,,,,,,,,,,,,,,,,,,,
Product_93cdc63e-eea4-4e8b-8d8a-c4a95f07e6fd,PRODUCT,Lobster/சிங்கி இறால் ,true,"<h1><span style=""font-weight: 700"">Premium Lobster</span></h1><p>Renowned for its rich flavor, succulent meat, and luxurious seafood appeal, Lobster&nbsp;is one of the most prized delicacies enjoyed across coastal cuisines worldwide. Recognizable by its hard shell, tender white meat, and naturally sweet taste, lobster offers a premium dining experience with every bite. Its juicy texture and rich seafood flavor make it perfect for grills, buttery preparations, curries, and continental seafood dishes. Freshly sourced and expertly cleaned, our Lobster is prepared to bring restaurant-quality seafood straight to your kitchen.</p><h2>Product Overview</h2><ul><li><p><span style=""font-weight: 700"">Serving Size:</span>&nbsp;Ideal for 2 to 4 people</p></li><li><p><span style=""font-weight: 700"">Preparation:</span>&nbsp;Freshly sourced, cleaned hygienically, and prepared for cooking. Available as Whole Cleaned, Halved, or Tail portions.</p></li><li><p><span style=""font-weight: 700"">Texture:</span>&nbsp;Juicy, tender, and meaty with a rich, naturally sweet seafood flavor.</p></li></ul><h2>Nutritional Profile (Per 100g)</h2><p>Lobster&nbsp;is a premium seafood choice rich in lean protein and essential nutrients.</p><table><tr><td><p>Nutrient</p></td><td><p>Amount</p></td></tr><tr><td><p>Calories</p></td><td><p>90 – 110 kcal</p></td></tr><tr><td><p>Protein</p></td><td><p>19g – 22g</p></td></tr><tr><td><p>Total Fat</p></td><td><p>1g – 2g</p></td></tr><tr><td><p>Omega-3 Fatty Acids</p></td><td><p>Moderate</p></td></tr><tr><td><p>Zinc</p></td><td><p>High</p></td></tr><tr><td><p>Vitamin B12</p></td><td><p>High</p></td></tr></table><h2>Key Benefits</h2><h3>High-Quality Lean Protein</h3><p>Provides excellent protein essential for muscle growth, tissue repair, and overall body strength while remaining low in fat.</p><h3>Immunity Support</h3><p>Rich in Zinc, an important mineral that helps support immune health and overall wellness.</p><h3>Energy &amp; Nerve Health</h3><p>Naturally high in Vitamin B12, which contributes to healthy nerve function and sustained energy production.</p><h3>Heart-Friendly Seafood</h3><p>Contains beneficial Omega-3 fatty acids that support cardiovascular and brain health.</p><h3>Premium &amp; Satisfying</h3><p>Its rich flavor and meaty texture make it a luxurious yet nutritious seafood option for special meals.</p><h2><span style=""font-weight: 700"">Chef’s Tip</span></h2><p>Lobster&nbsp;is best enjoyed grilled with garlic butter, lightly seasoned with herbs, or cooked in rich coastal-style curries. To preserve its tender texture, avoid overcooking, as lobster meat cooks quickly and can become chewy. For maximum flavor, baste with butter, garlic, pepper, and lemon juice while grilling, and serve hot with fresh herbs or buttery sauces for a complete seafood feast.</p>",shell-foods,shell-foods,,,,,2000,2799,,OUT_OF_STOCK,false,,,,,,,,,,,,,,,,,,,,,,,,,,,,,,,,,,,,,,,,,,,,,,,,,,,,,,,,,,,,,,,,,,,,,,,,,,,,,
Product_93cdc63e-eea4-4e8b-8d8a-c4a95f07e6fd,MEDIA,,,,,,180cb8_b6707bab5184491fa6aad2c3dcd7fa5b~mv2.jpg,,,,,,,,,,,,,,,,,,,,,,,,,,,,,,,,,,,,,,,,,,,,,,,,,,,,,,,,,,,,,,,,,,,,,,,,,,,,,,,,,,,,,
Product_c690c5e5-f006-4cc8-9526-2f63a9f4db98,PRODUCT,"Nandu / 3 Spotted Crab - (𝗚𝗿𝗼𝘀𝘀: 𝟳𝟱𝟬𝗴, 𝗡𝗲𝘁: 𝟱𝟬𝟬𝗴)",true,"<h2><span style=""font-weight: 700"">Premium Nandu </span>(3 Spotted Crab<span style=""font-weight: 700"">&nbsp;</span>/நண்டு)</h2><h2><span style=""font-weight: 700"">Product Overview</span></h2><ul><li><p><span style=""font-weight: 700"">Net Weight:</span>&nbsp;500g</p></li><li><p><span style=""font-weight: 700"">Gross Weight :</span>&nbsp;750g</p></li><li><p><span style=""font-weight: 700"">Protein: </span>18g – 21g</p></li><li><p><span style=""font-weight: 700"">Serving Size:</span>&nbsp;<span style=""font-weight: 700"">Cleaned 2Pc</span> - 8-15 Pieces | <span style=""font-weight: 700"">Whole Cleaned -</span> 3-7 Pieces</p></li><li><p><span style=""font-weight: 700"">Preparation:</span>&nbsp;Freshly sourced, thoroughly cleaned, and hygienically prepared. Available as Whole Cleaned or Cut &amp; Cracked pieces for easy cooking.</p></li><li><p><span style=""font-weight: 700"">Texture:</span>&nbsp;Juicy, tender, and slightly firm with a naturally sweet seafood flavor.</p></li></ul><p>Celebrated for its sweet, juicy meat and rich coastal flavor, Nandu&nbsp;is a treasured seafood delicacy across South India. Known for its hard shell, tender flesh, and deeply flavorful taste, crab is widely loved in spicy curries, masala preparations, and traditional coastal recipes. Its naturally sweet meat absorbs aromatic spices beautifully, creating a rich and satisfying seafood experience. Freshly sourced and carefully cleaned, our Nandu is prepared to bring authentic coastal freshness and restaurant-style flavor straight to your kitchen.</p><h2><span style=""font-weight: 700"">Nutritional Profile (Per 100g)</span></h2><p>Nandu&nbsp;is a nutritious seafood option rich in lean protein, minerals, and essential vitamins.</p><table><tr><td><p><span style=""font-weight: 700"">Nutrient</span></p></td><td><p><span style=""font-weight: 700"">Amount</span></p></td></tr><tr><td><p><span style=""font-weight: 700"">Calories</span></p></td><td><p>95 – 120 kcal</p></td></tr><tr><td><p><span style=""font-weight: 700"">Protein</span></p></td><td><p>18g – 21g</p></td></tr><tr><td><p><span style=""font-weight: 700"">Total Fat</span></p></td><td><p>1g – 3g</p></td></tr><tr><td><p><span style=""font-weight: 700"">Omega-3 Fatty Acids</span></p></td><td><p>Moderate</p></td></tr><tr><td><p><span style=""font-weight: 700"">Zinc</span></p></td><td><p>High</p></td></tr><tr><td><p><span style=""font-weight: 700"">Vitamin B12</span></p></td><td><p>High</p></td></tr></table><h2><span style=""font-weight: 700"">Key Benefits</span></h2><h3>Lean Protein Source</h3><p>Provides high-quality protein essential for muscle maintenance, tissue repair, and overall body strength.</p><h3>Immunity Support</h3><p>Naturally rich in Zinc, which helps strengthen the immune system and supports overall wellness.</p><h3>Energy &amp; Nerve Function</h3><p>Contains high levels of Vitamin B12 that help maintain healthy nerve function and support natural energy production.</p><h3>Heart Health Benefits</h3><p>Supplies beneficial Omega-3 fatty acids that contribute to cardiovascular and brain health.</p><h3>Rich &amp; Satisfying Seafood</h3><p>Its sweet, flavorful meat makes it a wholesome and indulgent seafood choice for family meals.</p><h2><span style=""font-weight: 700"">Chef’s Tip</span></h2><p>Nandu&nbsp;is best enjoyed in spicy South Indian crab masala or traditional pepper crab preparations. Its naturally sweet meat pairs exceptionally well with bold flavors like black pepper, garlic, fennel, curry leaves, and shallots. Slow cooking in rich masala helps the crab absorb spices deeply while enhancing its signature coastal aroma. Serve hot with steamed rice, dosa, or parotta for an unforgettable seafood feast.</p>",shell-foods,shell-foods,,,,,,,,,,,,,,,,,,,Weight,TEXT_CHOICES,0.5 Kg,Cutting style:,TEXT_CHOICES,Cut in 2 Pieces;Whole,,,,,,,,,,,,,,,,,,,,,,,,,,,,,,,,,,,,,,,,,,,,,,,,,,,,,,,,,,,,,,
Product_c690c5e5-f006-4cc8-9526-2f63a9f4db98,VARIANT,,true,,,,,,,,525,,,IN_STOCK,false,,,,,,,,,,Weight,TEXT_CHOICES,0.5 Kg,Cutting style:,TEXT_CHOICES,Cut in 2 Pieces,,,,,,,,,,,,,,,,,,,,,,,,,,,,,,,,,,,,,,,,,,,,,,,,,,,,,,,,,,,,,,
Product_c690c5e5-f006-4cc8-9526-2f63a9f4db98,VARIANT,,true,,,,,,,,525,,,IN_STOCK,false,,,,,,,,,,Weight,TEXT_CHOICES,0.5 Kg,Cutting style:,TEXT_CHOICES,Whole,,,,,,,,,,,,,,,,,,,,,,,,,,,,,,,,,,,,,,,,,,,,,,,,,,,,,,,,,,,,,,
Product_c690c5e5-f006-4cc8-9526-2f63a9f4db98,MEDIA,,,,,,ebf235_b8abb31498014005893bf261951bb3a9~mv2.jpg,,,,,,,,,,,,,,,,,,,,,,,,,,,,,,,,,,,,,,,,,,,,,,,,,,,,,,,,,,,,,,,,,,,,,,,,,,,,,,,,,,,,,
Product_568b99be-e733-419d-a14a-53afb93fa9f9,PRODUCT,"Kilicha- (𝗚𝗿𝗼𝘀𝘀: 𝟳𝟱𝟬𝗴, 𝗡𝗲𝘁: 𝟱𝟬𝟬𝗴)",false,"<h1><span style=""font-weight: 700"">Premium Kilicha Fish</span></h1><h2><span style=""font-weight: 700"">Product Overview</span></h2><ul><li><p><span style=""font-weight: 700"">Net Weight:</span>&nbsp;500g</p></li><li><p><span style=""font-weight: 700"">Gross Weight :</span>&nbsp;750g</p></li><li><p><span style=""font-weight: 700"">Protein: </span>18g – 22g</p></li><li><p><span style=""font-weight: 700"">Serving Size:</span>&nbsp;<span style=""font-weight: 700"">Curry Cut</span> - (8-15 Pieces) | <span style=""font-weight: 700"">Whole Cleaned</span> - (3-7 pcs)  .</p></li><li><p><span style=""font-weight: 700"">Preparation:</span>&nbsp;Freshly sourced, cleaned thoroughly, and hygienically prepared. Available as Whole Cleaned or Curry Cut pieces.</p></li><li><p><span style=""font-weight: 700"">Texture:</span>&nbsp;Soft, delicate, and flaky with a mildly rich seafood flavor.</p></li></ul><p>Recognized for its long silver body, delicate meat, and rich coastal flavor, Kilicha Fish&nbsp;is a popular seafood choice across South Indian coastal regions. Known for its soft texture and mildly rich taste, this fish is highly favored for spicy fish fry and flavorful home-style curries. Its tender flesh absorbs marinades beautifully, making every bite juicy and aromatic. Freshly sourced and carefully cleaned, our Kilicha Fish is prepared to bring authentic sea-fresh flavor directly to your kitchen.</p><h2><span style=""font-weight: 700"">Nutritional Profile (Per 100g)</span></h2><p>Kilicha Fish&nbsp;is a nutritious seafood option rich in protein and essential nutrients.</p><table><tr><td><p>Nutrient</p></td><td><p>Amount</p></td></tr><tr><td><p>Calories</p></td><td><p>100 – 125 kcal</p></td></tr><tr><td><p>Protein</p></td><td><p>18g – 22g</p></td></tr><tr><td><p>Total Fat</p></td><td><p>2g – 5g</p></td></tr><tr><td><p>Omega-3 Fatty Acids</p></td><td><p>Moderate</p></td></tr><tr><td><p>Calcium</p></td><td><p>Moderate</p></td></tr><tr><td><p>Selenium</p></td><td><p>Moderate</p></td></tr></table><h2><span style=""font-weight: 700"">Key Benefits</span></h2><h3>Lean Protein Support</h3><p>Provides high-quality protein essential for muscle maintenance, recovery, and overall wellness.</p><h3>Heart Health Benefits</h3><p>Contains beneficial Omega-3 fatty acids that support cardiovascular and brain health.</p><h3>Bone Strength Support</h3><p>Naturally provides Calcium and essential minerals that contribute to healthy bones and teeth.</p><h3>Antioxidant Protection</h3><p>Rich in Selenium, which supports immune function and helps protect cells from oxidative stress.</p><h3>Light Yet Flavorful</h3><p>Its soft texture and rich flavor make it a wholesome seafood option suitable for everyday meals.</p><h2><span style=""font-weight: 700"">Chef’s Tip</span></h2><p>Kilicha Fish&nbsp;is especially delicious when marinated with chili powder, turmeric, garlic paste, and black pepper before shallow frying until crisp and golden. Its tender flesh cooks quickly, so avoid overcooking to maintain its juicy texture. It also works wonderfully in spicy tamarind-based curries where the fish absorbs aromatic coastal spices beautifully.</p>",fishes,fishes,,,,,,,,,,,,,,,,,,,Size,TEXT_CHOICES,Medium,Cutting style:,TEXT_CHOICES,Cut in 2 Pieces;Whole,,,,,,,,,,,,,,,,,,,,,,,,,,,,,,,,,,,,,,,,,,,,,,,,,,,,,,,,,,,,,,
Product_568b99be-e733-419d-a14a-53afb93fa9f9,VARIANT,,true,,,,,,,,325,,,IN_STOCK,false,,,,,,,,,,Size,TEXT_CHOICES,Medium,Cutting style:,TEXT_CHOICES,Cut in 2 Pieces,,,,,,,,,,,,,,,,,,,,,,,,,,,,,,,,,,,,,,,,,,,,,,,,,,,,,,,,,,,,,,
Product_568b99be-e733-419d-a14a-53afb93fa9f9,VARIANT,,true,,,,,,,,325,,,IN_STOCK,false,,,,,,,,,,Size,TEXT_CHOICES,Medium,Cutting style:,TEXT_CHOICES,Whole,,,,,,,,,,,,,,,,,,,,,,,,,,,,,,,,,,,,,,,,,,,,,,,,,,,,,,,,,,,,,,
Product_73c426b0-a734-4ec6-bf07-fb54b308ca4b,PRODUCT,"Muliyan - (𝗚𝗿𝗼𝘀𝘀: 𝟳𝟱𝟬𝗴, 𝗡𝗲𝘁: 𝟱𝟬𝟬𝗴)",false,"<h2><span style=""font-weight: 700"">Fresh Muliyan </span>(முழியன்)</h2><h2><span style=""font-weight: 700"">Product Overview</span></h2><ul><li><p><span style=""font-weight: 700"">Net Weight:</span>&nbsp;500g</p></li><li><p><span style=""font-weight: 700"">Gross Weight :</span>&nbsp;750g</p></li><li><p><span style=""font-weight: 700"">Protein: </span>18g – 21g</p></li><li><p><span style=""font-weight: 700"">Serving Size: Medium</span>&nbsp;<span style=""font-weight: 700"">Curry Cut</span> - (8-15 Pieces) | <span style=""font-weight: 700"">Medium Whole</span> - (5-8 pcs)  .</p></li><li><p><span style=""font-weight: 700"">Preparation:</span>&nbsp;Freshly sourced, descaled, and thoroughly cleaned. Available as Whole Cleaned or Curry Cut pieces.</p></li><li><p><span style=""font-weight: 700"">Texture:</span>&nbsp;Soft, flaky, and tender with a mildly sweet seafood flavor.</p></li></ul><p>Loved for its tender flesh, mild sweetness, and rich coastal flavor, Muliyan Fish&nbsp;is a cherished seafood variety across South Indian coastal kitchens. Easily recognized by its vibrant appearance and delicate meat, this fish is highly appreciated for its soft texture and ability to absorb traditional spices beautifully. Its light yet flavorful profile makes it suitable for both spicy fish fry and comforting home-style curries. Freshly sourced and hygienically cleaned, our Muliyan Fish is ready to bring authentic sea-fresh goodness to your dining table.</p><h2><span style=""font-weight: 700"">Nutritional Profile (Per 100g)</span></h2><p>Muliyan Fish&nbsp;is a healthy seafood option rich in lean protein and essential nutrients.</p><table><tr><td><p>Nutrient</p></td><td><p>Amount</p></td></tr><tr><td><p>Calories</p></td><td><p>95 – 120 kcal</p></td></tr><tr><td><p>Protein</p></td><td><p>18g – 21g</p></td></tr><tr><td><p>Total Fat</p></td><td><p>2g – 4g</p></td></tr><tr><td><p>Omega-3 Fatty Acids</p></td><td><p>Moderate</p></td></tr><tr><td><p>Iron</p></td><td><p>Moderate</p></td></tr><tr><td><p>Phosphorus</p></td><td><p>Moderate</p></td></tr></table><h2>Key Benefits</h2><h3>Lean Protein Source</h3><p>Provides high-quality protein that supports muscle strength, body repair, and overall wellness.</p><h3>Heart Health Support</h3><p>Contains beneficial Omega-3 fatty acids that contribute to cardiovascular and cognitive health.</p><h3>Blood Health Benefits</h3><p>Naturally contains Iron, which helps support healthy hemoglobin levels and overall vitality.</p><h3>Bone &amp; Teeth Support</h3><p>Rich in Phosphorus, an essential mineral that contributes to maintaining strong bones and teeth.</p><h3>Light &amp; Nutritious Choice</h3><p>Its low-fat content and delicate texture make it a wholesome seafood option for balanced meals.</p><h2><span style=""font-weight: 700"">Chef’s Tip</span></h2><p>Muliyan Fish&nbsp;is especially delicious when prepared as a crispy South Indian fish fry with chili, turmeric, garlic, and curry leaf marinades. Its soft flesh also performs beautifully in thin tamarind or coconut-based curries where the delicate seafood flavor can shine. Since the fish cooks quickly, use medium heat and avoid overcooking to preserve its tender, flaky texture.</p>",fishes,fishes,,,,,,,,,,,,,,,,,,,Size,TEXT_CHOICES,Small;Medium,Cutting style:,TEXT_CHOICES,Whole;Curry cut,,,,,,,,,,,,,,,,,,,,,,,,,,,,,,,,,,,,,,,,,,,,,,,,,,,,,,,,,,,,,,
Product_73c426b0-a734-4ec6-bf07-fb54b308ca4b,VARIANT,,true,,,,,,,,325,599,,IN_STOCK,false,,,,,,,,,,Size,TEXT_CHOICES,Small,Cutting style:,TEXT_CHOICES,Whole,,,,,,,,,,,,,,,,,,,,,,,,,,,,,,,,,,,,,,,,,,,,,,,,,,,,,,,,,,,,,,
Product_73c426b0-a734-4ec6-bf07-fb54b308ca4b,VARIANT,,true,,,,,,,,325,599,,IN_STOCK,false,,,,,,,,,,Size,TEXT_CHOICES,Small,Cutting style:,TEXT_CHOICES,Curry cut,,,,,,,,,,,,,,,,,,,,,,,,,,,,,,,,,,,,,,,,,,,,,,,,,,,,,,,,,,,,,,
Product_73c426b0-a734-4ec6-bf07-fb54b308ca4b,VARIANT,,true,,,,,,,,375,599,,IN_STOCK,false,,,,,,,,,,Size,TEXT_CHOICES,Medium,Cutting style:,TEXT_CHOICES,Whole,,,,,,,,,,,,,,,,,,,,,,,,,,,,,,,,,,,,,,,,,,,,,,,,,,,,,,,,,,,,,,
Product_73c426b0-a734-4ec6-bf07-fb54b308ca4b,VARIANT,,true,,,,,,,,375,599,,IN_STOCK,false,,,,,,,,,,Size,TEXT_CHOICES,Medium,Cutting style:,TEXT_CHOICES,Curry cut,,,,,,,,,,,,,,,,,,,,,,,,,,,,,,,,,,,,,,,,,,,,,,,,,,,,,,,,,,,,,,
Product_73c426b0-a734-4ec6-bf07-fb54b308ca4b,MEDIA,,,,,,ebf235_92c6bb6616f04f4db73165382c0a3d11~mv2.jpg,,,,,,,,,,,,,,,,,,,,,,,,,,,,,,,,,,,,,,,,,,,,,,,,,,,,,,,,,,,,,,,,,,,,,,,,,,,,,,,,,,,,,
Product_6c152b86-6246-4730-b635-c82d0ef264bf,PRODUCT,"Kilangan / Lady Fish - (𝗚𝗿𝗼𝘀𝘀: 𝟳𝟱𝟬𝗴, 𝗡𝗲𝘁: 𝟱𝟬𝟬𝗴)",false,"<h2><span style=""font-weight: 700"">Fresh Kilangan </span>(கிழங்கான் மீன் / Lady Fish)</h2><h2><span style=""font-weight: 700"">Product Overview</span></h2><ul><li><p><span style=""font-weight: 700"">Net Weight:</span>&nbsp;500g</p></li><li><p><span style=""font-weight: 700"">Gross Weight :</span>&nbsp;750g</p></li><li><p><span style=""font-weight: 700"">Protein: </span>19g – 22g</p></li><li><p><span style=""font-weight: 700"">Serving Size:</span>&nbsp;Curry Cut - (10-20 Pieces) Whole - (6-15 pcs)  .</p></li><li><p><span style=""font-weight: 700"">Preparation:</span>&nbsp;Freshly sourced, descaled, and hygienically cleaned. Available as Whole Cleaned or Curry Cut pieces.</p></li><li><p><span style=""font-weight: 700"">Texture:</span>&nbsp;Soft, flaky, and moderately juicy with a rich coastal flavor profile.</p></li></ul><p>Known for its rich flavor, soft flaky meat, and comforting coastal taste, Kilangan Fish&nbsp;is a popular seafood choice across South Indian households. This fish is appreciated for its mildly sweet flavor and tender texture that pairs exceptionally well with traditional spices and tangy gravies. Its juicy flesh and satisfying bite make it ideal for everyday seafood meals, from spicy fish fry to flavorful home-style curries. Freshly sourced and carefully cleaned, our Kilangan Fish is prepared to deliver authentic sea-fresh quality straight to your kitchen.</p><h2><span style=""font-weight: 700"">Nutritional Profile (Per 100g)</span></h2><p>Kilangan Fish&nbsp;is a nutritious seafood option packed with lean protein and essential minerals.</p><table><tr><td><p>Nutrient</p></td><td><p>Amount</p></td></tr><tr><td><p>Calories</p></td><td><p>100 – 125 kcal</p></td></tr><tr><td><p>Protein</p></td><td><p>19g – 22g</p></td></tr><tr><td><p>Total Fat</p></td><td><p>2g – 4g</p></td></tr><tr><td><p>Omega-3 Fatty Acids</p></td><td><p>Moderate</p></td></tr><tr><td><p>Calcium</p></td><td><p>Moderate</p></td></tr><tr><td><p>Phosphorus</p></td><td><p>High</p></td></tr></table><h2><span style=""font-weight: 700"">Key Benefits</span></h2><h3>High-Quality Protein</h3><p>Provides lean protein essential for muscle maintenance, tissue repair, and overall body strength.</p><h3>Bone &amp; Teeth Health</h3><p>Rich in Phosphorus and Calcium, helping support strong bones and healthy teeth.</p><h3>Heart Wellness</h3><p>Contains beneficial Omega-3 fatty acids that contribute to cardiovascular and overall health.</p><h3>Light Yet Satisfying</h3><p>Its balanced flavor and soft texture make it a wholesome seafood option for regular meals.</p><h3>Family-Friendly Seafood</h3><p>Its mild taste and tender meat make it suitable for both children and adults.</p><h2><span style=""font-weight: 700"">Chef’s Tip</span></h2><p>Kilangan Fish&nbsp;is especially delicious in spicy tamarind-based fish curries and crispy coastal fish fry preparations. Marinate with chili powder, turmeric, black pepper, garlic paste, and lemon juice before frying for maximum flavor. Its tender flesh absorbs spices beautifully, making it perfect for rustic South Indian seafood dishes cooked slowly for deeper aroma and taste.</p>",fishes,fishes,,,,,,,,,,,,,,,,,,,Weight,TEXT_CHOICES,0.5 Kg,Cutting style:,TEXT_CHOICES,Curry cut;Whole,,,,,,,,,,,,,,,,,,,,,,,,,,,,,,,,,,,,,,,,,,,,,,,,,,,,,,,,,,,,,,
Product_6c152b86-6246-4730-b635-c82d0ef264bf,VARIANT,,true,,,,,,,,475,699,,IN_STOCK,false,,,,,,,,,,Weight,TEXT_CHOICES,0.5 Kg,Cutting style:,TEXT_CHOICES,Curry cut,,,,,,,,,,,,,,,,,,,,,,,,,,,,,,,,,,,,,,,,,,,,,,,,,,,,,,,,,,,,,,
Product_6c152b86-6246-4730-b635-c82d0ef264bf,VARIANT,,true,,,,,,,,475,699,,IN_STOCK,false,,,,,,,,,,Weight,TEXT_CHOICES,0.5 Kg,Cutting style:,TEXT_CHOICES,Whole,,,,,,,,,,,,,,,,,,,,,,,,,,,,,,,,,,,,,,,,,,,,,,,,,,,,,,,,,,,,,,
Product_6c152b86-6246-4730-b635-c82d0ef264bf,MEDIA,,,,,,ebf235_c94d3640e6d94b78b33d23ad8871e477~mv2.jpg,,,,,,,,,,,,,,,,,,,,,,,,,,,,,,,,,,,,,,,,,,,,,,,,,,,,,,,,,,,,,,,,,,,,,,,,,,,,,,,,,,,,,
Product_934502d9-4ada-4aad-bca0-2aae071efde8,PRODUCT,"Sheela / Cheela / Ooli - 𝗦𝗹𝗶𝗰𝗲𝗱(𝗚𝗿𝗼𝘀𝘀: 𝟳𝟱𝟬𝗴, 𝗡𝗲𝘁: 𝟱𝟬𝟬𝗴)",true,"<h2><span style=""font-weight: 700"">Sheela </span>(Barracuda / Cheela / சீலா / Ooli)</h2><h3><span style=""font-weight: 700"">Product Overview</span></h3><ul><li><p><span style=""font-weight: 700"">Net Weight:</span>&nbsp;500g</p></li><li><p><span style=""font-weight: 700"">Gross Weight:</span>&nbsp;750g</p></li><li><p><span style=""font-weight: 700"">Protein: </span>20g – 22g</p></li><li><p><span style=""font-weight: 700"">Serving Size:  </span>Medium<span style=""font-weight: 700""> </span>Slices (N: 500g, G: 750) (7-12 pcs)</p></li><li><p><span style=""font-weight: 700"">Preparation:</span>&nbsp;Freshly sourced, expertly cleaned, and ready to cook. </p></li><li><p><span style=""font-weight: 700"">Texture:</span>&nbsp;Firm, thick, and meaty with a mildly rich, savory flavor.</p></li></ul><h3><span style=""font-weight: 700"">Nutritional Profile (Per 100g)</span></h3><p>Barracuda is a high-protein seafood choice with balanced healthy fats.</p><table><tr><td><p>Nutrient</p></td><td><p>Amount</p></td></tr><tr><td><p>Calories</p></td><td><p>120 – 140 kcal</p></td></tr><tr><td><p>Protein</p></td><td><p>20g – 22g</p></td></tr><tr><td><p>Total Fat</p></td><td><p>3g – 5g</p></td></tr><tr><td><p>Omega-3 Fatty Acids</p></td><td><p>Moderate</p></td></tr><tr><td><p>Potassium</p></td><td><p>360 mg</p></td></tr><tr><td><p>Vitamin B12</p></td><td><p>70% of Daily Value</p></td></tr></table><h3><span style=""font-weight: 700"">Key Benefits</span></h3><p><span style=""font-weight: 700"">High in Lean Protein: </span>Supports muscle growth, tissue repair, and overall strength.</p><p><span style=""font-weight: 700"">Heart-Supporting Fats: </span>Contains omega-3 fatty acids that help maintain cardiovascular health.</p><p><span style=""font-weight: 700"">Energy and Nerve Health: </span>Rich in Vitamin B12, which supports energy production and nervous system function.</p><p><span style=""font-weight: 700"">Mineral-Rich Nutrition: </span>Provides essential minerals like potassium that help regulate blood pressure and muscle function.</p><h3><span style=""font-weight: 700"">Chef’s Tip</span></h3><p>Sheela (Barracuda) steaks are perfect for a <span style=""font-weight: 700"">spicy masala fry</span>. Marinate with chili, turmeric, garlic, and lemon, then pan-fry until golden for a crispy, flavorful dish. It also works beautifully in a <span style=""font-weight: 700"">tamarind-based fish curry</span>.</p>",fishes;instant-buy,instant-buy,,,,,475,699,,IN_STOCK,false,,,,,,,,,,,,,,,,,,,,,,,,,,,,,,,,,,,,,,,,,,,,,,,,,,,,,,,,,,,,,,,,,,,,,,,,,,,,,
Product_934502d9-4ada-4aad-bca0-2aae071efde8,MEDIA,,,,,,ebf235_ce2abda17ade4d629506bf91915eb3df~mv2.jpg,,,,,,,,,,,,,,,,,,,,,,,,,,,,,,,,,,,,,,,,,,,,,,,,,,,,,,,,,,,,,,,,,,,,,,,,,,,,,,,,,,,,,
Product_31bf2ea9-78b5-43f9-a986-3702155ff940,PRODUCT,Sheela - Sliced(𝗡𝗲𝘁: 𝟱𝟬𝟬𝗴) + Sankara - Whole(𝗡𝗲𝘁: 𝟱𝟬𝟬𝗴),true,"<h2><span style=""font-weight: 700"">Combo Pack Details</span></h2><p><span style=""font-weight: 700"">Sheela - Sliced</span>&nbsp;(𝗚𝗿𝗼𝘀𝘀: 𝟳𝟱𝟬𝗴, 𝗡𝗲𝘁: 𝟱𝟬𝟬𝗴)</p><p><span style=""font-weight: 700"">Sankara -</span>&nbsp;<span style=""font-weight: 700"">Whole</span>&nbsp;(𝗚𝗿𝗼𝘀𝘀: 𝟳𝟱𝟬𝗴, 𝗡𝗲𝘁: 𝟱𝟬𝟬𝗴)</p><h3><span style=""font-weight: 700"">Sheela Fish&nbsp;– Medium Slices</span></h3><ul><li><p><span style=""font-weight: 700"">Net Weight :</span>&nbsp;500g</p></li><li><p><span style=""font-weight: 700"">Gross Weight :</span>&nbsp;750g</p></li><li><p><span style=""font-weight: 700"">Protein: </span>20g – 22g</p></li><li><p><span style=""font-weight: 700"">Serving Size: </span>Slices (N: 500g, G: 750) (8-15 pcs)</p></li></ul><h3><span style=""font-weight: 700"">Sankara Fish&nbsp;– M Whole</span></h3><ul><li><p><span style=""font-weight: 700"">Net Weight :</span>&nbsp;500g</p></li><li><p><span style=""font-weight: 700"">Gross Weight :</span>&nbsp;750g</p></li><li><p><span style=""font-weight: 700"">Protein: </span>20g – 22g</p></li><li><p><span style=""font-weight: 700"">Pieces:</span>&nbsp;Approximately 3 – 6 whole fish</p></li></ul><h3><span style=""font-weight: 700"">Nutritional Profile Sheela (Per 100g)</span></h3><p>Barracuda is a high-protein seafood choice with balanced healthy fats.</p><table><tr><td><p>Nutrient</p></td><td><p>Amount</p></td></tr><tr><td><p>Calories</p></td><td><p>120 – 140 kcal</p></td></tr><tr><td><p>Protein</p></td><td><p>20g – 22g</p></td></tr><tr><td><p>Total Fat</p></td><td><p>3g – 5g</p></td></tr><tr><td><p>Omega-3 Fatty Acids</p></td><td><p>Moderate</p></td></tr><tr><td><p>Potassium</p></td><td><p>360 mg</p></td></tr><tr><td><p>Vitamin B12</p></td><td><p>70% of Daily Value</p></td></tr></table><h3><span style=""font-weight: 700"">Nutritional Profile Sankara (Per 100g)</span></h3><p>Red Snapper is a low-calorie, high-nutrient choice perfect for a balanced diet.</p><table><tr><td><p><span style=""font-weight: 700"">Nutrient</span></p></td><td><p><span style=""font-weight: 700"">Amount</span></p></td></tr><tr><td><p><span style=""font-weight: 700"">Calories</span></p></td><td><p>100 - 110 kcal</p></td></tr><tr><td><p><span style=""font-weight: 700"">Protein</span></p></td><td><p>20g - 22g</p></td></tr><tr><td><p><span style=""font-weight: 700"">Total Fat</span></p></td><td><p>1.5g</p></td></tr><tr><td><p><span style=""font-weight: 700"">Omega-3 Fatty Acids</span></p></td><td><p>Moderate to High</p></td></tr><tr><td><p><span style=""font-weight: 700"">Potassium</span></p></td><td><p>420 mg</p></td></tr><tr><td><p><span style=""font-weight: 700"">Selenium</span></p></td><td><p>65% of Daily Value</p></td></tr></table><h2><span style=""font-weight: 700"">Product Highlights</span></h2><ul><li><p>Premium-quality fresh Sheela &amp; Sankara fish combo</p></li><li><p>Hygienically cleaned and professionally prepared</p></li><li><p>Perfect balance of thick slices and whole fish cooking options</p></li><li><p>Ideal for fish fry, curries, grilling, and coastal-style recipes</p></li><li><p>Rich flavor, tender texture, and minimal wastage</p></li><li><p>Suitable for 3 to 5 people</p></li></ul><h2><span style=""font-weight: 700"">Chef’s Tip</span></h2><p>Sheela Fish&nbsp;is excellent for spicy tawa fry and grilled seafood preparations due to its thick, firm flesh and minimal bones. Meanwhile, Sankara Fish&nbsp;shines beautifully in traditional South Indian fish curries, where its tender meat absorbs rich coastal spices and tamarind flavors perfectly. Pair both together for a complete seafood feast with the best of fry and curry experiences.</p>",combos,combos,,,,,950,1299,,IN_STOCK,false,,,,,,,,,,,,,,,,,,,,,,,,,,,,,,,,,,,,,,,,,,,,,,,,,,,,,,,,,,,,,,,,,,,,,,,,,,,,,
Product_31bf2ea9-78b5-43f9-a986-3702155ff940,MEDIA,,,,,,ebf235_a96ed9cf4b2c466f94f3c8263fdeb4b6~mv2.jpg,,,,,,,,,,,,,,,,,,,,,,,,,,,,,,,,,,,,,,,,,,,,,,,,,,,,,,,,,,,,,,,,,,,,,,,,,,,,,,,,,,,,,
Product_31bf2ea9-78b5-43f9-a986-3702155ff940,MEDIA,,,,,,ebf235_da3d710ed6904b06a4835b7bd091b111~mv2.jpg,,,,,,,,,,,,,,,,,,,,,,,,,,,,,,,,,,,,,,,,,,,,,,,,,,,,,,,,,,,,,,,,,,,,,,,,,,,,,,,,,,,,,
Product_31bf2ea9-78b5-43f9-a986-3702155ff940,MEDIA,,,,,,ebf235_ce2abda17ade4d629506bf91915eb3df~mv2.jpg,,,,,,,,,,,,,,,,,,,,,,,,,,,,,,,,,,,,,,,,,,,,,,,,,,,,,,,,,,,,,,,,,,,,,,,,,,,,,,,,,,,,,
Product_3235d0ae-e006-4c59-b3ee-cf1cd33532fe,PRODUCT,Sheela - Sliced(𝗡𝗲𝘁: 𝟱𝟬𝟬𝗴) + Kanangeluthi - Whole(𝗡𝗲𝘁: 𝟱𝟬𝟬𝗴),true,"<h2><span style=""font-weight: 700"">Combo Pack Details</span></h2><p><span style=""font-weight: 700"">Sheela - Sliced</span>&nbsp;(𝗚𝗿𝗼𝘀𝘀: 𝟳𝟱𝟬𝗴, 𝗡𝗲𝘁: 𝟱𝟬𝟬𝗴)</p><p><span style=""font-weight: 700"">Kanangeluthi -</span>&nbsp;<span style=""font-weight: 700"">Whole</span>&nbsp;(𝗚𝗿𝗼𝘀𝘀: 𝟳𝟱𝟬𝗴, 𝗡𝗲𝘁: 𝟱𝟬𝟬𝗴)</p><h3><span style=""font-weight: 700"">Sheela Fish&nbsp;– Medium Slices</span></h3><ul><li><p><span style=""font-weight: 700"">Net Weight :</span>&nbsp;500g</p></li><li><p><span style=""font-weight: 700"">Gross Weight :</span>&nbsp;750g</p></li><li><p><span style=""font-weight: 700"">Protein: </span>20g – 22g</p></li><li><p><span style=""font-weight: 700"">Serving Size: </span>Slices (N: 500g, G: 750) (8-15 pcs)</p></li></ul><h3><span style=""font-weight: 700"">kanangeluthi Fish&nbsp;– Whole Cleaned</span></h3><ul><li><p><span style=""font-weight: 700"">Net Weight:</span>&nbsp;500g</p></li><li><p><span style=""font-weight: 700"">Gross Weight :</span>&nbsp;750g</p></li><li><p><span style=""font-weight: 700"">Protein: </span>18g – 19g</p></li><li><p><span style=""font-weight: 700"">Pieces:</span>&nbsp;Approximately 5 – 8 whole fish</p></li><li><p><span style=""font-weight: 700"">Preparation:</span>&nbsp;Whole fish, thoroughly cleaned and ready to cook</p></li><li><p><span style=""font-weight: 700"">Texture:</span>&nbsp;Soft, juicy, and richly flavorful</p></li></ul><h3><span style=""font-weight: 700"">Nutritional Profile Sheela (Per 100g)</span></h3><p>Barracuda is a high-protein seafood choice with balanced healthy fats.</p><table><tr><td><p>Nutrient</p></td><td><p>Amount</p></td></tr><tr><td><p>Calories</p></td><td><p>120 – 140 kcal</p></td></tr><tr><td><p>Protein</p></td><td><p>20g – 22g</p></td></tr><tr><td><p>Total Fat</p></td><td><p>3g – 5g</p></td></tr><tr><td><p>Omega-3 Fatty Acids</p></td><td><p>Moderate</p></td></tr><tr><td><p>Potassium</p></td><td><p>360 mg</p></td></tr><tr><td><p>Vitamin B12</p></td><td><p>70% of Daily Value</p></td></tr></table><h3><span style=""font-weight: 700"">Nutritional Profile Kanangeluthi (Per 100g)</span></h3><p>Indian Mackerel is one of the best sources of heart-healthy fats and essential vitamins.</p><table><tr><td><p><span style=""font-weight: 700"">Nutrient</span></p></td><td><p><span style=""font-weight: 700"">Amount</span></p></td></tr><tr><td><p><span style=""font-weight: 700"">Calories</span></p></td><td><p>190 - 205 kcal</p></td></tr><tr><td><p><span style=""font-weight: 700"">Protein</span></p></td><td><p>18g - 19g</p></td></tr><tr><td><p><span style=""font-weight: 700"">Total Fat</span></p></td><td><p>12g (Healthy Fats)</p></td></tr><tr><td><p><span style=""font-weight: 700"">Omega-3 Fatty Acids</span></p></td><td><p>Very High</p></td></tr><tr><td><p><span style=""font-weight: 700"">Vitamin D</span></p></td><td><p>80% of Daily Value</p></td></tr><tr><td><p><span style=""font-weight: 700"">Vitamin B12</span></p></td><td><p>200% of Daily Value</p></td></tr></table><h2><span style=""font-weight: 700"">Product Highlights</span></h2><ul><li><p>Fresh premium seafood combo with two distinct flavors</p></li><li><p>Hygienically cleaned and professionally prepared</p></li><li><p>Perfect for both fish fry and traditional curries</p></li><li><p>Rich in protein and coastal freshness</p></li><li><p>Minimal bones with satisfying texture and taste</p></li><li><p>Ideal for wholesome family meals</p></li></ul><h2><span style=""font-weight: 700"">Chef’s Tip</span></h2><p>Sheela Fish&nbsp;tastes exceptional when marinated with chili powder, turmeric, black pepper, and lemon juice before shallow frying until golden and crisp. On the other hand, Kanageluthi Fish&nbsp;is best slow-cooked in spicy tamarind or coconut-based curries, where its tender flesh beautifully absorbs aromatic South Indian spices. Together, this combo creates the perfect balance of crispy seafood fry and comforting coastal curry.</p>",combos,combos,,,,,800,1299,,IN_STOCK,false,,,,,,,,,,,,,,,,,,,,,,,,,,,,,,,,,,,,,,,,,,,,,,,,,,,,,,,,,,,,,,,,,,,,,,,,,,,,,
Product_3235d0ae-e006-4c59-b3ee-cf1cd33532fe,MEDIA,,,,,,ebf235_fb2d6b6cc8654d45bef068e04921f1d9~mv2.jpg,,,,,,,,,,,,,,,,,,,,,,,,,,,,,,,,,,,,,,,,,,,,,,,,,,,,,,,,,,,,,,,,,,,,,,,,,,,,,,,,,,,,,
Product_3235d0ae-e006-4c59-b3ee-cf1cd33532fe,MEDIA,,,,,,ebf235_ce2abda17ade4d629506bf91915eb3df~mv2.jpg,,,,,,,,,,,,,,,,,,,,,,,,,,,,,,,,,,,,,,,,,,,,,,,,,,,,,,,,,,,,,,,,,,,,,,,,,,,,,,,,,,,,,
Product_3235d0ae-e006-4c59-b3ee-cf1cd33532fe,MEDIA,,,,,,ebf235_7575cbc5386f474da9f38bb8e25fad1d~mv2.jpg,,,,,,,,,,,,,,,,,,,,,,,,,,,,,,,,,,,,,,,,,,,,,,,,,,,,,,,,,,,,,,,,,,,,,,,,,,,,,,,,,,,,,
Product_9f60bcb3-d3d9-43fe-91e1-2f37603058be,PRODUCT,"Kanangeluthi / Mackerel -  𝗪𝗵𝗼𝗹𝗲 (𝗚𝗿𝗼𝘀𝘀: 𝟳𝟱𝟬𝗴, 𝗡𝗲𝘁: 𝟱𝟬𝟬𝗴)",true,"<h2><span style=""font-weight: 700"">Fresh Indian Mackerel </span>(Kanangeluthi / Ayala /<span style=""font-weight: 700"">&nbsp;</span>அயிலை<span style=""font-weight: 700"">&nbsp;</span>/கானாங்கெளுத்தி)</h2><p><span style=""font-weight: 700"">Product Overview</span></p><ul><li><p><span style=""font-weight: 700"">Net Weight:</span>&nbsp;500g</p></li><li><p><span style=""font-weight: 700"">Gross Weight :</span>&nbsp;750g</p></li><li><p><span style=""font-weight: 700"">Protein: </span>18g – 19g</p></li><li><p><span style=""font-weight: 700"">Pieces:</span>&nbsp;Whole - (5-8 pcs)  .</p></li><li><p><span style=""font-weight: 700"">Preparation:</span>&nbsp;Freshly caught,&nbsp;cleaned,&nbsp;and descaled.&nbsp;Usually served as whole fish with deep lateral ""fry cuts"" to allow spices to penetrate the firm flesh.</p></li><li><p><span style=""font-weight: 700"">Flavor Profile:</span>&nbsp;Bold and savory with a firm,&nbsp;meaty texture.</p></li></ul><p>A quintessential favorite across coastal India,&nbsp;our Indian Mackerel is sourced fresh from the morning catch.&nbsp;Known for its distinctively rich,&nbsp;oily texture and deep flavor,&nbsp;it is the perfect candidate for a sharp,&nbsp;spicy ""Bangda Fry"" or a traditional coastal curry.</p><h3><span style=""font-weight: 700"">Nutritional Profile (Per 100g)</span></h3><p>Indian Mackerel is one of the best sources of heart-healthy fats and essential vitamins.</p><table><tr><td><p><span style=""font-weight: 700"">Nutrient</span></p></td><td><p><span style=""font-weight: 700"">Amount</span></p></td></tr><tr><td><p><span style=""font-weight: 700"">Calories</span></p></td><td><p>190 - 205 kcal</p></td></tr><tr><td><p><span style=""font-weight: 700"">Protein</span></p></td><td><p>19g - 21g</p></td></tr><tr><td><p><span style=""font-weight: 700"">Total Fat</span></p></td><td><p>12g (Healthy Fats)</p></td></tr><tr><td><p><span style=""font-weight: 700"">Omega-3 Fatty Acids</span></p></td><td><p>Very High</p></td></tr><tr><td><p><span style=""font-weight: 700"">Vitamin D</span></p></td><td><p>80% of Daily Value</p></td></tr><tr><td><p><span style=""font-weight: 700"">Vitamin B12</span></p></td><td><p>200% of Daily Value</p></td></tr></table><h3><span style=""font-weight: 700"">Key Benefits</span></h3><ul><li><p><span style=""font-weight: 700"">Omega-3 Rich:</span>&nbsp;Loaded with EPA and DHA,&nbsp;which are crucial for heart health and reducing inflammation.</p></li><li><p><span style=""font-weight: 700"">Bone &amp; Immune Support:</span>&nbsp;One of the few natural food sources rich in Vitamin D,&nbsp;essential for calcium absorption and a strong immune system.</p></li><li><p><span style=""font-weight: 700"">Metabolism Boost:</span>&nbsp;High Vitamin B12 content helps in energy production and maintains a healthy nervous system.</p></li><li><p><span style=""font-weight: 700"">Lean Protein:</span>&nbsp;Provides high-quality protein necessary for muscle maintenance and repair.</p></li></ul><blockquote><p><span style=""font-weight: 700"">Chef's Tip:</span>&nbsp;Indian Mackerel pairs beautifully with souring agents. Try marinating with a thick paste of <span style=""font-weight: 700"">Tamarind or Kokum</span>, red chili, and a hint of peppercorns for an authentic coastal experience!</p></blockquote>",fishes;high-protien;instant-buy,instant-buy,,,,,325,499,,IN_STOCK,false,,,,,,,,,,,,,,,,,,,,,,,,,,,,,,,,,,,,,,,,,,,,,,,,,,,,,,,,,,,,,,,,,,,,,,,,,,,,,
Product_9f60bcb3-d3d9-43fe-91e1-2f37603058be,MEDIA,,,,,,ebf235_7575cbc5386f474da9f38bb8e25fad1d~mv2.jpg,,,,,,,,,,,,,,,,,,,,,,,,,,,,,,,,,,,,,,,,,,,,,,,,,,,,,,,,,,,,,,,,,,,,,,,,,,,,,,,,,,,,,
Product_9f60bcb3-d3d9-43fe-91e1-2f37603058be,MEDIA,,,,,,ebf235_d2ec226fa32245169540d2af8020d5d5~mv2.jpg,,,,,,,,,,,,,,,,,,,,,,,,,,,,,,,,,,,,,,,,,,,,,,,,,,,,,,,,,,,,,,,,,,,,,,,,,,,,,,,,,,,,,
Product_12fe74c8-4671-4c31-8d5a-b86b2512e87a,PRODUCT,Sheela - Sliced(𝗡𝗲𝘁 : 𝟱𝟬𝟬𝗴) + White Prawn- Cleaned (𝗡𝗲𝘁 : 𝟰𝟬𝟬𝗴),true,"<h2><span style=""font-weight: 700"">Combo Pack Details</span></h2><p><span style=""font-weight: 700"">Sheela - Sliced</span>&nbsp;(𝗚𝗿𝗼𝘀𝘀: 𝟳𝟱𝟬𝗴, 𝗡𝗲𝘁: 𝟱𝟬𝟬𝗴)</p><p><span style=""font-weight: 700"">White Prawn -</span>&nbsp;𝗖𝗹𝗲𝗮𝗻𝗲𝗱 𝗮𝗻𝗱 𝗱𝗲𝘃𝗲𝗶𝗻𝗲𝗱 (𝗚𝗿𝗼𝘀𝘀: 𝟴𝟬𝟬𝗴, 𝗡𝗲𝘁: 𝟰𝟬𝟬𝗴)</p><h3><span style=""font-weight: 700"">Sheela Fish&nbsp;– Medium Slices</span></h3><ul><li><p><span style=""font-weight: 700"">Net Weight:</span>&nbsp;500g</p></li><li><p><span style=""font-weight: 700"">Gross Weight :</span>&nbsp;750g</p></li><li><p><span style=""font-weight: 700"">Protein: </span>20g – 22g</p></li><li><p><span style=""font-weight: 700"">Serving Size: </span>Slices (N: 500g, G: 750) (8-15 pcs)</p></li></ul><h3><span style=""font-weight: 700"">White Prawn&nbsp;– Cleaned &amp; Deveined</span></h3><ul><li><p><span style=""font-weight: 700"">Net Weight:</span>&nbsp;400g</p></li><li><p><span style=""font-weight: 700"">Gross Weight:</span>&nbsp;800g</p></li><li><p><span style=""font-weight: 700"">Protein: </span>18g – 20g</p></li><li><p><span style=""font-weight: 700"">Preparation:</span>&nbsp;Hygienically cleaned and deveined</p></li><li><p><span style=""font-weight: 700"">Texture:</span>&nbsp;Tender, juicy, and mildly sweet</p></li></ul><h3><span style=""font-weight: 700"">Nutritional Profile Sheela (Per 100g)</span></h3><p>Barracuda is a high-protein seafood choice with balanced healthy fats.</p><table><tr><td><p>Nutrient</p></td><td><p>Amount</p></td></tr><tr><td><p>Calories</p></td><td><p>120 – 140 kcal</p></td></tr><tr><td><p>Protein</p></td><td><p>20g – 22g</p></td></tr><tr><td><p>Total Fat</p></td><td><p>3g – 5g</p></td></tr><tr><td><p>Omega-3 Fatty Acids</p></td><td><p>Moderate</p></td></tr><tr><td><p>Potassium</p></td><td><p>360 mg</p></td></tr><tr><td><p>Vitamin B12</p></td><td><p>70% of Daily Value</p></td></tr></table><h3><span style=""font-weight: 700"">Nutritional Profile White Prawn (Per 100g)</span></h3><p>Fresh Water Prawns are an excellent source of lean protein and essential micronutrients.</p><table><tr><td><p><span style=""font-weight: 700"">Nutrient</span></p></td><td><p><span style=""font-weight: 700"">Amount</span></p></td></tr><tr><td><p><span style=""font-weight: 700"">Calories</span></p></td><td><p>85 - 90 kcal</p></td></tr><tr><td><p><span style=""font-weight: 700"">Protein</span></p></td><td><p>18g - 20g</p></td></tr><tr><td><p><span style=""font-weight: 700"">Total Fat</span></p></td><td><p>&lt; 1g</p></td></tr><tr><td><p><span style=""font-weight: 700"">Phosphorus</span></p></td><td><p>High</p></td></tr><tr><td><p><span style=""font-weight: 700"">Omega-3 Fatty Acids</span></p></td><td><p>Good Source</p></td></tr><tr><td><p><span style=""font-weight: 700"">Iodine</span></p></td><td><p>Rich</p></td></tr></table><h2><span style=""font-weight: 700"">Product Highlights</span></h2><ul><li><p>Premium seafood combo with fish and prawns</p></li><li><p>Freshly sourced and professionally cleaned</p></li><li><p>Ready-to-cook convenience for easy meal preparation</p></li><li><p>Perfect for fry, curry, grill, and masala dishes</p></li><li><p>Rich in protein and essential nutrients</p></li><li><p>Ideal for family seafood meals and special occasions</p></li></ul><h2><span style=""font-weight: 700"">Chef’s Tip</span></h2><p>Sheela Fish&nbsp;is best pan-fried with a spicy marinade of chili powder, turmeric, garlic, and lemon juice for a crispy coastal-style fish fry. Meanwhile, White Prawn&nbsp;tastes exceptional in buttery garlic roast, spicy prawn masala, or coconut-based curries. Cook prawns only until they turn pink and tender to preserve their natural sweetness and juicy texture.</p>",combos,combos,,,,,1050,1399,,IN_STOCK,false,,,,,,,,,,,,,,,,,,,,,,,,,,,,,,,,,,,,,,,,,,,,,,,,,,,,,,,,,,,,,,,,,,,,,,,,,,,,,
Product_12fe74c8-4671-4c31-8d5a-b86b2512e87a,MEDIA,,,,,,ebf235_2fd8a4d3d3ca4b639457aa747fb4bd84~mv2.jpg,,,,,,,,,,,,,,,,,,,,,,,,,,,,,,,,,,,,,,,,,,,,,,,,,,,,,,,,,,,,,,,,,,,,,,,,,,,,,,,,,,,,,
Product_12fe74c8-4671-4c31-8d5a-b86b2512e87a,MEDIA,,,,,,ebf235_ce2abda17ade4d629506bf91915eb3df~mv2.jpg,,,,,,,,,,,,,,,,,,,,,,,,,,,,,,,,,,,,,,,,,,,,,,,,,,,,,,,,,,,,,,,,,,,,,,,,,,,,,,,,,,,,,
Product_12fe74c8-4671-4c31-8d5a-b86b2512e87a,MEDIA,,,,,,ebf235_2a6a54bf24c641448b035f9ee6dc02f5~mv2.jpg,,,,,,,,,,,,,,,,,,,,,,,,,,,,,,,,,,,,,,,,,,,,,,,,,,,,,,,,,,,,,,,,,,,,,,,,,,,,,,,,,,,,,
Product_fbf483aa-2880-4e40-9e7a-3dc28b772654,PRODUCT,Kanangeluthi - Whole(𝗡𝗲𝘁: 𝟱𝟬𝟬𝗴) + White Prawn Cleaned(𝗡𝗲𝘁: 𝟰𝟬𝟬𝗴),true,"<h2><span style=""font-weight: 700"">Combo Pack Details</span></h2><p><span style=""font-weight: 700"">Kanangeluthi - Whole</span> (𝗚𝗿𝗼𝘀𝘀: 𝟳𝟱𝟬𝗴, 𝗡𝗲𝘁: 𝟱𝟬𝟬𝗴)</p><p><span style=""font-weight: 700"">White Prawn -</span> 𝗖𝗹𝗲𝗮𝗻𝗲𝗱 𝗮𝗻𝗱 𝗱𝗲𝘃𝗲𝗶𝗻𝗲𝗱 (𝗚𝗿𝗼𝘀𝘀: 𝟴𝟬𝟬𝗴, 𝗡𝗲𝘁: 𝟰𝟬𝟬𝗴)</p><h3><span style=""font-weight: 700"">kanangeluthi Fish&nbsp;– Whole Cleaned</span></h3><ul><li><p><span style=""font-weight: 700"">Net Weight:</span>&nbsp;500g</p></li><li><p><span style=""font-weight: 700"">Gross Weight :</span>&nbsp;750g</p></li><li><p><span style=""font-weight: 700"">Protein: </span>18g – 19g</p></li><li><p><span style=""font-weight: 700"">Preparation:</span>&nbsp;Whole fish, thoroughly cleaned and ready to cook</p></li><li><p><span style=""font-weight: 700"">Texture:</span>&nbsp;Soft, juicy, and richly flavorful</p></li></ul><h3><span style=""font-weight: 700"">White Prawn&nbsp;– Cleaned &amp; Deveined</span></h3><ul><li><p><span style=""font-weight: 700"">Net Weight:</span>&nbsp;400g</p></li><li><p><span style=""font-weight: 700"">Gross Weight:</span>&nbsp;800g</p></li><li><p><span style=""font-weight: 700"">Protein: </span>18g – 20g</p></li><li><p><span style=""font-weight: 700"">Preparation:</span>&nbsp;Hygienically cleaned and deveined</p></li><li><p><span style=""font-weight: 700"">Texture:</span>&nbsp;Tender, juicy, and mildly sweet</p></li></ul><h3><span style=""font-weight: 700"">Nutritional Profile Kanangeluthi (Per 100g)</span></h3><p>Indian Mackerel is one of the best sources of heart-healthy fats and essential vitamins.</p><table><tr><td><p><span style=""font-weight: 700"">Nutrient</span></p></td><td><p><span style=""font-weight: 700"">Amount</span></p></td></tr><tr><td><p><span style=""font-weight: 700"">Calories</span></p></td><td><p>190 - 205 kcal</p></td></tr><tr><td><p><span style=""font-weight: 700"">Protein</span></p></td><td><p>18g - 19g</p></td></tr><tr><td><p><span style=""font-weight: 700"">Total Fat</span></p></td><td><p>12g (Healthy Fats)</p></td></tr><tr><td><p><span style=""font-weight: 700"">Omega-3 Fatty Acids</span></p></td><td><p>Very High</p></td></tr><tr><td><p><span style=""font-weight: 700"">Vitamin D</span></p></td><td><p>80% of Daily Value</p></td></tr><tr><td><p><span style=""font-weight: 700"">Vitamin B12</span></p></td><td><p>200% of Daily Value</p></td></tr></table><h3><span style=""font-weight: 700"">Nutritional Profile White Prawn (Per 100g)</span></h3><p>Fresh Water Prawns are an excellent source of lean protein and essential micronutrients.</p><table><tr><td><p><span style=""font-weight: 700"">Nutrient</span></p></td><td><p><span style=""font-weight: 700"">Amount</span></p></td></tr><tr><td><p><span style=""font-weight: 700"">Calories</span></p></td><td><p>85 - 90 kcal</p></td></tr><tr><td><p><span style=""font-weight: 700"">Protein</span></p></td><td><p>18g - 20g</p></td></tr><tr><td><p><span style=""font-weight: 700"">Total Fat</span></p></td><td><p>&lt; 1g</p></td></tr><tr><td><p><span style=""font-weight: 700"">Phosphorus</span></p></td><td><p>High</p></td></tr><tr><td><p><span style=""font-weight: 700"">Omega-3 Fatty Acids</span></p></td><td><p>Good Source</p></td></tr><tr><td><p><span style=""font-weight: 700"">Iodine</span></p></td><td><p>Rich</p></td></tr></table><h2>Product Highlights</h2><ul><li><p>Fresh seafood combo with fish and prawns</p></li><li><p>Hygienically cleaned and professionally prepared</p></li><li><p>Rich in protein and essential nutrients</p></li><li><p>Perfect for fish fry, curries, prawn masala, and grills</p></li><li><p>Authentic coastal flavor with ready-to-cook convenience</p></li><li><p>Ideal for family meals and seafood lovers</p></li></ul><h2><span style=""font-weight: 700"">Chef’s Tip</span></h2><p>Ayala Fish&nbsp;is best enjoyed as a spicy coastal fish fry or tamarind-based curry, where its rich flesh beautifully absorbs aromatic masalas. Pair it with White Prawn&nbsp;cooked in garlic butter roast or fiery prawn masala for a complete seafood feast. To maintain their natural texture and flavor, cook prawns only until they turn pink and tender.</p>",high-protien;combos,combos,,,,,900,1299,,IN_STOCK,false,,,,,,,,,,,,,,,,,,,,,,,,,,,,,,,,,,,,,,,,,,,,,,,,,,,,,,,,,,,,,,,,,,,,,,,,,,,,,
Product_fbf483aa-2880-4e40-9e7a-3dc28b772654,MEDIA,,,,,,ebf235_314c16cdf3e243d2842c9246a370c507~mv2.jpg,,,,,,,,,,,,,,,,,,,,,,,,,,,,,,,,,,,,,,,,,,,,,,,,,,,,,,,,,,,,,,,,,,,,,,,,,,,,,,,,,,,,,
Product_fbf483aa-2880-4e40-9e7a-3dc28b772654,MEDIA,,,,,,ebf235_7575cbc5386f474da9f38bb8e25fad1d~mv2.jpg,,,,,,,,,,,,,,,,,,,,,,,,,,,,,,,,,,,,,,,,,,,,,,,,,,,,,,,,,,,,,,,,,,,,,,,,,,,,,,,,,,,,,
Product_fbf483aa-2880-4e40-9e7a-3dc28b772654,MEDIA,,,,,,ebf235_2a6a54bf24c641448b035f9ee6dc02f5~mv2.jpg,,,,,,,,,,,,,,,,,,,,,,,,,,,,,,,,,,,,,,,,,,,,,,,,,,,,,,,,,,,,,,,,,,,,,,,,,,,,,,,,,,,,,
Product_f862e102-c65e-4c53-82a0-b7e35a3e0b97,PRODUCT,Kadal Veraal - Sliced(𝗡𝗲𝘁: 𝟱𝟬𝟬𝗴) + Sankara - Whole(𝗡𝗲𝘁: 𝟱𝟬𝟬𝗴),true,"<h2><span style=""font-weight: 700"">Combo Pack Details</span></h2><p><span style=""font-weight: 700"">Kadal Veraal - Sliced</span>&nbsp;(𝗚𝗿𝗼𝘀𝘀: <span style=""font-weight: 700"">8</span>𝟱𝟬𝗴, 𝗡𝗲𝘁: 𝟱𝟬𝟬𝗴)</p><p><span style=""font-weight: 700"">Sankara -</span>&nbsp;<span style=""font-weight: 700"">Whole</span>&nbsp;(𝗚𝗿𝗼𝘀𝘀: 𝟳𝟱𝟬𝗴, 𝗡𝗲𝘁: 𝟱𝟬𝟬𝗴)</p><h3><span style=""font-weight: 700"">Kadal Veraal&nbsp;– Slices</span></h3><ul><li><p><span style=""font-weight: 700"">Net Weight :</span>&nbsp;500g</p></li><li><p><span style=""font-weight: 700"">Gross Weight :</span>&nbsp;850g</p></li><li><p><span style=""font-weight: 700"">Protein: </span>18g – 20g</p></li><li><p><span style=""font-weight: 700"">Pieces:</span>&nbsp;Approximately 4 – 7 </p></li><li><p><span style=""font-weight: 700"">Texture:</span>&nbsp;Soft, juicy, and tender</p></li></ul><h3><span style=""font-weight: 700"">Sankara Fish&nbsp;– Whole</span></h3><ul><li><p><span style=""font-weight: 700"">Net Weight :</span>&nbsp;500g</p></li><li><p><span style=""font-weight: 700"">Gross Weight :</span>&nbsp;750g</p></li><li><p><span style=""font-weight: 700"">Protein: </span>20g – 22g</p></li><li><p><span style=""font-weight: 700"">Pieces:</span>&nbsp;Approximately 3 – 6 whole fish</p></li><li><p><span style=""font-weight: 700"">Texture:</span>&nbsp;Flaky, mildly sweet, and flavorful</p></li></ul><h2><span style=""font-weight: 700"">Nutritional Profile Kadal Veraal (Per 100g)</span></h2><p>Kadal Veraal&nbsp;is a wholesome seafood option rich in protein and essential minerals.</p><table><tr><td><p>Nutrient</p></td><td><p>Amount</p></td></tr><tr><td><p>Calories</p></td><td><p>105 – 130 kcal</p></td></tr><tr><td><p>Protein</p></td><td><p>18g – 20g</p></td></tr><tr><td><p>Total Fat</p></td><td><p>3g – 5g</p></td></tr><tr><td><p>Omega-3 Fatty Acids</p></td><td><p>Moderate</p></td></tr><tr><td><p>Calcium</p></td><td><p>Moderate</p></td></tr><tr><td><p>Vitamin B12</p></td><td><p>High</p></td></tr></table><h3><span style=""font-weight: 700"">Nutritional Profile Sankara (Per 100g)</span></h3><p>Red Snapper is a low-calorie, high-nutrient choice perfect for a balanced diet.</p><table><tr><td><p><span style=""font-weight: 700"">Nutrient</span></p></td><td><p><span style=""font-weight: 700"">Amount</span></p></td></tr><tr><td><p><span style=""font-weight: 700"">Calories</span></p></td><td><p>100 - 110 kcal</p></td></tr><tr><td><p><span style=""font-weight: 700"">Protein</span></p></td><td><p>20g - 22g</p></td></tr><tr><td><p><span style=""font-weight: 700"">Total Fat</span></p></td><td><p>1.5g</p></td></tr><tr><td><p><span style=""font-weight: 700"">Omega-3 Fatty Acids</span></p></td><td><p>Moderate to High</p></td></tr><tr><td><p><span style=""font-weight: 700"">Potassium</span></p></td><td><p>420 mg</p></td></tr><tr><td><p><span style=""font-weight: 700"">Selenium</span></p></td><td><p>65% of Daily Value</p></td></tr></table><h2><span style=""font-weight: 700"">Product Highlights</span></h2><ul><li><p>Premium seafood combo with two coastal favorites</p></li><li><p>Freshly sourced and hygienically prepared</p></li><li><p>Perfect for curries, fish fry, and traditional seafood meals</p></li><li><p>Rich in protein and essential nutrients</p></li><li><p>Combines tender texture with rich coastal flavor</p></li><li><p>Ideal for family-style seafood cooking</p></li></ul><h2><span style=""font-weight: 700"">Chef’s Tip</span></h2><p>Kadal Veraal&nbsp;is excellent for spicy tamarind-based fish curries where its soft flesh absorbs aromatic masalas beautifully. Pair it with crispy fried or lightly simmered Sankara Fish&nbsp;for a balanced seafood feast featuring both rich gravy flavors and delicate flaky texture. Slow cooking with shallots, garlic, curry leaves, and freshly ground spices enhances the authentic coastal taste of this combo.</p>",combos,combos,,,,,1125,1699,,IN_STOCK,false,,,,,,,,,,,,,,,,,,,,,,,,,,,,,,,,,,,,,,,,,,,,,,,,,,,,,,,,,,,,,,,,,,,,,,,,,,,,,
Product_f862e102-c65e-4c53-82a0-b7e35a3e0b97,MEDIA,,,,,,ebf235_5fba16b03ad24e7dab6dfce824b6e690~mv2.jpg,,,,,,,,,,,,,,,,,,,,,,,,,,,,,,,,,,,,,,,,,,,,,,,,,,,,,,,,,,,,,,,,,,,,,,,,,,,,,,,,,,,,,
Product_f862e102-c65e-4c53-82a0-b7e35a3e0b97,MEDIA,,,,,,ebf235_e6204a08a6474c9e9b3aa9a337568ddd~mv2.jpg,,,,,,,,,,,,,,,,,,,,,,,,,,,,,,,,,,,,,,,,,,,,,,,,,,,,,,,,,,,,,,,,,,,,,,,,,,,,,,,,,,,,,
Product_f862e102-c65e-4c53-82a0-b7e35a3e0b97,MEDIA,,,,,,ebf235_a23fb0ce90c942c48097b98dccc7c13f~mv2.jpg,,,,,,,,,,,,,,,,,,,,,,,,,,,,,,,,,,,,,,,,,,,,,,,,,,,,,,,,,,,,,,,,,,,,,,,,,,,,,,,,,,,,,
Product_ae7a1c6d-a5b6-43ae-8e6f-904496862062,PRODUCT,Kadal Veraal-  Sliced(𝗡𝗲𝘁: 𝟱𝟬𝟬𝗴) +  Kanangeluthi- Whole(𝗡𝗲𝘁: 𝟱𝟬𝟬𝗴),true,"<h2><span style=""font-weight: 700"">Combo Pack Details</span></h2><p><span style=""font-weight: 700"">Kadal Veraal - Sliced</span>&nbsp;(𝗚𝗿𝗼𝘀𝘀: <span style=""font-weight: 700"">8</span>𝟱𝟬𝗴, 𝗡𝗲𝘁: 𝟱𝟬𝟬𝗴)</p><p><span style=""font-weight: 700"">Kanangeluthi -</span>&nbsp;<span style=""font-weight: 700"">Whole</span>&nbsp;(𝗚𝗿𝗼𝘀𝘀: 𝟳𝟱𝟬𝗴, 𝗡𝗲𝘁: 𝟱𝟬𝟬𝗴)</p><h3><span style=""font-weight: 700"">Kadal Veraal&nbsp;– Slices</span></h3><ul><li><p><span style=""font-weight: 700"">Net Weight :</span>&nbsp;500g</p></li><li><p><span style=""font-weight: 700"">Gross Weight :</span>&nbsp;850g</p></li><li><p><span style=""font-weight: 700"">Protein: </span>18g – 20g</p></li><li><p><span style=""font-weight: 700"">Pieces:</span>&nbsp;Approximately 4 – 7 whole fish</p></li><li><p><span style=""font-weight: 700"">Texture:</span>&nbsp;Soft, juicy, and flavorful</p></li></ul><h3><span style=""font-weight: 700"">kanangeluthi Fish&nbsp;– Whole Cleaned</span></h3><ul><li><p><span style=""font-weight: 700"">Net Weight:</span>&nbsp;500g</p></li><li><p><span style=""font-weight: 700"">Gross Weight :</span>&nbsp;750g</p></li><li><p><span style=""font-weight: 700"">Protein: </span>18g – 19g</p></li><li><p><span style=""font-weight: 700"">Pieces:</span>&nbsp;Approximately 5 – 8 whole fish</p></li><li><p><span style=""font-weight: 700"">Preparation:</span>&nbsp;Whole fish, thoroughly cleaned and ready to cook</p></li><li><p><span style=""font-weight: 700"">Texture:</span>&nbsp;Soft, juicy, and richly flavorful</p></li></ul><h2><span style=""font-weight: 700"">Nutritional Profile Kadal Veraal (Per 100g)</span></h2><p>Kadal Veraal&nbsp;is a wholesome seafood option rich in protein and essential minerals.</p><table><tr><td><p>Nutrient</p></td><td><p>Amount</p></td></tr><tr><td><p>Calories</p></td><td><p>105 – 130 kcal</p></td></tr><tr><td><p>Protein</p></td><td><p>18g – 20g</p></td></tr><tr><td><p>Total Fat</p></td><td><p>3g – 5g</p></td></tr><tr><td><p>Omega-3 Fatty Acids</p></td><td><p>Moderate</p></td></tr><tr><td><p>Calcium</p></td><td><p>Moderate</p></td></tr><tr><td><p>Vitamin B12</p></td><td><p>High</p></td></tr></table><h3><span style=""font-weight: 700"">Nutritional Profile Kanangeluthi (Per 100g)</span></h3><p>Indian Mackerel is one of the best sources of heart-healthy fats and essential vitamins.</p><table><tr><td><p><span style=""font-weight: 700"">Nutrient</span></p></td><td><p><span style=""font-weight: 700"">Amount</span></p></td></tr><tr><td><p><span style=""font-weight: 700"">Calories</span></p></td><td><p>190 - 205 kcal</p></td></tr><tr><td><p><span style=""font-weight: 700"">Protein</span></p></td><td><p>19g - 21g</p></td></tr><tr><td><p><span style=""font-weight: 700"">Total Fat</span></p></td><td><p>12g (Healthy Fats)</p></td></tr><tr><td><p><span style=""font-weight: 700"">Omega-3 Fatty Acids</span></p></td><td><p>Very High</p></td></tr><tr><td><p><span style=""font-weight: 700"">Vitamin D</span></p></td><td><p>80% of Daily Value</p></td></tr><tr><td><p><span style=""font-weight: 700"">Vitamin B12</span></p></td><td><p>200% of Daily Value</p></td></tr></table><h2><span style=""font-weight: 700"">Product Highlights</span></h2><ul><li><p>Premium combo featuring two traditional coastal favorites</p></li><li><p>Freshly sourced and professionally cleaned</p></li><li><p>Ideal for spicy curries and rustic seafood dishes</p></li><li><p>Rich in protein and essential nutrients</p></li><li><p>Soft, flavorful flesh that absorbs masalas beautifully</p></li><li><p>Perfect for wholesome family seafood meals</p></li></ul><h2><span style=""font-weight: 700"">Chef’s Tip</span></h2><p>Kadal Veraal&nbsp;tastes exceptional in spicy tamarind-based curries with shallots, garlic, and curry leaves, while Kanankeluthi Fish&nbsp;pairs beautifully with pepper-rich masala gravies and coconut-based coastal recipes. Slow cooking both fish varieties helps enhance their rich seafood flavor and allows the spices to deeply infuse into the tender flesh.</p>",combos,combos,,,,,975,1499,,IN_STOCK,false,,,,,,,,,,,,,,,,,,,,,,,,,,,,,,,,,,,,,,,,,,,,,,,,,,,,,,,,,,,,,,,,,,,,,,,,,,,,,
Product_ae7a1c6d-a5b6-43ae-8e6f-904496862062,MEDIA,,,,,,ebf235_f1c5cebc586242d49aa40d252369291a~mv2.jpg,,,,,,,,,,,,,,,,,,,,,,,,,,,,,,,,,,,,,,,,,,,,,,,,,,,,,,,,,,,,,,,,,,,,,,,,,,,,,,,,,,,,,
Product_ae7a1c6d-a5b6-43ae-8e6f-904496862062,MEDIA,,,,,,180cb8_52b3242642d84e58979a28d2375e0775~mv2.jpg,,,,,,,,,,,,,,,,,,,,,,,,,,,,,,,,,,,,,,,,,,,,,,,,,,,,,,,,,,,,,,,,,,,,,,,,,,,,,,,,,,,,,
Product_ae7a1c6d-a5b6-43ae-8e6f-904496862062,MEDIA,,,,,,180cb8_308354fbd3e04b26820d17ea1f6b4d06~mv2.jpg,,,,,,,,,,,,,,,,,,,,,,,,,,,,,,,,,,,,,,,,,,,,,,,,,,,,,,,,,,,,,,,,,,,,,,,,,,,,,,,,,,,,,
Product_3ca70d8d-12f5-411b-97e1-759e3c77f0a3,PRODUCT,Kadal Veraal - Head Curry Cut (𝗡: 𝟱𝟬𝟬𝗴) + Slices Half ring (𝗡: 𝟱𝟬𝟬𝗴),true,"<h2><span style=""font-weight: 700"">Combo Pack Details</span></h2><p><span style=""font-weight: 700"">Kadal Veraal - Head Curry Cut</span>&nbsp;(𝗚𝗿𝗼𝘀𝘀: <span style=""font-weight: 700"">8</span>𝟱𝟬𝗴, 𝗡𝗲𝘁: 𝟱𝟬𝟬𝗴)</p><p><span style=""font-weight: 700"">Kadal Veraal - Slices Half ring</span>&nbsp;(𝗚𝗿𝗼𝘀𝘀: <span style=""font-weight: 700"">8</span>𝟱𝟬𝗴, 𝗡𝗲𝘁: 𝟱𝟬𝟬𝗴)</p><h3><span style=""font-weight: 700"">Kadal Veraal&nbsp;– Head Curry Cut</span></h3><ul><li><p><span style=""font-weight: 700"">Net Weight :</span>&nbsp;500g</p></li><li><p><span style=""font-weight: 700"">Gross Weight :</span>&nbsp;850g</p></li><li><p><span style=""font-weight: 700"">Protein: </span>18g – 20g</p></li><li><p><span style=""font-weight: 700"">Cut Type:</span>&nbsp;Head pieces cut for curry preparation</p></li><li><p><span style=""font-weight: 700"">Texture:</span>&nbsp;Rich, gelatinous, and deeply flavorful</p></li></ul><h3><span style=""font-weight: 700"">Kadal Veraal&nbsp;– Slices Half ring</span></h3><ul><li><p><span style=""font-weight: 700"">Net Weight :</span>&nbsp;500g</p></li><li><p><span style=""font-weight: 700"">Gross Weight :</span>&nbsp;850g</p></li><li><p><span style=""font-weight: 700"">Protein: </span>18g – 20g</p></li><li><p><span style=""font-weight: 700"">Cut Type:</span>&nbsp;Thick curry-cut slices</p></li><li><p><span style=""font-weight: 700"">Texture:</span>&nbsp;Soft, juicy, and tender</p></li></ul><h2><span style=""font-weight: 700"">Nutritional Profile Kadal Veraal (Per 100g)</span></h2><p>Kadal Veraal&nbsp;is a wholesome seafood option rich in protein and essential minerals.</p><table><tr><td><p>Nutrient</p></td><td><p>Amount</p></td></tr><tr><td><p>Calories</p></td><td><p>105 – 130 kcal</p></td></tr><tr><td><p>Protein</p></td><td><p>18g – 20g</p></td></tr><tr><td><p>Total Fat</p></td><td><p>3g – 5g</p></td></tr><tr><td><p>Omega-3 Fatty Acids</p></td><td><p>Moderate</p></td></tr><tr><td><p>Calcium</p></td><td><p>Moderate</p></td></tr><tr><td><p>Vitamin B12</p></td><td><p>High</p></td></tr></table><h2><span style=""font-weight: 700"">Product Highlights</span></h2><ul><li><p>Premium Kadal Veraal combo for authentic coastal cooking</p></li><li><p>Freshly sourced and hygienically cleaned</p></li><li><p>Perfect for rich fish curries and spicy seafood gravies</p></li><li><p>Head pieces add depth and natural seafood richness</p></li><li><p>Tender slices absorb masalas beautifully</p></li><li><p>Ideal for wholesome family-style meals</p></li></ul><h2><span style=""font-weight: 700"">Chef’s Tip</span></h2><p>Kadal Veraal&nbsp;head pieces are best slow-cooked in tamarind-based curries with shallots, garlic, tomatoes, and freshly ground spices to create a deeply flavorful coastal gravy. Pair the curry with the tender sliced pieces cooked gently in the same masala for a complete seafood feast rich in aroma, texture, and authentic South Indian taste.</p>",combos,combos,,,,,825,1399,,IN_STOCK,false,,,,,,,,,,,,,,,,,,,,,,,,,,,,,,,,,,,,,,,,,,,,,,,,,,,,,,,,,,,,,,,,,,,,,,,,,,,,,
Product_3ca70d8d-12f5-411b-97e1-759e3c77f0a3,MEDIA,,,,,,ebf235_332c9ec7ce014613a8a9262dec3fa71c~mv2.jpg,,,,,,,,,,,,,,,,,,,,,,,,,,,,,,,,,,,,,,,,,,,,,,,,,,,,,,,,,,,,,,,,,,,,,,,,,,,,,,,,,,,,,
Product_3ca70d8d-12f5-411b-97e1-759e3c77f0a3,MEDIA,,,,,,ebf235_b099dd62f52f4dfaafc3daaadc3d27e7~mv2.jpg,,,,,,,,,,,,,,,,,,,,,,,,,,,,,,,,,,,,,,,,,,,,,,,,,,,,,,,,,,,,,,,,,,,,,,,,,,,,,,,,,,,,,
Product_3ca70d8d-12f5-411b-97e1-759e3c77f0a3,MEDIA,,,,,,ebf235_a23fb0ce90c942c48097b98dccc7c13f~mv2.jpg,,,,,,,,,,,,,,,,,,,,,,,,,,,,,,,,,,,,,,,,,,,,,,,,,,,,,,,,,,,,,,,,,,,,,,,,,,,,,,,,,,,,,
Product_f07a016a-13f3-4cfa-9950-f675bd5684cc,PRODUCT,Kadal Veraal -  Head Curry Cut (𝗡: 𝟱𝟬𝟬𝗴) + Slices Full Ring (𝗡: 𝟱𝟬𝟬𝗴),true,"<h2><span style=""font-weight: 700"">Combo Pack Details</span></h2><p><span style=""font-weight: 700"">Kadal Veraal - Head Curry Cut</span>&nbsp;(𝗚𝗿𝗼𝘀𝘀: <span style=""font-weight: 700"">8</span>𝟱𝟬𝗴, 𝗡𝗲𝘁: 𝟱𝟬𝟬𝗴)</p><p><span style=""font-weight: 700"">Kadal Veraal - Slices Full ring</span>&nbsp;(𝗚𝗿𝗼𝘀𝘀: <span style=""font-weight: 700"">8</span>𝟱𝟬𝗴, 𝗡𝗲𝘁: 𝟱𝟬𝟬𝗴)</p><h3><span style=""font-weight: 700"">Kadal Veraal&nbsp;– Head Curry Cut</span></h3><ul><li><p><span style=""font-weight: 700"">Net Weight :</span>&nbsp;500g</p></li><li><p><span style=""font-weight: 700"">Gross Weight :</span>&nbsp;850g</p></li><li><p><span style=""font-weight: 700"">Protein: </span>18g – 20g</p></li><li><p><span style=""font-weight: 700"">Cut Type:</span>&nbsp;Head pieces specially cut for curry preparation</p></li><li><p><span style=""font-weight: 700"">Texture:</span>&nbsp;Rich, juicy, and intensely flavorful</p></li></ul><h3><span style=""font-weight: 700"">Kadal Veraal&nbsp;– Full Ring Slices</span></h3><ul><li><p><span style=""font-weight: 700"">Net Weight :</span>&nbsp;500g</p></li><li><p><span style=""font-weight: 700"">Gross Weight :</span>&nbsp;850g</p></li><li><p><span style=""font-weight: 700"">Protein: </span>18g – 20g</p></li><li><p><span style=""font-weight: 700"">Cut Type:</span>&nbsp;Thick full ring curry-cut slices</p></li><li><p><span style=""font-weight: 700"">Texture:</span>&nbsp;Soft, meaty, and tender</p></li></ul><h2><span style=""font-weight: 700"">Nutritional Profile Kadal Veraal (Per 100g)</span></h2><p>Kadal Veraal&nbsp;is a wholesome seafood option rich in protein and essential minerals.</p><table><tr><td><p>Nutrient</p></td><td><p>Amount</p></td></tr><tr><td><p>Calories</p></td><td><p>105 – 130 kcal</p></td></tr><tr><td><p>Protein</p></td><td><p>18g – 20g</p></td></tr><tr><td><p>Total Fat</p></td><td><p>3g – 5g</p></td></tr><tr><td><p>Omega-3 Fatty Acids</p></td><td><p>Moderate</p></td></tr><tr><td><p>Calcium</p></td><td><p>Moderate</p></td></tr><tr><td><p>Vitamin B12</p></td><td><p>High</p></td></tr></table><h2><span style=""font-weight: 700"">Product Highlights</span></h2><ul><li><p>Premium Kadal Veraal combo for authentic coastal meals</p></li><li><p>Freshly sourced and professionally cleaned</p></li><li><p>Perfect for rich tamarind curries and spicy seafood gravies</p></li><li><p>Full ring slices provide thick, satisfying meaty portions</p></li><li><p>Head pieces enhance the curry with deep seafood flavor</p></li><li><p>Ideal for traditional South Indian family-style cooking</p></li></ul><h2><span style=""font-weight: 700"">Chef’s Tip</span></h2><p>Kadal Veraal&nbsp;head pieces create a rich and aromatic curry base when slow-cooked with tamarind, shallots, garlic, curry leaves, and freshly ground spices. Add the full ring slices toward the final stages of cooking so they remain soft, juicy, and intact while fully absorbing the flavorful coastal masala.</p>",combos,combos,,,,,875,1399,,IN_STOCK,false,,,,,,,,,,,,,,,,,,,,,,,,,,,,,,,,,,,,,,,,,,,,,,,,,,,,,,,,,,,,,,,,,,,,,,,,,,,,,
Product_f07a016a-13f3-4cfa-9950-f675bd5684cc,MEDIA,,,,,,ebf235_332c9ec7ce014613a8a9262dec3fa71c~mv2.jpg,,,,,,,,,,,,,,,,,,,,,,,,,,,,,,,,,,,,,,,,,,,,,,,,,,,,,,,,,,,,,,,,,,,,,,,,,,,,,,,,,,,,,
Product_f07a016a-13f3-4cfa-9950-f675bd5684cc,MEDIA,,,,,,ebf235_b099dd62f52f4dfaafc3daaadc3d27e7~mv2.jpg,,,,,,,,,,,,,,,,,,,,,,,,,,,,,,,,,,,,,,,,,,,,,,,,,,,,,,,,,,,,,,,,,,,,,,,,,,,,,,,,,,,,,
Product_f07a016a-13f3-4cfa-9950-f675bd5684cc,MEDIA,,,,,,180cb8_52b3242642d84e58979a28d2375e0775~mv2.jpg,,,,,,,,,,,,,,,,,,,,,,,,,,,,,,,,,,,,,,,,,,,,,,,,,,,,,,,,,,,,,,,,,,,,,,,,,,,,,,,,,,,,,
Product_3c4f7e23-7b15-4ef1-a5cd-c21a5b461895,PRODUCT,Black Pomfret - Sliced(𝗡𝗲𝘁: 𝟱𝟬𝟬𝗴) + Sankara - Whole(𝗡𝗲𝘁: 𝟱𝟬𝟬𝗴),true,"<h2><span style=""font-weight: 700"">Combo Pack Details</span></h2><p><span style=""font-weight: 700"">Sankara - Whole</span>&nbsp;(𝗚𝗿𝗼𝘀𝘀: 𝟳𝟱𝟬𝗴, 𝗡𝗲𝘁: 𝟱𝟬𝟬𝗴)</p><p><span style=""font-weight: 700"">Black Pomfret -</span>&nbsp;<span style=""font-weight: 700"">Sliced</span>&nbsp;(𝗚𝗿𝗼𝘀𝘀: 𝟳𝟱𝟬𝗴, 𝗡𝗲𝘁: 𝟱𝟬𝟬𝗴)</p><h3><span style=""font-weight: 700"">Karu Vaval Fish&nbsp;– Slices</span></h3><ul><li><p><span style=""font-weight: 700"">Net Weight :</span>&nbsp;500g</p></li><li><p><span style=""font-weight: 700"">Gross Weight :</span>&nbsp;750g</p></li><li><p><span style=""font-weight: 700"">Protein: </span>18g – 19g</p></li><li><p><span style=""font-weight: 700"">Pieces:</span>&nbsp;Approximately 7 – 12 slices</p></li><li><p><span style=""font-weight: 700"">Preparation:</span>&nbsp;Freshly caught and thoroughly cleaned. </p></li><li><p><span style=""font-weight: 700"">Texture:</span>&nbsp;Soft, buttery, and tender</p></li></ul><h3><span style=""font-weight: 700"">Sankara Fish&nbsp;– M Whole</span></h3><ul><li><p><span style=""font-weight: 700"">Net Weight :</span>&nbsp;500g</p></li><li><p><span style=""font-weight: 700"">Gross Weight :</span>&nbsp;750g</p></li><li><p><span style=""font-weight: 700"">Protein: </span>20g – 22g</p></li><li><p><span style=""font-weight: 700"">Pieces:</span>&nbsp;Approximately 3 – 6 whole fish</p></li></ul><h3><span style=""font-weight: 700"">Nutritional Profile Black Pomfret (Per 100g)</span></h3><p>Black Pomfret is an excellent source of lean protein and essential vitamins that support overall wellness.</p><table><tr><td><p><span style=""font-weight: 700"">Nutrient</span></p></td><td><p><span style=""font-weight: 700"">Amount</span></p></td></tr><tr><td><p><span style=""font-weight: 700"">Calories</span></p></td><td><p>100 - 120 kcal</p></td></tr><tr><td><p><span style=""font-weight: 700"">Protein</span></p></td><td><p>18g - 19g</p></td></tr><tr><td><p><span style=""font-weight: 700"">Total Fat</span></p></td><td><p>3g - 5g (Healthy Fats)</p></td></tr><tr><td><p><span style=""font-weight: 700"">Omega-3 Fatty Acids</span></p></td><td><p>High</p></td></tr><tr><td><p><span style=""font-weight: 700"">Vitamin B12</span></p></td><td><p>100% of Daily Value</p></td></tr><tr><td><p><span style=""font-weight: 700"">Vitamin D</span></p></td><td><p>Moderate</p></td></tr></table><h3><span style=""font-weight: 700"">Nutritional Profile Sankara (Per 100g)</span></h3><p>Red Snapper is a low-calorie, high-nutrient choice perfect for a balanced diet.</p><table><tr><td><p><span style=""font-weight: 700"">Nutrient</span></p></td><td><p><span style=""font-weight: 700"">Amount</span></p></td></tr><tr><td><p><span style=""font-weight: 700"">Calories</span></p></td><td><p>100 - 110 kcal</p></td></tr><tr><td><p><span style=""font-weight: 700"">Protein</span></p></td><td><p>20g - 22g</p></td></tr><tr><td><p><span style=""font-weight: 700"">Total Fat</span></p></td><td><p>1.5g</p></td></tr><tr><td><p><span style=""font-weight: 700"">Omega-3 Fatty Acids</span></p></td><td><p>Moderate to High</p></td></tr><tr><td><p><span style=""font-weight: 700"">Potassium</span></p></td><td><p>420 mg</p></td></tr><tr><td><p><span style=""font-weight: 700"">Selenium</span></p></td><td><p>65% of Daily Value</p></td></tr></table><h2><span style=""font-weight: 700"">Product Highlights</span></h2><ul><li><p>Premium seafood combo with two coastal favorites</p></li><li><p>Freshly sourced and professionally cleaned</p></li><li><p>Ideal for fish fry, curries, and coastal-style recipes</p></li><li><p>Rich in protein and essential nutrients</p></li><li><p>Combines soft buttery texture with flaky tender meat</p></li><li><p>Suitable for wholesome family meals and seafood feasts</p></li></ul><h2><span style=""font-weight: 700"">Chef’s Tip</span></h2><p>Karu Vaval Fish&nbsp;tastes exceptional when shallow fried with a spicy marinade of chili powder, turmeric, garlic paste, and black pepper until crisp on the outside and buttery inside. Pair it with a tangy tamarind-based curry made using Sankara Fish&nbsp;for the perfect balance of crispy seafood fry and rich coastal gravy.</p>",combos,combos,,,,,1225,1499,,IN_STOCK,false,,,,,,,,,,,,,,,,,,,,,,,,,,,,,,,,,,,,,,,,,,,,,,,,,,,,,,,,,,,,,,,,,,,,,,,,,,,,,
Product_3c4f7e23-7b15-4ef1-a5cd-c21a5b461895,MEDIA,,,,,,ebf235_93c9a1893c7644e0a83f744a515cfb09~mv2.jpg,,,,,,,,,,,,,,,,,,,,,,,,,,,,,,,,,,,,,,,,,,,,,,,,,,,,,,,,,,,,,,,,,,,,,,,,,,,,,,,,,,,,,
Product_3c4f7e23-7b15-4ef1-a5cd-c21a5b461895,MEDIA,,,,,,ebf235_e285ff301bd547c995cab012604087d9~mv2.jpg,,,,,,,,,,,,,,,,,,,,,,,,,,,,,,,,,,,,,,,,,,,,,,,,,,,,,,,,,,,,,,,,,,,,,,,,,,,,,,,,,,,,,
Product_3c4f7e23-7b15-4ef1-a5cd-c21a5b461895,MEDIA,,,,,,ebf235_e6204a08a6474c9e9b3aa9a337568ddd~mv2.jpg,,,,,,,,,,,,,,,,,,,,,,,,,,,,,,,,,,,,,,,,,,,,,,,,,,,,,,,,,,,,,,,,,,,,,,,,,,,,,,,,,,,,,
Product_a1ea0c65-a1b3-48c3-b218-f35a16469915,PRODUCT,Black Pomfret - Sliced(𝗡𝗲𝘁: 𝟱𝟬𝟬𝗴) + Kanangeluthi- Whole(𝗡𝗲𝘁: 𝟱𝟬𝟬𝗴),true,"<h2><span style=""font-weight: 700"">Combo Pack Details</span></h2><p><span style=""font-weight: 700"">Kanangeluthi - Whole</span>&nbsp;(𝗚𝗿𝗼𝘀𝘀: 𝟳𝟱𝟬𝗴, 𝗡𝗲𝘁: 𝟱𝟬𝟬𝗴)</p><p><span style=""font-weight: 700"">Black Pomfret -</span>&nbsp;<span style=""font-weight: 700"">Sliced</span> (𝗚𝗿𝗼𝘀𝘀: 𝟳𝟱𝟬𝗴, 𝗡𝗲𝘁: 𝟱𝟬𝟬𝗴)</p><h3><span style=""font-weight: 700"">Black Pomfret</span> <span style=""font-weight: 700"">Fish&nbsp;– Slices</span></h3><ul><li><p><span style=""font-weight: 700"">Net Weight :</span>&nbsp;500g</p></li><li><p><span style=""font-weight: 700"">Gross Weight :</span>&nbsp;750g</p></li><li><p><span style=""font-weight: 700"">Protein: </span>18g – 19g</p></li><li><p><span style=""font-weight: 700"">Pieces:</span>&nbsp;Approximately 7 – 12 slices</p></li><li><p><span style=""font-weight: 700"">Preparation:</span>&nbsp;Freshly caught and thoroughly cleaned. </p></li><li><p><span style=""font-weight: 700"">Texture:</span>&nbsp;Soft, buttery, and tender</p></li></ul><h3><span style=""font-weight: 700"">kanangeluthi Fish&nbsp;– Whole Cleaned</span></h3><ul><li><p><span style=""font-weight: 700"">Net Weight:</span>&nbsp;500g</p></li><li><p><span style=""font-weight: 700"">Gross Weight :</span>&nbsp;750g</p></li><li><p><span style=""font-weight: 700"">Protein: </span>18g – 19g</p></li><li><p><span style=""font-weight: 700"">Pieces:</span>&nbsp;Approximately 5 – 8 whole fish</p></li><li><p><span style=""font-weight: 700"">Preparation:</span>&nbsp;Whole fish, thoroughly cleaned and ready to cook</p></li><li><p><span style=""font-weight: 700"">Texture:</span>&nbsp;Soft, juicy, and richly flavorful</p></li></ul><h3><span style=""font-weight: 700"">Nutritional Profile Kanangeluthi (Per 100g)</span></h3><p>Indian Mackerel is one of the best sources of heart-healthy fats and essential vitamins.</p><table><tr><td><p><span style=""font-weight: 700"">Nutrient</span></p></td><td><p><span style=""font-weight: 700"">Amount</span></p></td></tr><tr><td><p><span style=""font-weight: 700"">Calories</span></p></td><td><p>190 - 205 kcal</p></td></tr><tr><td><p><span style=""font-weight: 700"">Protein</span></p></td><td><p>18g - 19g</p></td></tr><tr><td><p><span style=""font-weight: 700"">Total Fat</span></p></td><td><p>12g (Healthy Fats)</p></td></tr><tr><td><p><span style=""font-weight: 700"">Omega-3 Fatty Acids</span></p></td><td><p>Very High</p></td></tr><tr><td><p><span style=""font-weight: 700"">Vitamin D</span></p></td><td><p>80% of Daily Value</p></td></tr><tr><td><p><span style=""font-weight: 700"">Vitamin B12</span></p></td><td><p>200% of Daily Value</p></td></tr></table><h3><span style=""font-weight: 700"">Nutritional Profile Black Pomfret (Per 100g)</span></h3><p>Black Pomfret is an excellent source of lean protein and essential vitamins that support overall wellness.</p><table><tr><td><p><span style=""font-weight: 700"">Nutrient</span></p></td><td><p><span style=""font-weight: 700"">Amount</span></p></td></tr><tr><td><p><span style=""font-weight: 700"">Calories</span></p></td><td><p>100 - 120 kcal</p></td></tr><tr><td><p><span style=""font-weight: 700"">Protein</span></p></td><td><p>18g - 19g</p></td></tr><tr><td><p><span style=""font-weight: 700"">Total Fat</span></p></td><td><p>3g - 5g (Healthy Fats)</p></td></tr><tr><td><p><span style=""font-weight: 700"">Omega-3 Fatty Acids</span></p></td><td><p>High</p></td></tr><tr><td><p><span style=""font-weight: 700"">Vitamin B12</span></p></td><td><p>100% of Daily Value</p></td></tr><tr><td><p><span style=""font-weight: 700"">Vitamin D</span></p></td><td><p>Moderate</p></td></tr></table><h2><span style=""font-weight: 700"">Product Highlights</span></h2><ul><li><p>Premium seafood combo with two authentic coastal favorites</p></li><li><p>Freshly sourced and professionally cleaned</p></li><li><p>Ideal for spicy fish fry and traditional seafood curries</p></li><li><p>Rich in protein and essential nutrients</p></li><li><p>Combines buttery texture with deep savory flavor</p></li><li><p>Perfect for wholesome family-style seafood meals</p></li></ul><h2><span style=""font-weight: 700"">Chef’s Tip</span></h2><p>Karu Vaval Fish&nbsp;is best shallow fried with chili powder, turmeric, garlic paste, and pepper for a crispy outer layer and buttery-soft center. Pair it with spicy tamarind or coconut-based curry made using Kanankeluthi Fish&nbsp;for a flavorful coastal-style meal packed with rich aroma and authentic South Indian taste.</p><p></p>",combos,combos,,,,,1075,1599,,IN_STOCK,false,,,,,,,,,,,,,,,,,,,,,,,,,,,,,,,,,,,,,,,,,,,,,,,,,,,,,,,,,,,,,,,,,,,,,,,,,,,,,
Product_a1ea0c65-a1b3-48c3-b218-f35a16469915,MEDIA,,,,,,ebf235_50be64f8e777414eafabe3626d1c58fd~mv2.jpg,,,,,,,,,,,,,,,,,,,,,,,,,,,,,,,,,,,,,,,,,,,,,,,,,,,,,,,,,,,,,,,,,,,,,,,,,,,,,,,,,,,,,
Product_a1ea0c65-a1b3-48c3-b218-f35a16469915,MEDIA,,,,,,ebf235_7575cbc5386f474da9f38bb8e25fad1d~mv2.jpg,,,,,,,,,,,,,,,,,,,,,,,,,,,,,,,,,,,,,,,,,,,,,,,,,,,,,,,,,,,,,,,,,,,,,,,,,,,,,,,,,,,,,
Product_a1ea0c65-a1b3-48c3-b218-f35a16469915,MEDIA,,,,,,ebf235_9532380f462242639ad3556e21a9776a~mv2.jpg,,,,,,,,,,,,,,,,,,,,,,,,,,,,,,,,,,,,,,,,,,,,,,,,,,,,,,,,,,,,,,,,,,,,,,,,,,,,,,,,,,,,,
Product_58f1eee4-bcbd-4942-8d96-527917baa132,PRODUCT,"Kanangeluthi /Mackerel - 𝗙𝗶𝗹𝗹𝗲𝘁 (𝗚𝗿𝗼𝘀𝘀: 𝟴𝟬𝟬𝗴, 𝗡𝗲𝘁: 𝟰𝟬𝟬𝗴)",true,"<h2><span style=""font-weight: 700"">Fresh Indian Mackerel </span>(Kanangeluthi / Ayala /<span style=""font-weight: 700"">&nbsp;</span>அயிலை<span style=""font-weight: 700"">&nbsp;</span>/கானாங்கெளுத்தி)</h2><h2><span style=""font-weight: 700"">Product Overview</span></h2><ul><li><p><span style=""font-weight: 700"">Net Weight :</span>&nbsp;400g</p></li><li><p><span style=""font-weight: 700"">Gross Weight :</span>&nbsp;800g</p></li><li><p><span style=""font-weight: 700"">Protein: </span>18g – 19g</p></li><li><p><span style=""font-weight: 700"">Pieces:</span>&nbsp;Approximately 6 – 12 slices</p></li><li><p><span style=""font-weight: 700"">Preparation:</span>&nbsp;Freshly caught,&nbsp;cleaned,&nbsp;and descaled.&nbsp;Usually served as whole fish with deep lateral ""fry cuts"" to allow spices to penetrate the firm flesh.</p></li><li><p><span style=""font-weight: 700"">Flavor Profile:</span>&nbsp;Bold and savory with a firm,&nbsp;meaty texture.</p></li></ul><p>A quintessential favorite across coastal India,&nbsp;our Indian Mackerel is sourced fresh from the morning catch.&nbsp;Known for its distinctively rich,&nbsp;oily texture and deep flavor,&nbsp;it is the perfect candidate for a sharp,&nbsp;spicy ""Bangda Fry"" or a traditional coastal curry.</p><h3><span style=""font-weight: 700"">Nutritional Profile (Per 100g)</span></h3><p>Indian Mackerel is one of the best sources of heart-healthy fats and essential vitamins.</p><table><tr><td><p><span style=""font-weight: 700"">Nutrient</span></p></td><td><p><span style=""font-weight: 700"">Amount</span></p></td></tr><tr><td><p><span style=""font-weight: 700"">Calories</span></p></td><td><p>190 - 205 kcal</p></td></tr><tr><td><p><span style=""font-weight: 700"">Protein</span></p></td><td><p>19g - 21g</p></td></tr><tr><td><p><span style=""font-weight: 700"">Total Fat</span></p></td><td><p>12g (Healthy Fats)</p></td></tr><tr><td><p><span style=""font-weight: 700"">Omega-3 Fatty Acids</span></p></td><td><p>Very High</p></td></tr><tr><td><p><span style=""font-weight: 700"">Vitamin D</span></p></td><td><p>80% of Daily Value</p></td></tr><tr><td><p><span style=""font-weight: 700"">Vitamin B12</span></p></td><td><p>200% of Daily Value</p></td></tr></table><h3><span style=""font-weight: 700"">Key Benefits</span></h3><ul><li><p><span style=""font-weight: 700"">Omega-3 Rich:</span>&nbsp;Loaded with EPA and DHA,&nbsp;which are crucial for heart health and reducing inflammation.</p></li><li><p><span style=""font-weight: 700"">Bone &amp; Immune Support:</span>&nbsp;One of the few natural food sources rich in Vitamin D,&nbsp;essential for calcium absorption and a strong immune system.</p></li><li><p><span style=""font-weight: 700"">Metabolism Boost:</span>&nbsp;High Vitamin B12 content helps in energy production and maintains a healthy nervous system.</p></li><li><p><span style=""font-weight: 700"">Lean Protein:</span>&nbsp;Provides high-quality protein necessary for muscle maintenance and repair.</p></li></ul><blockquote><p><span style=""font-weight: 700"">Chef's Tip:</span>&nbsp;Indian Mackerel pairs beautifully with souring agents. Try marinating with a thick paste of <span style=""font-weight: 700"">Tamarind or Kokum</span>, red chili, and a hint of peppercorns for an authentic coastal experience!</p></blockquote>",boneless;fishes;instant-buy;high-protien,instant-buy,,,,,425,649,,IN_STOCK,false,,,,,,,,,,,,,,,,,,,,,,,,,,,,,,,,,,,,,,,,,,,,,,,,,,,,,,,,,,,,,,,,,,,,,,,,,,,,,
Product_58f1eee4-bcbd-4942-8d96-527917baa132,MEDIA,,,,,,ebf235_8a2d7772786e4f30ab1102b9c5bddc21~mv2.jpg,,,,,,,,,,,,,,,,,,,,,,,,,,,,,,,,,,,,,,,,,,,,,,,,,,,,,,,,,,,,,,,,,,,,,,,,,,,,,,,,,,,,,
Product_58f1eee4-bcbd-4942-8d96-527917baa132,MEDIA,,,,,,ebf235_7575cbc5386f474da9f38bb8e25fad1d~mv2.jpg,,,,,,,,,,,,,,,,,,,,,,,,,,,,,,,,,,,,,,,,,,,,,,,,,,,,,,,,,,,,,,,,,,,,,,,,,,,,,,,,,,,,,
Product_f5160a40-a3d8-40f8-aad1-e94c5fd0841f,PRODUCT,Black Pomfret- Sliced(𝗡𝗲𝘁: 𝟱𝟬𝟬𝗴) + White Prawn- Cleaned(𝗡𝗲𝘁: 𝟰𝟬𝟬𝗴),true,"<h2><span style=""font-weight: 700"">Combo Pack Details</span></h2><p><span style=""font-weight: 700"">Black Pomfret -</span>&nbsp;<span style=""font-weight: 700"">Sliced</span>&nbsp;(𝗚𝗿𝗼𝘀𝘀: 𝟳𝟱𝟬𝗴, 𝗡𝗲𝘁: 𝟱𝟬𝟬𝗴)</p><p><span style=""font-weight: 700"">White Prawn -</span>&nbsp;𝗖𝗹𝗲𝗮𝗻𝗲𝗱 𝗮𝗻𝗱 𝗱𝗲𝘃𝗲𝗶𝗻𝗲𝗱 (𝗚𝗿𝗼𝘀𝘀: 𝟴𝟬𝟬𝗴, 𝗡𝗲𝘁: 𝟰𝟬𝟬𝗴)</p><h3><span style=""font-weight: 700"">Karu Vaval Fish&nbsp;– Slices</span></h3><ul><li><p><span style=""font-weight: 700"">Net Weight :</span>&nbsp;500g</p></li><li><p><span style=""font-weight: 700"">Gross Weight :</span>&nbsp;750g</p></li><li><p><span style=""font-weight: 700"">Protein: </span>18g – 19g</p></li><li><p><span style=""font-weight: 700"">Pieces:</span>&nbsp;Approximately 7 – 12 slices</p></li><li><p><span style=""font-weight: 700"">Preparation:</span>&nbsp;Freshly caught and thoroughly cleaned. </p></li><li><p><span style=""font-weight: 700"">Texture:</span>&nbsp;Soft, buttery, and tender</p></li></ul><h3><span style=""font-weight: 700"">White Prawn&nbsp;– Cleaned &amp; Deveined</span></h3><ul><li><p><span style=""font-weight: 700"">Net Weight:</span>&nbsp;400g</p></li><li><p><span style=""font-weight: 700"">Gross Weight:</span>&nbsp;800g</p></li><li><p><span style=""font-weight: 700"">Protein: </span>18g – 20g</p></li><li><p><span style=""font-weight: 700"">Preparation:</span>&nbsp;Hygienically cleaned and deveined</p></li><li><p><span style=""font-weight: 700"">Texture:</span>&nbsp;Tender, juicy, and mildly sweet</p></li></ul><h3><span style=""font-weight: 700"">Nutritional Profile Black Pomfret (Per 100g)</span></h3><p>Black Pomfret is an excellent source of lean protein and essential vitamins that support overall wellness.</p><table><tr><td><p><span style=""font-weight: 700"">Nutrient</span></p></td><td><p><span style=""font-weight: 700"">Amount</span></p></td></tr><tr><td><p><span style=""font-weight: 700"">Calories</span></p></td><td><p>100 - 120 kcal</p></td></tr><tr><td><p><span style=""font-weight: 700"">Protein</span></p></td><td><p>18g - 19g</p></td></tr><tr><td><p><span style=""font-weight: 700"">Total Fat</span></p></td><td><p>3g - 5g (Healthy Fats)</p></td></tr><tr><td><p><span style=""font-weight: 700"">Omega-3 Fatty Acids</span></p></td><td><p>High</p></td></tr><tr><td><p><span style=""font-weight: 700"">Vitamin B12</span></p></td><td><p>100% of Daily Value</p></td></tr><tr><td><p><span style=""font-weight: 700"">Vitamin D</span></p></td><td><p>Moderate</p></td></tr></table><h3><span style=""font-weight: 700"">Nutritional Profile White Prawn (Per 100g)</span></h3><p>Fresh Water Prawns are an excellent source of lean protein and essential micronutrients.</p><table><tr><td><p><span style=""font-weight: 700"">Nutrient</span></p></td><td><p><span style=""font-weight: 700"">Amount</span></p></td></tr><tr><td><p><span style=""font-weight: 700"">Calories</span></p></td><td><p>85 - 90 kcal</p></td></tr><tr><td><p><span style=""font-weight: 700"">Protein</span></p></td><td><p>18g - 20g</p></td></tr><tr><td><p><span style=""font-weight: 700"">Total Fat</span></p></td><td><p>&lt; 1g</p></td></tr><tr><td><p><span style=""font-weight: 700"">Phosphorus</span></p></td><td><p>High</p></td></tr><tr><td><p><span style=""font-weight: 700"">Omega-3 Fatty Acids</span></p></td><td><p>Good Source</p></td></tr><tr><td><p><span style=""font-weight: 700"">Iodine</span></p></td><td><p>Rich</p></td></tr></table><h2><span style=""font-weight: 700"">Product Highlights</span></h2><ul><li><p>Premium seafood combo with fish and prawns</p></li><li><p>Freshly sourced and professionally cleaned</p></li><li><p>Ready-to-cook convenience for easy meal preparation</p></li><li><p>Perfect for fish fry, prawn roast, curries, and grills</p></li><li><p>Rich in protein and essential nutrients</p></li><li><p>Ideal for family meals and seafood lovers</p></li></ul><h2><span style=""font-weight: 700"">Chef’s Tip</span></h2><p>Karu Vaval Fish&nbsp;tastes exceptional when marinated with chili powder, turmeric, garlic paste, and black pepper before shallow frying until crisp and golden. Pair it with spicy garlic butter or Chettinad-style White Prawn&nbsp;masala for a complete coastal seafood feast bursting with flavor and aroma.</p>",combos,combos,,,,,1325,1599,,IN_STOCK,false,,,,,,,,,,,,,,,,,,,,,,,,,,,,,,,,,,,,,,,,,,,,,,,,,,,,,,,,,,,,,,,,,,,,,,,,,,,,,
Product_f5160a40-a3d8-40f8-aad1-e94c5fd0841f,MEDIA,,,,,,ebf235_cfda38876ee44ca6a1e6c9bc8360e9af~mv2.jpg,,,,,,,,,,,,,,,,,,,,,,,,,,,,,,,,,,,,,,,,,,,,,,,,,,,,,,,,,,,,,,,,,,,,,,,,,,,,,,,,,,,,,
Product_f5160a40-a3d8-40f8-aad1-e94c5fd0841f,MEDIA,,,,,,ebf235_e285ff301bd547c995cab012604087d9~mv2.jpg,,,,,,,,,,,,,,,,,,,,,,,,,,,,,,,,,,,,,,,,,,,,,,,,,,,,,,,,,,,,,,,,,,,,,,,,,,,,,,,,,,,,,
Product_f5160a40-a3d8-40f8-aad1-e94c5fd0841f,MEDIA,,,,,,ebf235_2a6a54bf24c641448b035f9ee6dc02f5~mv2.jpg,,,,,,,,,,,,,,,,,,,,,,,,,,,,,,,,,,,,,,,,,,,,,,,,,,,,,,,,,,,,,,,,,,,,,,,,,,,,,,,,,,,,,
Product_2b5e3642-7531-42e1-b65f-f80218a2a9c0,PRODUCT,Vanjaram - Head Curry Cut(𝗡𝗲𝘁: 𝟱𝟬𝟬𝗴) + Slices Half Ring(𝗡𝗲𝘁: 𝟱𝟬𝟬𝗴),true,"<h2><span style=""font-weight: 700"">Combo Pack Details</span></h2><p><span style=""font-weight: 700"">Vanjaram - Slices half Ring</span>&nbsp;(𝗚𝗿𝗼𝘀𝘀: <span style=""font-weight: 700"">8</span>𝟱𝟬𝗴, 𝗡𝗲𝘁: 𝟱𝟬𝟬𝗴)</p><p><span style=""font-weight: 700"">Vanjaram - Head Curry Cut</span>&nbsp;(𝗡𝗲𝘁: 𝟱𝟬𝟬𝗴)</p><p><span style=""font-weight: 700"">Serving size - (5-9 Pcs)</span></p><h3><span style=""font-weight: 700"">Vanjaram Fish&nbsp;– Head Curry Cut</span></h3><ul><li><p><span style=""font-weight: 700"">Net Weight :</span>&nbsp;500g</p></li><li><p><span style=""font-weight: 700"">Protein: </span>18g – 20g</p></li><li><p><span style=""font-weight: 700"">Texture:</span>&nbsp;Rich, juicy, and intensely flavorful</p></li></ul><h3><span style=""font-weight: 700"">Vanjaram&nbsp;– Full Ring Slices</span></h3><ul><li><p><span style=""font-weight: 700"">Net Weight :</span>&nbsp;500g</p></li><li><p><span style=""font-weight: 700"">Gross Weight :</span>&nbsp;850g</p></li><li><p><span style=""font-weight: 700"">Protein: </span>18g – 20g</p></li><li><p><span style=""font-weight: 700"">Texture:</span>&nbsp;Thick, firm and meaty</p></li></ul><h3><span style=""font-weight: 700"">Nutritional Profile Vanjaram (Per 100g)</span></h3><p>Seer Fish is a nutritional powerhouse, especially famous for its high healthy fat content.</p><table><tr><td><p><span style=""font-weight: 700"">Nutrient</span></p></td><td><p><span style=""font-weight: 700"">Amount</span></p></td></tr><tr><td><p><span style=""font-weight: 700"">Calories</span></p></td><td><p>120 – 150 kcal</p></td></tr><tr><td><p><span style=""font-weight: 700"">Protein</span></p></td><td><p>20g – 21g</p></td></tr><tr><td><p><span style=""font-weight: 700"">Total Fat</span></p></td><td><p>4g – 6g</p></td></tr><tr><td><p><span style=""font-weight: 700"">Omega-3 Fatty Acids</span></p></td><td><p>Very High</p></td></tr><tr><td><p><span style=""font-weight: 700"">Vitamin B12</span></p></td><td><p>High</p></td></tr><tr><td><p><span style=""font-weight: 700"">Selenium &amp; Iodine</span></p></td><td><p>High</p></td></tr></table><h2><span style=""font-weight: 700"">Product Highlights</span></h2><ul><li><p>Premium Vanjaram seafood combo with curry and fry cuts</p></li><li><p>Freshly sourced and professionally cleaned</p></li><li><p>Ideal for spicy curries, fish fry, and grilled seafood recipes</p></li><li><p>Thick meaty slices with minimal bones</p></li><li><p>Rich in protein and essential nutrients</p></li><li><p>Perfect for authentic coastal-style family meals</p></li></ul><h2><span style=""font-weight: 700"">Chef’s Tip</span></h2><p>Vanjaram Fish&nbsp;head pieces are best slow-cooked in traditional tamarind-based curries with shallots, garlic, tomatoes, and curry leaves for a deeply aromatic coastal gravy. The full ring slices taste exceptional when marinated with chili powder, turmeric, black pepper, ginger-garlic paste, and lemon juice before shallow frying until crisp outside and juicy inside.</p>",combos,combos,,,,,1000,1299,,IN_STOCK,false,,,,,,,,,,,,,,,,,,,,,,,,,,,,,,,,,,,,,,,,,,,,,,,,,,,,,,,,,,,,,,,,,,,,,,,,,,,,,
Product_2b5e3642-7531-42e1-b65f-f80218a2a9c0,MEDIA,,,,,,ebf235_8378e31b6f5a4935bfae868feff405b9~mv2.jpg,,,,,,,,,,,,,,,,,,,,,,,,,,,,,,,,,,,,,,,,,,,,,,,,,,,,,,,,,,,,,,,,,,,,,,,,,,,,,,,,,,,,,
Product_2b5e3642-7531-42e1-b65f-f80218a2a9c0,MEDIA,,,,,,ebf235_189f66d651494227bec3b97492dc8ff3~mv2.jpg,,,,,,,,,,,,,,,,,,,,,,,,,,,,,,,,,,,,,,,,,,,,,,,,,,,,,,,,,,,,,,,,,,,,,,,,,,,,,,,,,,,,,
Product_2b5e3642-7531-42e1-b65f-f80218a2a9c0,MEDIA,,,,,,ebf235_baeda4bf90974a4a84da09bc112b80d0~mv2.jpg,,,,,,,,,,,,,,,,,,,,,,,,,,,,,,,,,,,,,,,,,,,,,,,,,,,,,,,,,,,,,,,,,,,,,,,,,,,,,,,,,,,,,
Product_3cdf9543-50d9-44f1-a95f-f1d423ed7e9f,PRODUCT,"Kadal Veraal / Cobia -  𝗦𝗹𝗶𝗰𝗲𝗱(𝗚𝗿𝗼𝘀𝘀: 𝟴𝟱𝟬𝗴, 𝗡𝗲𝘁: 𝟱𝟬𝟬𝗴)",true,"<h2><span style=""font-weight: 700"">Fresh Kadal Veraal </span>(Cobia /<span style=""font-weight: 700"">&nbsp;</span>கடல் விரால்)</h2><h2><span style=""font-weight: 700"">Product Overview</span></h2><ul><li><p><span style=""font-weight: 700"">Net Weight:</span>&nbsp;500g</p></li><li><p><span style=""font-weight: 700"">Gross Weight :</span>&nbsp;850g</p></li><li><p><span style=""font-weight: 700"">Protein: </span>18g – 20g</p></li><li><p><span style=""font-weight: 700"">Preparation:</span>&nbsp;Freshly sourced, thoroughly cleaned, and cut hygienically. Available as Whole Cleaned or Curry Cut pieces.</p></li><li><p><span style=""font-weight: 700"">Texture:</span>&nbsp;Soft, juicy, and tender with a rich, meaty flavor profile.</p></li></ul><p>Known for its rich flavor, soft flesh, and traditional coastal appeal, Kadal Veraal&nbsp;is a highly valued seafood choice across South India. Recognized for its smooth skin, firm body, and succulent meat, this fish is especially loved for its deep, savory taste that becomes even more flavorful when cooked in spicy gravies or rustic village-style preparations. Its tender texture and naturally juicy flesh make it ideal for hearty home-cooked seafood meals. Freshly sourced and carefully cleaned, our Kadal Veraal is prepared to deliver an authentic coastal dining experience.</p><h2><span style=""font-weight: 700"">Nutritional Profile (Per 100g)</span></h2><p>Kadal Veraal&nbsp;is a wholesome seafood option rich in protein and essential minerals.</p><table><tr><td><p>Nutrient</p></td><td><p>Amount</p></td></tr><tr><td><p>Calories</p></td><td><p>105 – 130 kcal</p></td></tr><tr><td><p>Protein</p></td><td><p>18g – 22g</p></td></tr><tr><td><p>Total Fat</p></td><td><p>3g – 5g</p></td></tr><tr><td><p>Omega-3 Fatty Acids</p></td><td><p>Moderate</p></td></tr><tr><td><p>Calcium</p></td><td><p>Moderate</p></td></tr><tr><td><p>Vitamin B12</p></td><td><p>High</p></td></tr></table><h2><span style=""font-weight: 700"">Key Benefits</span></h2><h3>Protein-Rich Nutrition</h3><p>Provides high-quality protein essential for muscle growth, tissue repair, and overall body strength.</p><h3>Energy &amp; Nerve Support</h3><p>Naturally rich in Vitamin B12, which supports healthy nerve function and helps maintain energy levels.</p><h3>Heart Wellness</h3><p>Contains beneficial Omega-3 fatty acids that contribute to cardiovascular health and overall wellness.</p><h3>Bone Strength</h3><p>Supplies essential minerals like Calcium and Phosphorus that help maintain strong bones and teeth.</p><h3>Satisfying &amp; Nourishing</h3><p>Its rich texture and filling nature make it an excellent choice for wholesome, comforting seafood meals.</p><h2><span style=""font-weight: 700"">Chef’s Tip</span></h2><p>Kadal Veraal&nbsp;is especially popular in traditional South Indian fish curries and spicy coastal gravies. Its soft meat absorbs spices beautifully, making it perfect for a fiery tamarind-based curry or a rustic village-style fish kuzhambu. For the best flavor, cook it slowly with shallots, garlic, curry leaves, and freshly ground masalas. Since the flesh is delicate, avoid excessive stirring while cooking to help the pieces remain intact and flavorful.</p>",instant-buy;deep-fry-favorites,instant-buy,,,,,650,949,,IN_STOCK,false,,,,,,,,,,,,,,,,,,,,,,,,,,,,,,,,,,,,,,,,,,,,,,,,,,,,,,,,,,,,,,,,,,,,,,,,,,,,,
Product_3cdf9543-50d9-44f1-a95f-f1d423ed7e9f,MEDIA,,,,,,ebf235_a23fb0ce90c942c48097b98dccc7c13f~mv2.jpg,,,,,,,,,,,,,,,,,,,,,,,,,,,,,,,,,,,,,,,,,,,,,,,,,,,,,,,,,,,,,,,,,,,,,,,,,,,,,,,,,,,,,
Product_3cdf9543-50d9-44f1-a95f-f1d423ed7e9f,MEDIA,,,,,,ebf235_b099dd62f52f4dfaafc3daaadc3d27e7~mv2.jpg,,,,,,,,,,,,,,,,,,,,,,,,,,,,,,,,,,,,,,,,,,,,,,,,,,,,,,,,,,,,,,,,,,,,,,,,,,,,,,,,,,,,,
Product_220f0b82-a1f5-473f-9248-bf67cf28aae1,PRODUCT,Vanjaram - Head Curry Cut(𝗡𝗲𝘁: 𝟱𝟬𝟬𝗴) + Slices Full Ring(𝗡𝗲𝘁: 𝟱𝟬𝟬𝗴),true,"<h2><span style=""font-weight: 700"">Combo Pack Details</span></h2><p><span style=""font-weight: 700"">Vanjaram - Slices Full Ring</span>&nbsp;(𝗚𝗿𝗼𝘀𝘀: <span style=""font-weight: 700"">8</span>𝟱𝟬𝗴, 𝗡𝗲𝘁: 𝟱𝟬𝟬𝗴)</p><p><span style=""font-weight: 700"">Vanjaram - Head Curry Cut</span>&nbsp;(𝗡𝗲𝘁: 𝟱𝟬𝟬𝗴)</p><p><span style=""font-weight: 700"">Serving size - (4-7 Pcs)</span></p><h3><span style=""font-weight: 700"">Vanjaram Fish&nbsp;– Head Curry Cut</span></h3><ul><li><p><span style=""font-weight: 700"">Net Weight :</span>&nbsp;500g</p></li><li><p><span style=""font-weight: 700"">Protein: </span>18g – 20g</p></li><li><p><span style=""font-weight: 700"">Texture:</span>&nbsp;Rich, juicy, and intensely flavorful</p></li></ul><h3><span style=""font-weight: 700"">Vanjaram&nbsp;– Full Ring Slices</span></h3><ul><li><p><span style=""font-weight: 700"">Net Weight :</span>&nbsp;500g</p></li><li><p><span style=""font-weight: 700"">Gross Weight :</span>&nbsp;850g</p></li><li><p><span style=""font-weight: 700"">Protein: </span>18g – 20g</p></li><li><p><span style=""font-weight: 700"">Texture:</span>&nbsp;Thick, firm and meaty</p></li></ul><h3><span style=""font-weight: 700"">Nutritional Profile Vanjaram (Per 100g)</span></h3><p>Seer Fish is a nutritional powerhouse, especially famous for its high healthy fat content.</p><table><tr><td><p><span style=""font-weight: 700"">Nutrient</span></p></td><td><p><span style=""font-weight: 700"">Amount</span></p></td></tr><tr><td><p><span style=""font-weight: 700"">Calories</span></p></td><td><p>120 – 150 kcal</p></td></tr><tr><td><p><span style=""font-weight: 700"">Protein</span></p></td><td><p>20g – 21g</p></td></tr><tr><td><p><span style=""font-weight: 700"">Total Fat</span></p></td><td><p>4g – 6g</p></td></tr><tr><td><p><span style=""font-weight: 700"">Omega-3 Fatty Acids</span></p></td><td><p>Very High</p></td></tr><tr><td><p><span style=""font-weight: 700"">Vitamin B12</span></p></td><td><p>High</p></td></tr><tr><td><p><span style=""font-weight: 700"">Selenium &amp; Iodine</span></p></td><td><p>High</p></td></tr></table><h2><span style=""font-weight: 700"">Product Highlights</span></h2><ul><li><p>Premium Vanjaram seafood combo with curry and fry cuts</p></li><li><p>Freshly sourced and professionally cleaned</p></li><li><p>Ideal for spicy curries, fish fry, and grilled seafood recipes</p></li><li><p>Thick meaty slices with minimal bones</p></li><li><p>Rich in protein and essential nutrients</p></li><li><p>Perfect for authentic coastal-style family meals</p></li></ul><h2><span style=""font-weight: 700"">Chef’s Tip</span></h2><p>Vanjaram Fish&nbsp;head pieces are best slow-cooked in traditional tamarind-based curries with shallots, garlic, tomatoes, and curry leaves for a deeply aromatic coastal gravy. The full ring slices taste exceptional when marinated with chili powder, turmeric, black pepper, ginger-garlic paste, and lemon juice before shallow frying until crisp outside and juicy inside.</p>",combos,combos,,,,,1100,1399,,IN_STOCK,false,,,,,,,,,,,,,,,,,,,,,,,,,,,,,,,,,,,,,,,,,,,,,,,,,,,,,,,,,,,,,,,,,,,,,,,,,,,,,
Product_220f0b82-a1f5-473f-9248-bf67cf28aae1,MEDIA,,,,,,ebf235_8378e31b6f5a4935bfae868feff405b9~mv2.jpg,,,,,,,,,,,,,,,,,,,,,,,,,,,,,,,,,,,,,,,,,,,,,,,,,,,,,,,,,,,,,,,,,,,,,,,,,,,,,,,,,,,,,
Product_220f0b82-a1f5-473f-9248-bf67cf28aae1,MEDIA,,,,,,ebf235_189f66d651494227bec3b97492dc8ff3~mv2.jpg,,,,,,,,,,,,,,,,,,,,,,,,,,,,,,,,,,,,,,,,,,,,,,,,,,,,,,,,,,,,,,,,,,,,,,,,,,,,,,,,,,,,,
Product_220f0b82-a1f5-473f-9248-bf67cf28aae1,MEDIA,,,,,,ebf235_313c7d0c68844014aa8eb9fa87d81db4~mv2.jpg,,,,,,,,,,,,,,,,,,,,,,,,,,,,,,,,,,,,,,,,,,,,,,,,,,,,,,,,,,,,,,,,,,,,,,,,,,,,,,,,,,,,,
Product_220f0b82-a1f5-473f-9248-bf67cf28aae1,MEDIA,,,,,,ebf235_01975216fc694fd0b6ed7205b294b07d~mv2.jpg,,,,,,,,,,,,,,,,,,,,,,,,,,,,,,,,,,,,,,,,,,,,,,,,,,,,,,,,,,,,,,,,,,,,,,,,,,,,,,,,,,,,,
Product_220f0b82-a1f5-473f-9248-bf67cf28aae1,MEDIA,,,,,,ebf235_baeda4bf90974a4a84da09bc112b80d0~mv2.jpg,,,,,,,,,,,,,,,,,,,,,,,,,,,,,,,,,,,,,,,,,,,,,,,,,,,,,,,,,,,,,,,,,,,,,,,,,,,,,,,,,,,,,
Product_2c5ea1b3-1844-49d4-b6e9-012ecef5e530,PRODUCT,White Pomfret  - Sliced(𝗡𝗲𝘁: 𝟱𝟬𝟬𝗴) + Kanangeluthi Whole(𝗡𝗲𝘁: 𝟱𝟬𝟬𝗴),true,"<h2><span style=""font-weight: 700"">Combo Pack Details</span></h2><p><span style=""font-weight: 700"">Kanangeluthi - Whole</span>&nbsp;(𝗚𝗿𝗼𝘀𝘀: 𝟳𝟱𝟬𝗴, 𝗡𝗲𝘁: 𝟱𝟬𝟬𝗴)</p><p><span style=""font-weight: 700"">White Pomfret -</span>&nbsp;<span style=""font-weight: 700"">Sliced</span>&nbsp;(𝗚𝗿𝗼𝘀𝘀: 𝟳𝟱𝟬𝗴, 𝗡𝗲𝘁: 𝟱𝟬𝟬𝗴)</p><h3><span style=""font-weight: 700"">Vellai Vaval Fish&nbsp;– Slices</span></h3><ul><li><p><span style=""font-weight: 700"">Net Weight :</span>&nbsp;500g</p></li><li><p><span style=""font-weight: 700"">Gross Weight :</span>&nbsp;750g</p></li><li><p><span style=""font-weight: 700"">Protein: </span>18g – 20g</p></li><li><p><span style=""font-weight: 700"">Pieces:</span>&nbsp;Approximately 7 – 12 slices</p></li><li><p><span style=""font-weight: 700"">Preparation:</span>&nbsp;Freshly caught and thoroughly cleaned. </p></li><li><p><span style=""font-weight: 700"">Texture:</span>&nbsp;Soft, buttery, and tender</p></li></ul><h3><span style=""font-weight: 700"">kanangeluthi Fish&nbsp;– Whole Cleaned</span></h3><ul><li><p><span style=""font-weight: 700"">Net Weight:</span>&nbsp;500g</p></li><li><p><span style=""font-weight: 700"">Gross Weight :</span>&nbsp;750g</p></li><li><p><span style=""font-weight: 700"">Protein: </span>18g – 19g</p></li><li><p><span style=""font-weight: 700"">Preparation:</span>&nbsp;Whole fish, thoroughly cleaned and ready to cook</p></li><li><p><span style=""font-weight: 700"">Texture:</span>&nbsp;Soft, juicy, and richly flavorful</p></li></ul><h3><span style=""font-weight: 700"">Nutritional Profile Kanangeluthi (Per 100g)</span></h3><p>Indian Mackerel is one of the best sources of heart-healthy fats and essential vitamins.</p><table><tr><td><p><span style=""font-weight: 700"">Nutrient</span></p></td><td><p><span style=""font-weight: 700"">Amount</span></p></td></tr><tr><td><p><span style=""font-weight: 700"">Calories</span></p></td><td><p>190 - 205 kcal</p></td></tr><tr><td><p><span style=""font-weight: 700"">Protein</span></p></td><td><p>18g - 19g</p></td></tr><tr><td><p><span style=""font-weight: 700"">Total Fat</span></p></td><td><p>12g (Healthy Fats)</p></td></tr><tr><td><p><span style=""font-weight: 700"">Omega-3 Fatty Acids</span></p></td><td><p>Very High</p></td></tr><tr><td><p><span style=""font-weight: 700"">Vitamin D</span></p></td><td><p>80% of Daily Value</p></td></tr><tr><td><p><span style=""font-weight: 700"">Vitamin B12</span></p></td><td><p>200% of Daily Value</p></td></tr></table><h3><span style=""font-weight: 700"">Nutritional Profile White Pomfret (Per 100g)</span></h3><p>White Pomfret is a nutrient-dense choice, offering lean protein and essential healthy fats.</p><table><tr><td><p><span style=""font-weight: 700"">Nutrient</span></p></td><td><p><span style=""font-weight: 700"">Amount</span></p></td></tr><tr><td><p><span style=""font-weight: 700"">Calories</span></p></td><td><p>90 – 110 kcal</p></td></tr><tr><td><p><span style=""font-weight: 700"">Protein</span></p></td><td><p>18g – 20g</p></td></tr><tr><td><p><span style=""font-weight: 700"">Total Fat</span></p></td><td><p>3g – 5g</p></td></tr><tr><td><p><span style=""font-weight: 700"">Omega-3 Fatty Acids</span></p></td><td><p>High</p></td></tr><tr><td><p><span style=""font-weight: 700"">Vitamin D &amp; B12</span></p></td><td><p>High</p></td></tr><tr><td><p><span style=""font-weight: 700"">Iodine &amp; Zinc</span></p></td><td><p>Moderate</p></td></tr></table><h2><span style=""font-weight: 700"">Product Highlights</span></h2><ul><li><p>Premium seafood combo with two authentic coastal favorites</p></li><li><p>Freshly sourced and professionally cleaned</p></li><li><p>Perfect for fish fry, curries, and traditional seafood meals</p></li><li><p>Combines buttery texture with rich savory flavor</p></li><li><p>Rich in protein and essential nutrients</p></li><li><p>Ideal for wholesome family-style seafood cooking</p></li></ul><h2><span style=""font-weight: 700"">Chef’s Tip</span></h2><p>Vellai Vaval Fish&nbsp;tastes exceptional when lightly marinated with turmeric, pepper, garlic paste, and lemon juice before shallow frying until crisp and golden. Pair it with spicy tamarind or coconut-based curry made using Kanankeluthi Fish&nbsp;for a flavorful coastal seafood meal packed with authentic South Indian aroma and taste.</p>",combos,combos,,,,,1300,1999,,IN_STOCK,false,,,,,,,,,,,,,,,,,,,,,,,,,,,,,,,,,,,,,,,,,,,,,,,,,,,,,,,,,,,,,,,,,,,,,,,,,,,,,
Product_2c5ea1b3-1844-49d4-b6e9-012ecef5e530,MEDIA,,,,,,ebf235_886939a7a1dd4b25a2e8623aac96522d~mv2.jpg,,,,,,,,,,,,,,,,,,,,,,,,,,,,,,,,,,,,,,,,,,,,,,,,,,,,,,,,,,,,,,,,,,,,,,,,,,,,,,,,,,,,,
Product_2c5ea1b3-1844-49d4-b6e9-012ecef5e530,MEDIA,,,,,,ebf235_91ae37fe225644689530adf61ba9819a~mv2.jpg,,,,,,,,,,,,,,,,,,,,,,,,,,,,,,,,,,,,,,,,,,,,,,,,,,,,,,,,,,,,,,,,,,,,,,,,,,,,,,,,,,,,,
Product_2c5ea1b3-1844-49d4-b6e9-012ecef5e530,MEDIA,,,,,,ebf235_7575cbc5386f474da9f38bb8e25fad1d~mv2.jpg,,,,,,,,,,,,,,,,,,,,,,,,,,,,,,,,,,,,,,,,,,,,,,,,,,,,,,,,,,,,,,,,,,,,,,,,,,,,,,,,,,,,,
Product_c5c4bf48-1498-4d25-a6d5-3eb3dc8f8728,PRODUCT,"Kadal Veraal / Cobia  - 𝗙𝗶𝗹𝗹𝗲𝘁 (𝗡: 𝟯𝟱𝟬𝗴 - 𝟰𝟬𝟬𝗴, 𝗚: 𝟴𝟱𝟬𝗴)",true,"<h2><span style=""font-weight: 700"">Fresh Kadal Veraal </span>(Cobia /<span style=""font-weight: 700"">&nbsp;</span>கடல் விரால்)</h2><h2><span style=""font-weight: 700"">Product Overview</span></h2><ul><li><p><span style=""font-weight: 700"">Net Weight:</span>&nbsp;350g - 400g</p></li><li><p><span style=""font-weight: 700"">Gross Weight :</span>&nbsp;850g</p></li><li><p><span style=""font-weight: 700"">Protein: </span>18g – 20g</p></li><li><p><span style=""font-weight: 700"">Preparation:</span>&nbsp;Freshly sourced, thoroughly cleaned, and cut hygienically. Available as Whole Cleaned or Curry Cut pieces.</p></li><li><p><span style=""font-weight: 700"">Texture:</span>&nbsp;Soft, juicy, and tender with a rich, meaty flavor profile.</p></li></ul><p>Known for its rich flavor, soft flesh, and traditional coastal appeal, Kadal Veraal&nbsp;is a highly valued seafood choice across South India. Recognized for its smooth skin, firm body, and succulent meat, this fish is especially loved for its deep, savory taste that becomes even more flavorful when cooked in spicy gravies or rustic village-style preparations. Its tender texture and naturally juicy flesh make it ideal for hearty home-cooked seafood meals. Freshly sourced and carefully cleaned, our Kadal Veraal is prepared to deliver an authentic coastal dining experience.</p><h2><span style=""font-weight: 700"">Nutritional Profile (Per 100g)</span></h2><p>Kadal Veraal&nbsp;is a wholesome seafood option rich in protein and essential minerals.</p><table><tr><td><p>Nutrient</p></td><td><p>Amount</p></td></tr><tr><td><p>Calories</p></td><td><p>105 – 130 kcal</p></td></tr><tr><td><p>Protein</p></td><td><p>18g – 20g</p></td></tr><tr><td><p>Total Fat</p></td><td><p>3g – 5g</p></td></tr><tr><td><p>Omega-3 Fatty Acids</p></td><td><p>Moderate</p></td></tr><tr><td><p>Calcium</p></td><td><p>Moderate</p></td></tr><tr><td><p>Vitamin B12</p></td><td><p>High</p></td></tr></table><h2><span style=""font-weight: 700"">Key Benefits</span></h2><h3>Protein-Rich Nutrition</h3><p>Provides high-quality protein essential for muscle growth, tissue repair, and overall body strength.</p><h3>Energy &amp; Nerve Support</h3><p>Naturally rich in Vitamin B12, which supports healthy nerve function and helps maintain energy levels.</p><h3>Heart Wellness</h3><p>Contains beneficial Omega-3 fatty acids that contribute to cardiovascular health and overall wellness.</p><h3>Bone Strength</h3><p>Supplies essential minerals like Calcium and Phosphorus that help maintain strong bones and teeth.</p><h3>Satisfying &amp; Nourishing</h3><p>Its rich texture and filling nature make it an excellent choice for wholesome, comforting seafood meals.</p><h2><span style=""font-weight: 700"">Chef’s Tip</span></h2><p>Kadal Veraal&nbsp;is especially popular in traditional South Indian fish curries and spicy coastal gravies. Its soft meat absorbs spices beautifully, making it perfect for a fiery tamarind-based curry or a rustic village-style fish kuzhambu. For the best flavor, cook it slowly with shallots, garlic, curry leaves, and freshly ground masalas. Since the flesh is delicate, avoid excessive stirring while cooking to help the pieces remain intact and flavorful.</p>",boneless;fishes;instant-buy,instant-buy,,,,,650,949,,IN_STOCK,false,,,,,,,,,,,,,,,,,,,,,,,,,,,,,,,,,,,,,,,,,,,,,,,,,,,,,,,,,,,,,,,,,,,,,,,,,,,,,
Product_c5c4bf48-1498-4d25-a6d5-3eb3dc8f8728,MEDIA,,,,,,ebf235_89117a4f97c64e45bf728fe0a5e96277~mv2.jpg,,,,,,,,,,,,,,,,,,,,,,,,,,,,,,,,,,,,,,,,,,,,,,,,,,,,,,,,,,,,,,,,,,,,,,,,,,,,,,,,,,,,,
Product_c5c4bf48-1498-4d25-a6d5-3eb3dc8f8728,MEDIA,,,,,,ebf235_b099dd62f52f4dfaafc3daaadc3d27e7~mv2.jpg,,,,,,,,,,,,,,,,,,,,,,,,,,,,,,,,,,,,,,,,,,,,,,,,,,,,,,,,,,,,,,,,,,,,,,,,,,,,,,,,,,,,,
Product_bea0bf32-95cb-4cf3-953f-951714308760,PRODUCT,White Pomfret- Sliced(𝗡𝗲𝘁: 𝟱𝟬𝟬𝗴) + WhitePrawn- Cleaned(𝗡𝗲𝘁 : 𝟰𝟬𝟬𝗴),true,"<h2><span style=""font-weight: 700"">Combo Pack Details</span></h2><p><span style=""font-weight: 700"">White Pomfret -</span>&nbsp;<span style=""font-weight: 700"">Sliced</span>&nbsp;(𝗚𝗿𝗼𝘀𝘀: 𝟳𝟱𝟬𝗴, 𝗡𝗲𝘁: 𝟱𝟬𝟬𝗴)</p><p><span style=""font-weight: 700"">White Prawn -</span>&nbsp;𝗖𝗹𝗲𝗮𝗻𝗲𝗱 𝗮𝗻𝗱 𝗱𝗲𝘃𝗲𝗶𝗻𝗲𝗱 (𝗚𝗿𝗼𝘀𝘀: 𝟴𝟬𝟬𝗴, 𝗡𝗲𝘁: 𝟰𝟬𝟬𝗴)</p><h3><span style=""font-weight: 700"">Vellai Vaval Fish&nbsp;– Slices</span></h3><ul><li><p><span style=""font-weight: 700"">Net Weight :</span>&nbsp;500g</p></li><li><p><span style=""font-weight: 700"">Gross Weight :</span>&nbsp;750g</p></li><li><p><span style=""font-weight: 700"">Protein: </span>18g – 20g</p></li><li><p><span style=""font-weight: 700"">Pieces:</span>&nbsp;Approximately 7 – 12 slices</p></li><li><p><span style=""font-weight: 700"">Preparation:</span>&nbsp;Freshly caught and thoroughly cleaned. </p></li><li><p><span style=""font-weight: 700"">Texture:</span>&nbsp;Soft, buttery, and tender</p></li></ul><h3><span style=""font-weight: 700"">White Prawn&nbsp;– Cleaned &amp; Deveined</span></h3><ul><li><p><span style=""font-weight: 700"">Net Weight:</span>&nbsp;400g</p></li><li><p><span style=""font-weight: 700"">Gross Weight:</span>&nbsp;800g</p></li><li><p><span style=""font-weight: 700"">Protein: </span>18g – 20g</p></li><li><p><span style=""font-weight: 700"">Preparation:</span>&nbsp;Hygienically cleaned and deveined</p></li><li><p><span style=""font-weight: 700"">Texture:</span>&nbsp;Tender, juicy, and mildly sweet</p></li></ul><h3><span style=""font-weight: 700"">Nutritional Profile White Pomfret (Per 100g)</span></h3><p>White Pomfret is a nutrient-dense choice, offering lean protein and essential healthy fats.</p><table><tr><td><p><span style=""font-weight: 700"">Nutrient</span></p></td><td><p><span style=""font-weight: 700"">Amount</span></p></td></tr><tr><td><p><span style=""font-weight: 700"">Calories</span></p></td><td><p>90 – 110 kcal</p></td></tr><tr><td><p><span style=""font-weight: 700"">Protein</span></p></td><td><p>18g – 20g</p></td></tr><tr><td><p><span style=""font-weight: 700"">Total Fat</span></p></td><td><p>3g – 5g</p></td></tr><tr><td><p><span style=""font-weight: 700"">Omega-3 Fatty Acids</span></p></td><td><p>High</p></td></tr><tr><td><p><span style=""font-weight: 700"">Vitamin D &amp; B12</span></p></td><td><p>High</p></td></tr><tr><td><p><span style=""font-weight: 700"">Iodine &amp; Zinc</span></p></td><td><p>Moderate</p></td></tr></table><h3><span style=""font-weight: 700"">Nutritional Profile White Prawn (Per 100g)</span></h3><p>Fresh Water Prawns are an excellent source of lean protein and essential micronutrients.</p><table><tr><td><p><span style=""font-weight: 700"">Nutrient</span></p></td><td><p><span style=""font-weight: 700"">Amount</span></p></td></tr><tr><td><p><span style=""font-weight: 700"">Calories</span></p></td><td><p>85 - 90 kcal</p></td></tr><tr><td><p><span style=""font-weight: 700"">Protein</span></p></td><td><p>18g - 20g</p></td></tr><tr><td><p><span style=""font-weight: 700"">Total Fat</span></p></td><td><p>&lt; 1g</p></td></tr><tr><td><p><span style=""font-weight: 700"">Phosphorus</span></p></td><td><p>High</p></td></tr><tr><td><p><span style=""font-weight: 700"">Omega-3 Fatty Acids</span></p></td><td><p>Good Source</p></td></tr><tr><td><p><span style=""font-weight: 700"">Iodine</span></p></td><td><p>Rich</p></td></tr></table><h2><span style=""font-weight: 700"">Product Highlights</span></h2><ul><li><p>Premium seafood combo with fish and prawns</p></li><li><p>Freshly sourced and professionally cleaned</p></li><li><p>Ready-to-cook convenience for easy meal preparation</p></li><li><p>Perfect for fish fry, prawn roast, curries, and grills</p></li><li><p>Rich in protein and essential nutrients</p></li><li><p>Ideal for family seafood meals and special occasions</p></li></ul><h2><span style=""font-weight: 700"">Chef’s Tip</span></h2><p>Vellai Vaval Fish&nbsp;tastes best when lightly marinated with turmeric, pepper, garlic paste, and lemon juice before shallow frying until crisp and golden. Pair it with spicy garlic butter or Chettinad-style White Prawn&nbsp;masala for a flavorful seafood spread bursting with authentic coastal aroma and taste.</p>",combos,combos,,,,,1550,1899,,IN_STOCK,false,,,,,,,,,,,,,,,,,,,,,,,,,,,,,,,,,,,,,,,,,,,,,,,,,,,,,,,,,,,,,,,,,,,,,,,,,,,,,
Product_bea0bf32-95cb-4cf3-953f-951714308760,MEDIA,,,,,,ebf235_fb8f726eb38f4190b9a52a3bbe188a26~mv2.jpg,,,,,,,,,,,,,,,,,,,,,,,,,,,,,,,,,,,,,,,,,,,,,,,,,,,,,,,,,,,,,,,,,,,,,,,,,,,,,,,,,,,,,
Product_bea0bf32-95cb-4cf3-953f-951714308760,MEDIA,,,,,,ebf235_2a6a54bf24c641448b035f9ee6dc02f5~mv2.jpg,,,,,,,,,,,,,,,,,,,,,,,,,,,,,,,,,,,,,,,,,,,,,,,,,,,,,,,,,,,,,,,,,,,,,,,,,,,,,,,,,,,,,
Product_bea0bf32-95cb-4cf3-953f-951714308760,MEDIA,,,,,,ebf235_58b423435f64477d9f9e9d85867400e5~mv2.jpg,,,,,,,,,,,,,,,,,,,,,,,,,,,,,,,,,,,,,,,,,,,,,,,,,,,,,,,,,,,,,,,,,,,,,,,,,,,,,,,,,,,,,
Product_801fc0fa-1f1a-4f9e-a258-f746fc673f6a,PRODUCT,Vanjaram - Sliced(𝗡𝗲𝘁: 𝟱𝟬𝟬𝗴) + Sankara - Whole(𝗡𝗲𝘁: 𝟱𝟬𝟬𝗴),true,"<h2><span style=""font-weight: 700"">Combo Pack Details</span></h2><p><span style=""font-weight: 700"">Vanjaram - Sliced</span>&nbsp;(𝗚𝗿𝗼𝘀𝘀: <span style=""font-weight: 700"">7</span>𝟱𝟬𝗴, 𝗡𝗲𝘁: 𝟱𝟬𝟬𝗴)</p><p><span style=""font-weight: 700"">Sankara -</span>&nbsp;<span style=""font-weight: 700"">Whole</span>&nbsp;(𝗚𝗿𝗼𝘀𝘀: 𝟳𝟱𝟬𝗴, 𝗡𝗲𝘁: 𝟱𝟬𝟬𝗴)</p><h3><span style=""font-weight: 700"">Vanjaram&nbsp;– Slices</span></h3><ul><li><p><span style=""font-weight: 700"">Net Weight :</span>&nbsp;500g</p></li><li><p><span style=""font-weight: 700"">Gross Weight :</span>&nbsp;750g</p></li><li><p><span style=""font-weight: 700"">Protein: </span>18g – 20g</p></li><li><p><span style=""font-weight: 700"">Pieces:</span>&nbsp;Approximately 4 – 8 pieces</p></li><li><p><span style=""font-weight: 700"">Texture:</span>&nbsp;Thick, firm and meaty</p></li></ul><h3><span style=""font-weight: 700"">Sankara Fish&nbsp;– Whole</span></h3><ul><li><p><span style=""font-weight: 700"">Net Weight :</span>&nbsp;500g</p></li><li><p><span style=""font-weight: 700"">Gross Weight :</span>&nbsp;750g</p></li><li><p><span style=""font-weight: 700"">Protein: </span>20g – 22g</p></li><li><p><span style=""font-weight: 700"">Pieces:</span>&nbsp;Approximately 6 – 12 whole fish</p></li><li><p><span style=""font-weight: 700"">Texture:</span>&nbsp;Flaky, mildly sweet, and flavorful</p></li></ul><h3><span style=""font-weight: 700"">Nutritional Profile Vanjaram (Per 100g)</span></h3><p>Seer Fish is a nutritional powerhouse, especially famous for its high healthy fat content.</p><table><tr><td><p><span style=""font-weight: 700"">Nutrient</span></p></td><td><p><span style=""font-weight: 700"">Amount</span></p></td></tr><tr><td><p><span style=""font-weight: 700"">Calories</span></p></td><td><p>120 – 150 kcal</p></td></tr><tr><td><p><span style=""font-weight: 700"">Protein</span></p></td><td><p>20g – 21g</p></td></tr><tr><td><p><span style=""font-weight: 700"">Total Fat</span></p></td><td><p>4g – 6g</p></td></tr><tr><td><p><span style=""font-weight: 700"">Omega-3 Fatty Acids</span></p></td><td><p>Very High</p></td></tr><tr><td><p><span style=""font-weight: 700"">Vitamin B12</span></p></td><td><p>High</p></td></tr><tr><td><p><span style=""font-weight: 700"">Selenium &amp; Iodine</span></p></td><td><p>High</p></td></tr></table><h3><span style=""font-weight: 700"">Nutritional Profile Sankara (Per 100g)</span></h3><p>Red Snapper is a low-calorie, high-nutrient choice perfect for a balanced diet.</p><table><tr><td><p><span style=""font-weight: 700"">Nutrient</span></p></td><td><p><span style=""font-weight: 700"">Amount</span></p></td></tr><tr><td><p><span style=""font-weight: 700"">Calories</span></p></td><td><p>100 - 110 kcal</p></td></tr><tr><td><p><span style=""font-weight: 700"">Protein</span></p></td><td><p>20g - 22g</p></td></tr><tr><td><p><span style=""font-weight: 700"">Total Fat</span></p></td><td><p>1.5g</p></td></tr><tr><td><p><span style=""font-weight: 700"">Omega-3 Fatty Acids</span></p></td><td><p>Moderate to High</p></td></tr><tr><td><p><span style=""font-weight: 700"">Potassium</span></p></td><td><p>420 mg</p></td></tr><tr><td><p><span style=""font-weight: 700"">Selenium</span></p></td><td><p>65% of Daily Value</p></td></tr></table><h2><span style=""font-weight: 700"">Product Highlights</span></h2><ul><li><p>Premium seafood combo with two highly loved coastal fish varieties</p></li><li><p>Freshly sourced and professionally cleaned</p></li><li><p>Ideal for curries, fish fry, grilling, and seafood feasts</p></li><li><p>Combines flaky tender meat with thick premium slices</p></li><li><p>Rich in protein and essential nutrients</p></li><li><p>Perfect for wholesome family-style seafood cooking</p></li></ul><h2><span style=""font-weight: 700"">Chef’s Tip</span></h2><p>Vanjaram Fish&nbsp;tastes exceptional when marinated with chili powder, turmeric, ginger-garlic paste, black pepper, and lemon juice before shallow frying until golden and crisp. Pair it with tangy tamarind-based curry prepared using Sankara Fish&nbsp;for a complete coastal seafood meal packed with authentic South Indian flavors and aromas.</p>",combos,combos,,,,,1225,1499,,IN_STOCK,false,,,,,,,,,,,,,,,,,,,,,,,,,,,,,,,,,,,,,,,,,,,,,,,,,,,,,,,,,,,,,,,,,,,,,,,,,,,,,
Product_801fc0fa-1f1a-4f9e-a258-f746fc673f6a,MEDIA,,,,,,ebf235_ea4120358ced4a7fa1659c71677a6279~mv2.jpg,,,,,,,,,,,,,,,,,,,,,,,,,,,,,,,,,,,,,,,,,,,,,,,,,,,,,,,,,,,,,,,,,,,,,,,,,,,,,,,,,,,,,
Product_801fc0fa-1f1a-4f9e-a258-f746fc673f6a,MEDIA,,,,,,ebf235_189f66d651494227bec3b97492dc8ff3~mv2.jpg,,,,,,,,,,,,,,,,,,,,,,,,,,,,,,,,,,,,,,,,,,,,,,,,,,,,,,,,,,,,,,,,,,,,,,,,,,,,,,,,,,,,,
Product_801fc0fa-1f1a-4f9e-a258-f746fc673f6a,MEDIA,,,,,,ebf235_e6204a08a6474c9e9b3aa9a337568ddd~mv2.jpg,,,,,,,,,,,,,,,,,,,,,,,,,,,,,,,,,,,,,,,,,,,,,,,,,,,,,,,,,,,,,,,,,,,,,,,,,,,,,,,,,,,,,
Product_69369ea0-a5bd-4fe3-8727-db56a03a1a6d,PRODUCT,"kanava / Squid-  𝗠𝗲𝗱𝗶𝘂𝗺 𝗥𝗶𝗻𝗴𝘀(𝗚𝗿𝗼𝘀𝘀: 𝟯𝟬𝟬𝗴, 𝗡𝗲𝘁: 𝟭𝟱𝟬𝗴)",true,"<h2><span style=""font-weight: 700"">Fresh Squid </span>(kanava / Kadamba / கணவாய் / கடம்பா )</h2><h3><span style=""font-weight: 700"">Product Overview</span></h3><ul><li><p><span style=""font-weight: 700"">Net Weight:</span>&nbsp;150g</p></li><li><p><span style=""font-weight: 700"">Gross Weight:</span>&nbsp;300g</p></li><li><p><span style=""font-weight: 700"">Protein: </span>18g – 20g</p></li><li><p><span style=""font-weight: 700"">Serving Size:</span>&nbsp;Ideal for 2 to 3 people</p></li></ul><p>Delicately sweet, tender, and incredibly versatile, our fresh squid is a prized seafood choice sourced from clean coastal waters. Known for its soft texture and quick-cooking nature, squid transforms beautifully whether you grill, fry, sauté, or cook it in rich coastal curries.</p><h3><span style=""font-weight: 700"">Nutritional Profile (Per 100g)</span></h3><p>Squid is a protein-rich, low-fat seafood that fits perfectly into a balanced, nutritious diet.</p><table><tr><td><p>Nutrient</p></td><td><p>Amount</p></td></tr><tr><td><p>Calories</p></td><td><p>90 – 100 kcal</p></td></tr><tr><td><p>Protein</p></td><td><p>15g – 18g</p></td></tr><tr><td><p>Total Fat</p></td><td><p>1.5g</p></td></tr><tr><td><p>Omega-3 Fatty Acids</p></td><td><p>Moderate</p></td></tr><tr><td><p>Potassium</p></td><td><p>240 mg</p></td></tr><tr><td><p>Vitamin B12</p></td><td><p>100%+ of Daily Value</p></td></tr></table><h3><span style=""font-weight: 700"">Key Benefits</span></h3><p><span style=""font-weight: 700"">High-Quality Protein: </span>Provides essential amino acids that support muscle growth and overall body function.</p><p><span style=""font-weight: 700"">Rich in Vitamin B12:</span>Supports brain health, red blood cell formation, and energy metabolism.</p><p><span style=""font-weight: 700"">Heart-Friendly Choice :</span>Low in fat and contains beneficial omega-3 fatty acids that support cardiovascular health.</p><p><span style=""font-weight: 700"">Mineral-Rich: </span>Contains important nutrients like potassium, phosphorus, and selenium for overall wellness.</p><h3><span style=""font-weight: 700"">Chef’s Tip</span></h3><p>Squid cooks very quickly—either <span style=""font-weight: 700"">flash-cook it for 2–3 minutes</span>&nbsp;for a tender bite or slow-cook it in a curry for a rich, soft texture.</p>",high-protien;squid;instant-buy,instant-buy,,,Sale,,225,399,,IN_STOCK,false,,,,,,,,,,,,,,,,,,,,,,,,,,,,,,,,,,,,,,,,,,,,,,,,,,,,,,,,,,,,,,,,,,,,,,,,,,,,,
Product_69369ea0-a5bd-4fe3-8727-db56a03a1a6d,MEDIA,,,,,,ebf235_83fb2f15272a4b649056bc31de3522b0~mv2.jpg,,,,,,,,,,,,,,,,,,,,,,,,,,,,,,,,,,,,,,,,,,,,,,,,,,,,,,,,,,,,,,,,,,,,,,,,,,,,,,,,,,,,,
Product_69369ea0-a5bd-4fe3-8727-db56a03a1a6d,MEDIA,,,,,,ebf235_d7b144200f814de2a6fbcc56ab5fe89f~mv2.jpg,,,,,,,,,,,,,,,,,,,,,,,,,,,,,,,,,,,,,,,,,,,,,,,,,,,,,,,,,,,,,,,,,,,,,,,,,,,,,,,,,,,,,
Product_ac971839-62d7-4263-9e9d-316525266e1e,PRODUCT,White Pomfret - Sliced(𝗡𝗲𝘁: 𝟱𝟬𝟬𝗴) + Sankara - Whole(𝗡𝗲𝘁: 𝟱𝟬𝟬𝗴),true,"<h2><span style=""font-weight: 700"">Combo Pack Details</span></h2><p><span style=""font-weight: 700"">Sankara - Whole</span>&nbsp;(𝗚𝗿𝗼𝘀𝘀: 𝟳𝟱𝟬𝗴, 𝗡𝗲𝘁: 𝟱𝟬𝟬𝗴)</p><p><span style=""font-weight: 700"">White Pomfret -</span>&nbsp;<span style=""font-weight: 700"">Sliced</span>&nbsp;(𝗚𝗿𝗼𝘀𝘀: 𝟳𝟱𝟬𝗴, 𝗡𝗲𝘁: 𝟱𝟬𝟬𝗴)</p><h3><span style=""font-weight: 700"">Sankara Fish&nbsp;– M Whole</span></h3><ul><li><p><span style=""font-weight: 700"">Net Weight :</span>&nbsp;500g</p></li><li><p><span style=""font-weight: 700"">Gross Weight :</span>&nbsp;750g</p></li><li><p><span style=""font-weight: 700"">Protein: </span>20g – 22g</p></li><li><p><span style=""font-weight: 700"">Pieces:</span>&nbsp;Approximately 3 – 6 whole fish</p></li></ul><h3><span style=""font-weight: 700"">White Pomfret Fish&nbsp;– Slices</span></h3><ul><li><p><span style=""font-weight: 700"">Net Weight :</span>&nbsp;500g</p></li><li><p><span style=""font-weight: 700"">Gross Weight :</span>&nbsp;750g</p></li><li><p><span style=""font-weight: 700"">Protein: </span>18g – 19g</p></li><li><p><span style=""font-weight: 700"">Pieces:</span>&nbsp;Approximately 7 – 12 slices</p></li><li><p><span style=""font-weight: 700"">Preparation:</span>&nbsp;Freshly caught and thoroughly cleaned. </p></li><li><p><span style=""font-weight: 700"">Texture:</span>&nbsp;Soft, buttery, and tender</p></li></ul><h3><span style=""font-weight: 700"">Nutritional Profile White Pomfret (Per 100g)</span></h3><p>White Pomfret is a nutrient-dense choice, offering lean protein and essential healthy fats.</p><table><tr><td><p><span style=""font-weight: 700"">Nutrient</span></p></td><td><p><span style=""font-weight: 700"">Amount</span></p></td></tr><tr><td><p><span style=""font-weight: 700"">Calories</span></p></td><td><p>90 – 110 kcal</p></td></tr><tr><td><p><span style=""font-weight: 700"">Protein</span></p></td><td><p>18g – 20g</p></td></tr><tr><td><p><span style=""font-weight: 700"">Total Fat</span></p></td><td><p>3g – 5g</p></td></tr><tr><td><p><span style=""font-weight: 700"">Omega-3 Fatty Acids</span></p></td><td><p>High</p></td></tr><tr><td><p><span style=""font-weight: 700"">Vitamin D &amp; B12</span></p></td><td><p>High</p></td></tr><tr><td><p><span style=""font-weight: 700"">Iodine &amp; Zinc</span></p></td><td><p>Moderate</p></td></tr></table><h3><span style=""font-weight: 700"">Nutritional Profile Sankara (Per 100g)</span></h3><p>Red Snapper is a low-calorie, high-nutrient choice perfect for a balanced diet.</p><table><tr><td><p><span style=""font-weight: 700"">Nutrient</span></p></td><td><p><span style=""font-weight: 700"">Amount</span></p></td></tr><tr><td><p><span style=""font-weight: 700"">Calories</span></p></td><td><p>100 - 110 kcal</p></td></tr><tr><td><p><span style=""font-weight: 700"">Protein</span></p></td><td><p>20g - 22g</p></td></tr><tr><td><p><span style=""font-weight: 700"">Total Fat</span></p></td><td><p>1.5g</p></td></tr><tr><td><p><span style=""font-weight: 700"">Omega-3 Fatty Acids</span></p></td><td><p>Moderate to High</p></td></tr><tr><td><p><span style=""font-weight: 700"">Potassium</span></p></td><td><p>420 mg</p></td></tr><tr><td><p><span style=""font-weight: 700"">Selenium</span></p></td><td><p>65% of Daily Value</p></td></tr></table><h2><span style=""font-weight: 700"">Product Highlights</span></h2><ul><li><p>Premium seafood combo with two highly loved coastal varieties</p></li><li><p>Freshly sourced and professionally cleaned</p></li><li><p>Perfect for fish fry, curries, and grilled seafood recipes</p></li><li><p>Combines flaky texture with rich buttery flavor</p></li><li><p>Rich in protein and essential nutrients</p></li><li><p>Ideal for wholesome family meals and seafood feasts</p></li></ul><h2><span style=""font-weight: 700"">Chef’s Tip</span></h2><p>Sankara Fish&nbsp;tastes exceptional in spicy tamarind-based curries where its tender flesh absorbs aromatic coastal spices beautifully. Pair it with shallow-fried White Pomfret&nbsp;marinated in chili powder, turmeric, pepper, and lemon juice for a complete coastal-style seafood meal with the perfect balance of curry and fry.</p>",combos,combos,,,,,1450,1699,,IN_STOCK,false,,,,,,,,,,,,,,,,,,,,,,,,,,,,,,,,,,,,,,,,,,,,,,,,,,,,,,,,,,,,,,,,,,,,,,,,,,,,,
Product_ac971839-62d7-4263-9e9d-316525266e1e,MEDIA,,,,,,ebf235_fafe7c0c29df4355a0539f06afda3e56~mv2.jpg,,,,,,,,,,,,,,,,,,,,,,,,,,,,,,,,,,,,,,,,,,,,,,,,,,,,,,,,,,,,,,,,,,,,,,,,,,,,,,,,,,,,,
Product_ac971839-62d7-4263-9e9d-316525266e1e,MEDIA,,,,,,ebf235_58b423435f64477d9f9e9d85867400e5~mv2.jpg,,,,,,,,,,,,,,,,,,,,,,,,,,,,,,,,,,,,,,,,,,,,,,,,,,,,,,,,,,,,,,,,,,,,,,,,,,,,,,,,,,,,,
Product_ac971839-62d7-4263-9e9d-316525266e1e,MEDIA,,,,,,ebf235_e6204a08a6474c9e9b3aa9a337568ddd~mv2.jpg,,,,,,,,,,,,,,,,,,,,,,,,,,,,,,,,,,,,,,,,,,,,,,,,,,,,,,,,,,,,,,,,,,,,,,,,,,,,,,,,,,,,,
Product_847da3cf-16b8-444c-88b8-a90c40d81cde,PRODUCT,Sankara - Whole(𝗡𝗲𝘁: 𝟱𝟬𝟬𝗴) + Black Pomfret - Sliced(𝗡𝗲𝘁: 𝟱𝟬𝟬𝗴),true,"<h2><span style=""font-weight: 700"">Combo Pack Details</span></h2><p><span style=""font-weight: 700"">Sankara -</span>&nbsp;<span style=""font-weight: 700"">Whole</span>&nbsp;(𝗚𝗿𝗼𝘀𝘀: 𝟳𝟱𝟬𝗴, 𝗡𝗲𝘁: 𝟱𝟬𝟬𝗴)</p><p><span style=""font-weight: 700"">Black Pomfret -</span>&nbsp;<span style=""font-weight: 700"">Sliced</span>&nbsp;(𝗚𝗿𝗼𝘀𝘀: 𝟳𝟱𝟬𝗴, 𝗡𝗲𝘁: 𝟱𝟬𝟬𝗴)</p><h3><span style=""font-weight: 700"">Sankara Fish&nbsp;– M Whole</span></h3><ul><li><p><span style=""font-weight: 700"">Net Weight :</span>&nbsp;500g</p></li><li><p><span style=""font-weight: 700"">Gross Weight :</span>&nbsp;750g</p></li><li><p><span style=""font-weight: 700"">Protein: </span>20g – 22g</p></li><li><p><span style=""font-weight: 700"">Pieces:</span>&nbsp;Approximately 3 – 6 whole fish</p></li></ul><h3><span style=""font-weight: 700"">Black Pomfret</span>&nbsp;<span style=""font-weight: 700"">Fish&nbsp;– Slices</span></h3><ul><li><p><span style=""font-weight: 700"">Net Weight :</span>&nbsp;500g</p></li><li><p><span style=""font-weight: 700"">Gross Weight :</span>&nbsp;750g</p></li><li><p><span style=""font-weight: 700"">Protein: </span>18g – 19g</p></li><li><p><span style=""font-weight: 700"">Pieces:</span>&nbsp;Approximately 7 – 12 slices</p></li><li><p><span style=""font-weight: 700"">Preparation:</span>&nbsp;Freshly caught and thoroughly cleaned. </p></li><li><p><span style=""font-weight: 700"">Texture:</span>&nbsp;Soft, buttery, and tender</p></li></ul><h3><span style=""font-weight: 700"">Nutritional Profile Sankara (Per 100g)</span></h3><p>Red Snapper is a low-calorie, high-nutrient choice perfect for a balanced diet.</p><table><tr><td><p><span style=""font-weight: 700"">Nutrient</span></p></td><td><p><span style=""font-weight: 700"">Amount</span></p></td></tr><tr><td><p><span style=""font-weight: 700"">Calories</span></p></td><td><p>100 - 110 kcal</p></td></tr><tr><td><p><span style=""font-weight: 700"">Protein</span></p></td><td><p>20g - 22g</p></td></tr><tr><td><p><span style=""font-weight: 700"">Total Fat</span></p></td><td><p>1.5g</p></td></tr><tr><td><p><span style=""font-weight: 700"">Omega-3 Fatty Acids</span></p></td><td><p>Moderate to High</p></td></tr><tr><td><p><span style=""font-weight: 700"">Potassium</span></p></td><td><p>420 mg</p></td></tr><tr><td><p><span style=""font-weight: 700"">Selenium</span></p></td><td><p>65% of Daily Value</p></td></tr></table><h3><span style=""font-weight: 700"">Nutritional Profile Black Pomfret (Per 100g)</span></h3><p>Black Pomfret is an excellent source of lean protein and essential vitamins that support overall wellness.</p><table><tr><td><p><span style=""font-weight: 700"">Nutrient</span></p></td><td><p><span style=""font-weight: 700"">Amount</span></p></td></tr><tr><td><p><span style=""font-weight: 700"">Calories</span></p></td><td><p>100 - 120 kcal</p></td></tr><tr><td><p><span style=""font-weight: 700"">Protein</span></p></td><td><p>18g - 19g</p></td></tr><tr><td><p><span style=""font-weight: 700"">Total Fat</span></p></td><td><p>3g - 5g (Healthy Fats)</p></td></tr><tr><td><p><span style=""font-weight: 700"">Omega-3 Fatty Acids</span></p></td><td><p>High</p></td></tr><tr><td><p><span style=""font-weight: 700"">Vitamin B12</span></p></td><td><p>100% of Daily Value</p></td></tr><tr><td><p><span style=""font-weight: 700"">Vitamin D</span></p></td><td><p>Moderate</p></td></tr></table><h2><span style=""font-weight: 700"">Product Highlights</span></h2><ul><li><p>Premium seafood combo with two coastal favorites</p></li><li><p>Freshly sourced and professionally cleaned</p></li><li><p>Ideal for fish fry, curries, and grilled seafood dishes</p></li><li><p>Combines flaky tender meat with buttery texture</p></li><li><p>Rich in protein and essential nutrients</p></li><li><p>Perfect for authentic South Indian family meals</p></li></ul><h2><span style=""font-weight: 700"">Chef’s Tip</span></h2><p>Sankara Fish&nbsp;tastes exceptional in spicy tamarind-based curries where its tender flesh beautifully absorbs aromatic coastal spices. Pair it with crispy shallow-fried Black Pomfret&nbsp;marinated in chili powder, turmeric, garlic paste, and pepper for a complete seafood feast filled with authentic South Indian flavor and aroma.</p>",combos,combos,,,,,1275,1399,,IN_STOCK,false,,,,,,,,,,,,,,,,,,,,,,,,,,,,,,,,,,,,,,,,,,,,,,,,,,,,,,,,,,,,,,,,,,,,,,,,,,,,,
Product_847da3cf-16b8-444c-88b8-a90c40d81cde,MEDIA,,,,,,ebf235_93c9a1893c7644e0a83f744a515cfb09~mv2.jpg,,,,,,,,,,,,,,,,,,,,,,,,,,,,,,,,,,,,,,,,,,,,,,,,,,,,,,,,,,,,,,,,,,,,,,,,,,,,,,,,,,,,,
Product_847da3cf-16b8-444c-88b8-a90c40d81cde,MEDIA,,,,,,ebf235_e285ff301bd547c995cab012604087d9~mv2.jpg,,,,,,,,,,,,,,,,,,,,,,,,,,,,,,,,,,,,,,,,,,,,,,,,,,,,,,,,,,,,,,,,,,,,,,,,,,,,,,,,,,,,,
Product_847da3cf-16b8-444c-88b8-a90c40d81cde,MEDIA,,,,,,ebf235_e6204a08a6474c9e9b3aa9a337568ddd~mv2.jpg,,,,,,,,,,,,,,,,,,,,,,,,,,,,,,,,,,,,,,,,,,,,,,,,,,,,,,,,,,,,,,,,,,,,,,,,,,,,,,,,,,,,,
Product_0996a626-b10f-47f1-9821-2a37d39dd50b,PRODUCT,Sankara - Whole(𝗡𝗲𝘁: 𝟱𝟬𝟬𝗴) + White Prawn- Cleaned (𝗡𝗲𝘁 : 𝟰𝟬𝟬𝗴),true,"<h2><span style=""font-weight: 700"">Combo Pack Details</span></h2><p><span style=""font-weight: 700"">Sankara -</span>&nbsp;<span style=""font-weight: 700"">Whole</span>&nbsp;(𝗚𝗿𝗼𝘀𝘀: 𝟳𝟱𝟬𝗴, 𝗡𝗲𝘁: 𝟱𝟬𝟬𝗴)</p><p><span style=""font-weight: 700"">White Prawn -</span>&nbsp;𝗖𝗹𝗲𝗮𝗻𝗲𝗱 𝗮𝗻𝗱 𝗱𝗲𝘃𝗲𝗶𝗻𝗲𝗱 (𝗚𝗿𝗼𝘀𝘀: 𝟴𝟬𝟬𝗴, 𝗡𝗲𝘁: 𝟰𝟬𝟬𝗴)</p><h3><span style=""font-weight: 700"">Sankara Fish&nbsp;– M Whole</span></h3><ul><li><p><span style=""font-weight: 700"">Net Weight :</span>&nbsp;500g</p></li><li><p><span style=""font-weight: 700"">Gross Weight :</span>&nbsp;750g</p></li><li><p><span style=""font-weight: 700"">Protein: </span>20g – 22g</p></li><li><p><span style=""font-weight: 700"">Pieces:</span>&nbsp;Approximately 6 – 12 whole fish</p></li></ul><h3><span style=""font-weight: 700"">White Prawn&nbsp;– Cleaned &amp; Deveined</span></h3><ul><li><p><span style=""font-weight: 700"">Net Weight:</span>&nbsp;400g</p></li><li><p><span style=""font-weight: 700"">Gross Weight:</span>&nbsp;800g</p></li><li><p><span style=""font-weight: 700"">Protein: </span>18g – 20g</p></li><li><p><span style=""font-weight: 700"">Pieces:</span>&nbsp;Approximately 20 – 40 pieces</p></li></ul><h3><span style=""font-weight: 700"">Nutritional Profile Sankara (Per 100g)</span></h3><p>Red Snapper is a low-calorie, high-nutrient choice perfect for a balanced diet.</p><table><tr><td><p><span style=""font-weight: 700"">Nutrient</span></p></td><td><p><span style=""font-weight: 700"">Amount</span></p></td></tr><tr><td><p><span style=""font-weight: 700"">Calories</span></p></td><td><p>100 - 110 kcal</p></td></tr><tr><td><p><span style=""font-weight: 700"">Protein</span></p></td><td><p>20g - 22g</p></td></tr><tr><td><p><span style=""font-weight: 700"">Total Fat</span></p></td><td><p>1.5g</p></td></tr><tr><td><p><span style=""font-weight: 700"">Omega-3 Fatty Acids</span></p></td><td><p>Moderate to High</p></td></tr><tr><td><p><span style=""font-weight: 700"">Potassium</span></p></td><td><p>420 mg</p></td></tr><tr><td><p><span style=""font-weight: 700"">Selenium</span></p></td><td><p>65% of Daily Value</p></td></tr></table><h3><span style=""font-weight: 700"">Nutritional Profile White Prawn (Per 100g)</span></h3><p>Fresh Water Prawns are an excellent source of lean protein and essential micronutrients.</p><table><tr><td><p><span style=""font-weight: 700"">Nutrient</span></p></td><td><p><span style=""font-weight: 700"">Amount</span></p></td></tr><tr><td><p><span style=""font-weight: 700"">Calories</span></p></td><td><p>85 - 90 kcal</p></td></tr><tr><td><p><span style=""font-weight: 700"">Protein</span></p></td><td><p>18g - 20g</p></td></tr><tr><td><p><span style=""font-weight: 700"">Total Fat</span></p></td><td><p>&lt; 1g</p></td></tr><tr><td><p><span style=""font-weight: 700"">Phosphorus</span></p></td><td><p>High</p></td></tr><tr><td><p><span style=""font-weight: 700"">Omega-3 Fatty Acids</span></p></td><td><p>Good Source</p></td></tr><tr><td><p><span style=""font-weight: 700"">Iodine</span></p></td><td><p>Rich</p></td></tr></table><h2><span style=""font-weight: 700"">Product Highlights</span></h2><ul><li><p>Premium seafood combo with fish and prawns</p></li><li><p>Freshly sourced and professionally cleaned</p></li><li><p>Ready-to-cook convenience for easy meal preparation</p></li><li><p>Perfect for curries, fish fry, prawn masala, and grills</p></li><li><p>Rich in protein and essential nutrients</p></li><li><p>Ideal for wholesome family seafood meals and special occasions</p></li></ul><h2><span style=""font-weight: 700"">Chef’s Tip</span></h2><p>Sankara Fish&nbsp;tastes exceptional in spicy tamarind-based curries and crispy coastal fish fry preparations where its tender flesh beautifully absorbs aromatic spices. Pair it with garlic butter roast or Chettinad-style White Prawn&nbsp;masala for a flavorful seafood spread filled with rich coastal aroma and authentic South Indian taste.</p>",combos,combos,,,,,1000,1299,,IN_STOCK,false,,,,,,,,,,,,,,,,,,,,,,,,,,,,,,,,,,,,,,,,,,,,,,,,,,,,,,,,,,,,,,,,,,,,,,,,,,,,,
Product_0996a626-b10f-47f1-9821-2a37d39dd50b,MEDIA,,,,,,ebf235_f4e39fc9a812427695ef3903c6f1724f~mv2.jpg,,,,,,,,,,,,,,,,,,,,,,,,,,,,,,,,,,,,,,,,,,,,,,,,,,,,,,,,,,,,,,,,,,,,,,,,,,,,,,,,,,,,,
Product_0996a626-b10f-47f1-9821-2a37d39dd50b,MEDIA,,,,,,ebf235_e6204a08a6474c9e9b3aa9a337568ddd~mv2.jpg,,,,,,,,,,,,,,,,,,,,,,,,,,,,,,,,,,,,,,,,,,,,,,,,,,,,,,,,,,,,,,,,,,,,,,,,,,,,,,,,,,,,,
Product_0996a626-b10f-47f1-9821-2a37d39dd50b,MEDIA,,,,,,ebf235_2a6a54bf24c641448b035f9ee6dc02f5~mv2.jpg,,,,,,,,,,,,,,,,,,,,,,,,,,,,,,,,,,,,,,,,,,,,,,,,,,,,,,,,,,,,,,,,,,,,,,,,,,,,,,,,,,,,,
Product_37c00cfd-63f7-4cef-ad7a-122a75a2b7a4,PRODUCT,"Black Pomfret / Karu Vaval -  𝗪𝗵𝗼𝗹𝗲 (𝗚𝗿𝗼𝘀𝘀: 𝟰𝟱𝟬, 𝗡𝗲𝘁 : 𝟮𝟱𝟬𝗴)",true,"<h2><span style=""font-weight: 700"">Premium Black Pomfret</span> (Karuppu Vaval Meen / கருப்பு வாவல்)</h2><h2><span style=""font-weight: 700"">Product Overview</span></h2><ul><li><p><span style=""font-weight: 700"">Net Weight:</span>&nbsp;250g-350g</p></li><li><p><span style=""font-weight: 700"">Gross Weight :</span>&nbsp;450g</p></li><li><p><span style=""font-weight: 700"">Protein: </span>18g – 19g</p></li><li><p><span style=""font-weight: 700"">Pieces:</span>&nbsp;Single fish (Whole Cleaned).</p></li><li><p><span style=""font-weight: 700"">Preparation:</span>&nbsp;Freshly caught and thoroughly cleaned. Available as <span style=""font-weight: 700"">Whole Fish </span></p></li><li><p><span style=""font-weight: 700"">Flavor Profile:</span>&nbsp;Rich, buttery, and mildly sweet with a texture that melts in your mouth.</p></li></ul><p>Highly sought after for its unique buttery flavor and tender texture, our Black Pomfret is a gourmet favorite. Sourced fresh from the Chennai coast, this flatfish is known for having a central bone structure that makes it easy to eat and perfect for sophisticated seafood dishes.</p><h3><span style=""font-weight: 700"">Nutritional Profile (Per 100g)</span></h3><p>Black Pomfret is an excellent source of lean protein and essential vitamins that support overall wellness.</p><table><tr><td><p><span style=""font-weight: 700"">Nutrient</span></p></td><td><p><span style=""font-weight: 700"">Amount</span></p></td></tr><tr><td><p><span style=""font-weight: 700"">Calories</span></p></td><td><p>100 - 120 kcal</p></td></tr><tr><td><p><span style=""font-weight: 700"">Protein</span></p></td><td><p>18g - 20g</p></td></tr><tr><td><p><span style=""font-weight: 700"">Total Fat</span></p></td><td><p>3g - 5g (Healthy Fats)</p></td></tr><tr><td><p><span style=""font-weight: 700"">Omega-3 Fatty Acids</span></p></td><td><p>High</p></td></tr><tr><td><p><span style=""font-weight: 700"">Vitamin B12</span></p></td><td><p>100% of Daily Value</p></td></tr><tr><td><p><span style=""font-weight: 700"">Vitamin D</span></p></td><td><p>Moderate</p></td></tr></table><h3><span style=""font-weight: 700"">Key Benefits</span></h3><ul><li><p><span style=""font-weight: 700"">Easy to Consume:</span>&nbsp;Known for having very few small bones, making it a safe and preferred choice for children and the elderly.</p></li><li><p><span style=""font-weight: 700"">Brain Health:</span>&nbsp;Rich in DHA and Omega-3 fatty acids, which are vital for maintaining memory and cognitive health.</p></li><li><p><span style=""font-weight: 700"">Glowing Skin:</span>&nbsp;The high Vitamin B12 and healthy fat content help maintain skin elasticity and a natural glow.</p></li><li><p><span style=""font-weight: 700"">Heart Support:</span>&nbsp;Helps in maintaining healthy blood circulation and reducing overall cholesterol.</p></li></ul><blockquote><p><span style=""font-weight: 700"">Chef's Tip:</span>&nbsp;Black Pomfret is perfect for <span style=""font-weight: 700"">Tandoori or Tawa grilling</span>. Marinate it with a thick coat of chili paste, lemon juice, and a dash of carom seeds (ajwain) for an aromatic, restaurant-style experience at home!</p></blockquote>",instant-buy,instant-buy,,,,,475,699,,IN_STOCK,false,,,,,,,,,,,,,,,,,,,,,,,,,,,,,,,,,,,,,,,,,,,,,,,,,,,,,,,,,,,,,,,,,,,,,,,,,,,,,
Product_37c00cfd-63f7-4cef-ad7a-122a75a2b7a4,MEDIA,,,,,,ebf235_49dc6f20cc994a88a9c8c7eb583b69a3~mv2.jpg,,,,,,,,,,,,,,,,,,,,,,,,,,,,,,,,,,,,,,,,,,,,,,,,,,,,,,,,,,,,,,,,,,,,,,,,,,,,,,,,,,,,,
Product_56580231-6305-44fe-ab8e-db41b963f3d9,PRODUCT,"Anchovy / Nethili - 𝗛𝗲𝗮𝗱𝗹𝗲𝘀𝘀(𝗚𝗿𝗼𝘀𝘀: 𝟲𝟬𝟬𝗴, 𝗡𝗲𝘁: 𝟯𝟱𝟬𝗴)",true,"<h2><span style=""font-weight: 700"">Fresh Anchovy (Nethili / </span>நெத்திலி<span style=""font-weight: 700"">)</span></h2><h3><span style=""font-weight: 700"">Product Overview</span></h3><ul><li><p><span style=""font-weight: 700"">Net Weight:</span>&nbsp;350g</p></li><li><p><span style=""font-weight: 700"">Gross Weight:</span>&nbsp;600g</p></li><li><p><span style=""font-weight: 700"">Protein: </span>17g – 19g</p></li><li><p><span style=""font-weight: 700"">Serving Size:</span>&nbsp;25-50 Pcs  Ideal for <span style=""font-weight: 700"">3 to 4 people</span>&nbsp;(as a side dish or appetizer).</p></li><li><p><span style=""font-weight: 700"">Preparation:</span>&nbsp;Sourced fresh from the Chennai coast, meticulously cleaned, and ready for the pan.</p></li><li><p><span style=""font-weight: 700"">Texture:</span>&nbsp;Soft and delicate, absorbing spices beautifully.</p></li></ul><p>Small in size but massive in flavor, our Anchovies are a coastal delicacy sourced daily. Known for their distinct, savory taste and tender texture, these silver-scaled delights are a staple in traditional South Indian kitchens, perfect for a crispy deep fry or a tangy, spicy gravy.</p><h3><span style=""font-weight: 700"">Nutritional Profile (Per 100g)</span></h3><p>Anchovies are widely regarded as a ""superfood"" due to their high concentration of essential minerals and healthy fats.</p><table><tr><td><p><span style=""font-weight: 700"">Nutrient</span></p></td><td><p><span style=""font-weight: 700"">Amount</span></p></td></tr><tr><td><p><span style=""font-weight: 700"">Calories</span></p></td><td><p>131 kcal</p></td></tr><tr><td><p><span style=""font-weight: 700"">Protein</span></p></td><td><p>17g - 19g</p></td></tr><tr><td><p><span style=""font-weight: 700"">Total Fat</span></p></td><td><p>4.8g</p></td></tr><tr><td><p><span style=""font-weight: 700"">Omega-3 Fatty Acids</span></p></td><td><p>Very High</p></td></tr><tr><td><p><span style=""font-weight: 700"">Calcium</span></p></td><td><p>15% of Daily Value</p></td></tr><tr><td><p><span style=""font-weight: 700"">Iron</span></p></td><td><p>18% of Daily Value</p></td></tr></table><h3><span style=""font-weight: 700"">Key Benefits</span></h3><ul><li><p><span style=""font-weight: 700"">Bone Health:</span>&nbsp;One of the best natural sources of Calcium and Phosphorus, essential for maintaining strong bones and teeth.</p></li><li><p><span style=""font-weight: 700"">Heart Support:</span>&nbsp;Rich in polyunsaturated fatty acids that help reduce inflammation and support a healthy heart.</p></li><li><p><span style=""font-weight: 700"">Low Mercury:</span>&nbsp;Because they are low on the food chain, anchovies have significantly lower mercury levels compared to larger fish.</p></li><li><p><span style=""font-weight: 700"">Skin &amp; Vision:</span>&nbsp;High in Vitamin A and Selenium, which promote healthy skin and improve eye health.</p></li></ul><blockquote><p><span style=""font-weight: 700"">Chef's Tip:</span>&nbsp;To get that perfect ""Nethili Fry,"" toss them in a mix of rice flour, cornflour, and local spices. The rice flour ensures a super-crunchy exterior while keeping the fish tender inside!</p></blockquote>",fishes;high-protien;deep-fry-favorites;instant-buy,instant-buy,,,,,275,499,,IN_STOCK,false,,,,,,,,,,,,,,,,,,,,,,,,,,,,,,,,,,,,,,,,,,,,,,,,,,,,,,,,,,,,,,,,,,,,,,,,,,,,,
Product_56580231-6305-44fe-ab8e-db41b963f3d9,MEDIA,,,,,,ebf235_ec8bdca16ce8426c994fdc4621e817d6~mv2.jpg,,,,,,,,,,,,,,,,,,,,,,,,,,,,,,,,,,,,,,,,,,,,,,,,,,,,,,,,,,,,,,,,,,,,,,,,,,,,,,,,,,,,,
Product_56580231-6305-44fe-ab8e-db41b963f3d9,MEDIA,,,,,,ebf235_b0a5118deb7d4859bf26ae7473e231ef~mv2.jpg,,,,,,,,,,,,,,,,,,,,,,,,,,,,,,,,,,,,,,,,,,,,,,,,,,,,,,,,,,,,,,,,,,,,,,,,,,,,,,,,,,,,,
Product_8b70131e-5df1-4962-809a-d80261df8579,PRODUCT,"Tuna/ Soorai -𝗖𝘂𝗯𝗲𝘀 𝗕𝗼𝗻𝗲𝗹𝗲𝘀𝘀(𝗚𝗿𝗼𝘀𝘀:𝟰𝟬𝟬𝗴, 𝗡𝗲𝘁: 𝟮𝟱𝟬𝗴)",true,"<h2><span style=""font-weight: 700"">Premium Tuna </span>(Soorai / சூரை மீன்)</h2><h3><span style=""font-weight: 700"">Product Overview</span></h3><ul><li><p><span style=""font-weight: 700; color: rgb(31, 31, 31); background-color: rgba(0, 0, 0, 0)"">Net Weight</span><span style=""background-color: rgba(0, 0, 0, 0); color: rgb(31, 31, 31)"">: 250g</span></p></li><li><p><span style=""font-weight: 700; color: rgb(31, 31, 31); background-color: rgba(0, 0, 0, 0)"">Gross Weight</span><span style=""background-color: rgba(0, 0, 0, 0); color: rgb(31, 31, 31)"">&nbsp;: 400g</span></p></li><li><p><span style=""font-weight: 700; color: rgb(31, 31, 31); background-color: rgba(0, 0, 0, 0)"">Protein:</span><span style=""background-color: rgba(0, 0, 0, 0); color: rgb(31, 31, 31)"">&nbsp;22g – 25g</span></p></li><li><p><span style=""font-weight: 700; color: rgb(31, 31, 31); background-color: rgba(0, 0, 0, 0)"">Serving Size</span><span style=""background-color: rgba(0, 0, 0, 0); color: rgb(31, 31, 31)"">:  Cubes Boneless - (6-15 Pieces) </span></p></li><li><p><span style=""font-weight: 700; color: rgb(31, 31, 31); background-color: rgba(0, 0, 0, 0)"">Preparation</span><span style=""background-color: rgba(0, 0, 0, 0); color: rgb(31, 31, 31)"">: Freshly caught, expertly filleted, or cut into clean steaks and cubes. Bloodlines are cleanly trimmed to ensure a premium, ready-to-cook experience.</span></p></li><li><p><span style=""font-weight: 700; color: rgb(31, 31, 31); background-color: rgba(0, 0, 0, 0)"">Flavor Profile</span><span style=""background-color: rgba(0, 0, 0, 0); color: rgb(31, 31, 31)"">: Deep, robust, and meaty with a firm, steak-like texture.</span></p></li></ul><p><span style=""background-color: rgba(0, 0, 0, 0); color: rgb(31, 31, 31)"">A favorite among fitness enthusiasts and lovers of hearty seafood, our Indian Tuna is sourced fresh from the deep coastal waters. Known for its solid, lean texture and rich flavor, it is the absolute perfect candidate for a fiery southern tawa fry, a slow-simmered spicy Tamil Nadu style Soorai Meen Kuzhambu, or a seasoned grilled steak.</span></p><h3><span style=""font-weight: 700"">Nutritional Profile (Per 100g)</span></h3><p><span style=""background-color: rgba(0, 0, 0, 0); color: rgb(31, 31, 31)"">Indian Tuna is an incredible powerhouse of pure lean protein, essential minerals, and vital energy-boosting vitamins.</span></p><table><tr><td><p><span style=""font-weight: 700; color: rgb(31, 31, 31); background-color: rgba(0, 0, 0, 0)"">Nutrient</span></p></td><td><p><span style=""font-weight: 700; color: rgb(31, 31, 31); background-color: rgba(0, 0, 0, 0)"">Amount</span></p></td></tr><tr><td><p><span style=""background-color: rgba(0, 0, 0, 0); color: rgb(31, 31, 31)"">Calories</span></p></td><td><p><span style=""background-color: rgba(0, 0, 0, 0); color: rgb(31, 31, 31)"">120 - 140 kcal</span></p></td></tr><tr><td><p><span style=""background-color: rgba(0, 0, 0, 0); color: rgb(31, 31, 31)"">Protein</span></p></td><td><p><span style=""background-color: rgba(0, 0, 0, 0); color: rgb(31, 31, 31)"">22g - 25g</span></p></td></tr><tr><td><p><span style=""background-color: rgba(0, 0, 0, 0); color: rgb(31, 31, 31)"">Total Fat</span></p></td><td><p><span style=""background-color: rgba(0, 0, 0, 0); color: rgb(31, 31, 31)"">2g - 4g</span></p></td></tr><tr><td><p><span style=""background-color: rgba(0, 0, 0, 0); color: rgb(31, 31, 31)"">Omega-3 Fatty Acids</span></p></td><td><p><span style=""background-color: rgba(0, 0, 0, 0); color: rgb(31, 31, 31)"">0.2g - 0.3g</span></p></td></tr><tr><td><p><span style=""background-color: rgba(0, 0, 0, 0); color: rgb(31, 31, 31)"">Vitamin D</span></p></td><td><p><span style=""background-color: rgba(0, 0, 0, 0); color: rgb(31, 31, 31)"">40% of Daily Value</span></p></td></tr><tr><td><p><span style=""background-color: rgba(0, 0, 0, 0); color: rgb(31, 31, 31)"">Vitamin B12</span></p></td><td><p><span style=""background-color: rgba(0, 0, 0, 0); color: rgb(31, 31, 31)"">180% of Daily Value</span></p></td></tr></table><h3><span style=""font-weight: 700"">Key Benefits</span></h3><ul><li><p><span style=""font-weight: 700; color: rgb(31, 31, 31); background-color: rgba(0, 0, 0, 0)"">Lean Protein Powerhouse:</span><span style=""background-color: rgba(0, 0, 0, 0); color: rgb(31, 31, 31)"">&nbsp;Exceptionally high in pure, top-quality protein, making it perfect for muscle growth, repair, and fitness tracking.</span></p></li><li><p><span style=""font-weight: 700; color: rgb(31, 31, 31); background-color: rgba(0, 0, 0, 0)"">Heart &amp; Brain Health</span><span style=""background-color: rgba(0, 0, 0, 0); color: rgb(31, 31, 31)"">: Contains natural Omega-3 fatty acids that contribute to smooth cardiovascular functions and cognitive wellness.</span></p></li><li><p><span style=""font-weight: 700; color: rgb(31, 31, 31); background-color: rgba(0, 0, 0, 0)"">Metabolism &amp; Energy:</span><span style=""background-color: rgba(0, 0, 0, 0); color: rgb(31, 31, 31)"">&nbsp;Packed with high amounts of Vitamin B12 and Vitamin B6 to fight fatigue, boost metabolism, and keep your nervous system sharp.</span></p></li><li><p><span style=""font-weight: 700; color: rgb(31, 31, 31); background-color: rgba(0, 0, 0, 0)"">Mineral Rich: </span><span style=""background-color: rgba(0, 0, 0, 0); color: rgb(31, 31, 31)"">Naturally loaded with Selenium and Iron, which shield your immune cells and enhance overall blood circulation.</span></p></li></ul><h3><span style=""font-weight: 700"">Chef's Tip:</span></h3><p><span style=""background-color: rgba(0, 0, 0, 0); color: rgb(31, 31, 31)"">Because Tuna is incredibly lean, it cooks very quickly! To keep the steaks or cubes perfectly juicy, avoid overcooking them. Marinate with a splash of lemon juice, red chili powder, ginger-garlic paste, and a touch of fennel powder, then flash-fry or grill on high heat for just a few minutes on each side.</span></p>",fishes;instant-buy;high-protien,instant-buy,,,,,160,299,,OUT_OF_STOCK,false,,,,,,,,,,,,,,,,,,,,,,,,,,,,,,,,,,,,,,,,,,,,,,,,,,,,,,,,,,,,,,,,,,,,,,,,,,,,,
Product_8b70131e-5df1-4962-809a-d80261df8579,MEDIA,,,,,,ebf235_8af39cab6ba04949a24287a3130c9667~mv2.jpg,,,,,,,,,,,,,,,,,,,,,,,,,,,,,,,,,,,,,,,,,,,,,,,,,,,,,,,,,,,,,,,,,,,,,,,,,,,,,,,,,,,,,
Product_cbb43b7a-87e2-44e8-a552-a658c557a88a,PRODUCT,"Tuna /Soorai -𝗖𝘂𝗯𝗲𝘀 𝗕𝗼𝗻𝗲𝗹𝗲𝘀𝘀(𝗚𝗿𝗼𝘀𝘀:𝟳𝟱𝟬𝗴, 𝗡𝗲𝘁: 𝟱𝟬𝟬𝗴)",true,"<h2><span style=""font-weight: 700"">Premium Tuna </span>(Soorai / சூரை மீன்)</h2><h3><span style=""font-weight: 700"">Product Overview</span></h3><ul><li><p><span style=""font-weight: 700; color: rgb(31, 31, 31); background-color: rgba(0, 0, 0, 0)"">Net Weight</span><span style=""background-color: rgba(0, 0, 0, 0); color: rgb(31, 31, 31)"">: 250g</span></p></li><li><p><span style=""font-weight: 700; color: rgb(31, 31, 31); background-color: rgba(0, 0, 0, 0)"">Gross Weight</span><span style=""background-color: rgba(0, 0, 0, 0); color: rgb(31, 31, 31)"">&nbsp;: 400g</span></p></li><li><p><span style=""font-weight: 700; color: rgb(31, 31, 31); background-color: rgba(0, 0, 0, 0)"">Protein:</span><span style=""background-color: rgba(0, 0, 0, 0); color: rgb(31, 31, 31)"">&nbsp;22g – 25g</span></p></li><li><p><span style=""font-weight: 700; color: rgb(31, 31, 31); background-color: rgba(0, 0, 0, 0)"">Serving Size</span><span style=""background-color: rgba(0, 0, 0, 0); color: rgb(31, 31, 31)"">:  Cubes Boneless (15 - 25 Pieces) </span></p></li><li><p><span style=""font-weight: 700; color: rgb(31, 31, 31); background-color: rgba(0, 0, 0, 0)"">Preparation</span><span style=""background-color: rgba(0, 0, 0, 0); color: rgb(31, 31, 31)"">: Freshly caught, expertly filleted, or cut into clean steaks and cubes. Bloodlines are cleanly trimmed to ensure a premium, ready-to-cook experience.</span></p></li><li><p><span style=""font-weight: 700; color: rgb(31, 31, 31); background-color: rgba(0, 0, 0, 0)"">Flavor Profile</span><span style=""background-color: rgba(0, 0, 0, 0); color: rgb(31, 31, 31)"">: Deep, robust, and meaty with a firm, steak-like texture.</span></p></li></ul><p><span style=""background-color: rgba(0, 0, 0, 0); color: rgb(31, 31, 31)"">A favorite among fitness enthusiasts and lovers of hearty seafood, our Indian Tuna is sourced fresh from the deep coastal waters. Known for its solid, lean texture and rich flavor, it is the absolute perfect candidate for a fiery southern tawa fry, a slow-simmered spicy Tamil Nadu style Soorai Meen Kuzhambu, or a seasoned grilled steak.</span></p><h3><span style=""font-weight: 700"">Nutritional Profile (Per 100g)</span></h3><p><span style=""background-color: rgba(0, 0, 0, 0); color: rgb(31, 31, 31)"">Indian Tuna is an incredible powerhouse of pure lean protein, essential minerals, and vital energy-boosting vitamins.</span></p><table><tr><td><p><span style=""font-weight: 700; color: rgb(31, 31, 31); background-color: rgba(0, 0, 0, 0)"">Nutrient</span></p></td><td><p><span style=""font-weight: 700; color: rgb(31, 31, 31); background-color: rgba(0, 0, 0, 0)"">Amount</span></p></td></tr><tr><td><p><span style=""background-color: rgba(0, 0, 0, 0); color: rgb(31, 31, 31)"">Calories</span></p></td><td><p><span style=""background-color: rgba(0, 0, 0, 0); color: rgb(31, 31, 31)"">120 - 140 kcal</span></p></td></tr><tr><td><p><span style=""background-color: rgba(0, 0, 0, 0); color: rgb(31, 31, 31)"">Protein</span></p></td><td><p><span style=""background-color: rgba(0, 0, 0, 0); color: rgb(31, 31, 31)"">22g - 25g</span></p></td></tr><tr><td><p><span style=""background-color: rgba(0, 0, 0, 0); color: rgb(31, 31, 31)"">Total Fat</span></p></td><td><p><span style=""background-color: rgba(0, 0, 0, 0); color: rgb(31, 31, 31)"">2g - 4g</span></p></td></tr><tr><td><p><span style=""background-color: rgba(0, 0, 0, 0); color: rgb(31, 31, 31)"">Omega-3 Fatty Acids</span></p></td><td><p><span style=""background-color: rgba(0, 0, 0, 0); color: rgb(31, 31, 31)"">0.2g - 0.3g</span></p></td></tr><tr><td><p><span style=""background-color: rgba(0, 0, 0, 0); color: rgb(31, 31, 31)"">Vitamin D</span></p></td><td><p><span style=""background-color: rgba(0, 0, 0, 0); color: rgb(31, 31, 31)"">40% of Daily Value</span></p></td></tr><tr><td><p><span style=""background-color: rgba(0, 0, 0, 0); color: rgb(31, 31, 31)"">Vitamin B12</span></p></td><td><p><span style=""background-color: rgba(0, 0, 0, 0); color: rgb(31, 31, 31)"">180% of Daily Value</span></p></td></tr></table><h3><span style=""font-weight: 700"">Key Benefits</span></h3><ul><li><p><span style=""font-weight: 700; color: rgb(31, 31, 31); background-color: rgba(0, 0, 0, 0)"">Lean Protein Powerhouse:</span><span style=""background-color: rgba(0, 0, 0, 0); color: rgb(31, 31, 31)"">&nbsp;Exceptionally high in pure, top-quality protein, making it perfect for muscle growth, repair, and fitness tracking.</span></p></li><li><p><span style=""font-weight: 700; color: rgb(31, 31, 31); background-color: rgba(0, 0, 0, 0)"">Heart &amp; Brain Health</span><span style=""background-color: rgba(0, 0, 0, 0); color: rgb(31, 31, 31)"">: Contains natural Omega-3 fatty acids that contribute to smooth cardiovascular functions and cognitive wellness.</span></p></li><li><p><span style=""font-weight: 700; color: rgb(31, 31, 31); background-color: rgba(0, 0, 0, 0)"">Metabolism &amp; Energy:</span><span style=""background-color: rgba(0, 0, 0, 0); color: rgb(31, 31, 31)"">&nbsp;Packed with high amounts of Vitamin B12 and Vitamin B6 to fight fatigue, boost metabolism, and keep your nervous system sharp.</span></p></li><li><p><span style=""font-weight: 700; color: rgb(31, 31, 31); background-color: rgba(0, 0, 0, 0)"">Mineral Rich: </span><span style=""background-color: rgba(0, 0, 0, 0); color: rgb(31, 31, 31)"">Naturally loaded with Selenium and Iron, which shield your immune cells and enhance overall blood circulation.</span></p></li></ul><h3><span style=""font-weight: 700"">Chef's Tip:</span></h3><p><span style=""background-color: rgba(0, 0, 0, 0); color: rgb(31, 31, 31)"">Because Tuna is incredibly lean, it cooks very quickly! To keep the steaks or cubes perfectly juicy, avoid overcooking them. Marinate with a splash of lemon juice, red chili powder, ginger-garlic paste, and a touch of fennel powder, then flash-fry or grill on high heat for just a few minutes on each side.</span></p>",fishes;instant-buy;high-protien,instant-buy,,,,,275,399,,IN_STOCK,false,,,,,,,,,,,,,,,,,,,,,,,,,,,,,,,,,,,,,,,,,,,,,,,,,,,,,,,,,,,,,,,,,,,,,,,,,,,,,
Product_cbb43b7a-87e2-44e8-a552-a658c557a88a,MEDIA,,,,,,ebf235_8af39cab6ba04949a24287a3130c9667~mv2.jpg,,,,,,,,,,,,,,,,,,,,,,,,,,,,,,,,,,,,,,,,,,,,,,,,,,,,,,,,,,,,,,,,,,,,,,,,,,,,,,,,,,,,,
Product_25d1b993-bf20-4773-9955-5f3b49707f8e,PRODUCT,"Tuna/ Soorai - 𝗙𝗶𝗹𝗹𝗲𝘁 (𝗚𝗿𝗼𝘀𝘀: 𝟴𝟬𝟬𝗴, 𝗡𝗲𝘁: 𝟱𝟬𝟬𝗴)",true,"<h2><span style=""font-weight: 700"">Premium Tuna </span>(Soorai / சூரை மீன்)</h2><h3><span style=""font-weight: 700"">Product Overview</span></h3><ul><li><p><span style=""font-weight: 700; color: rgb(31, 31, 31); background-color: rgba(0, 0, 0, 0)"">Net Weight</span><span style=""background-color: rgba(0, 0, 0, 0); color: rgb(31, 31, 31)"">: 500g</span></p></li><li><p><span style=""font-weight: 700; color: rgb(31, 31, 31); background-color: rgba(0, 0, 0, 0)"">Gross Weight</span><span style=""background-color: rgba(0, 0, 0, 0); color: rgb(31, 31, 31)"">&nbsp;: 800g</span></p></li><li><p><span style=""font-weight: 700; color: rgb(31, 31, 31); background-color: rgba(0, 0, 0, 0)"">Protein:</span><span style=""background-color: rgba(0, 0, 0, 0); color: rgb(31, 31, 31)"">&nbsp;22g – 25g</span></p></li><li><p><span style=""font-weight: 700; color: rgb(31, 31, 31); background-color: rgba(0, 0, 0, 0)"">Serving Size</span><span style=""background-color: rgba(0, 0, 0, 0); color: rgb(31, 31, 31)"">:  Fillet - (6-15 Pieces) </span></p></li><li><p><span style=""font-weight: 700; color: rgb(31, 31, 31); background-color: rgba(0, 0, 0, 0)"">Preparation</span><span style=""background-color: rgba(0, 0, 0, 0); color: rgb(31, 31, 31)"">: Freshly caught, expertly filleted, or cut into clean steaks and cubes. Bloodlines are cleanly trimmed to ensure a premium, ready-to-cook experience.</span></p></li><li><p><span style=""font-weight: 700; color: rgb(31, 31, 31); background-color: rgba(0, 0, 0, 0)"">Flavor Profile</span><span style=""background-color: rgba(0, 0, 0, 0); color: rgb(31, 31, 31)"">: Deep, robust, and meaty with a firm, steak-like texture.</span></p></li></ul><p><span style=""background-color: rgba(0, 0, 0, 0); color: rgb(31, 31, 31)"">A favorite among fitness enthusiasts and lovers of hearty seafood, our Indian Tuna is sourced fresh from the deep coastal waters. Known for its solid, lean texture and rich flavor, it is the absolute perfect candidate for a fiery southern tawa fry, a slow-simmered spicy Tamil Nadu style Soorai Meen Kuzhambu, or a seasoned grilled steak.</span></p><h3><span style=""font-weight: 700"">Nutritional Profile (Per 100g)</span></h3><p><span style=""background-color: rgba(0, 0, 0, 0); color: rgb(31, 31, 31)"">Indian Tuna is an incredible powerhouse of pure lean protein, essential minerals, and vital energy-boosting vitamins.</span></p><table><tr><td><p><span style=""font-weight: 700; color: rgb(31, 31, 31); background-color: rgba(0, 0, 0, 0)"">Nutrient</span></p></td><td><p><span style=""font-weight: 700; color: rgb(31, 31, 31); background-color: rgba(0, 0, 0, 0)"">Amount</span></p></td></tr><tr><td><p><span style=""background-color: rgba(0, 0, 0, 0); color: rgb(31, 31, 31)"">Calories</span></p></td><td><p><span style=""background-color: rgba(0, 0, 0, 0); color: rgb(31, 31, 31)"">120 - 140 kcal</span></p></td></tr><tr><td><p><span style=""background-color: rgba(0, 0, 0, 0); color: rgb(31, 31, 31)"">Protein</span></p></td><td><p><span style=""background-color: rgba(0, 0, 0, 0); color: rgb(31, 31, 31)"">22g - 25g</span></p></td></tr><tr><td><p><span style=""background-color: rgba(0, 0, 0, 0); color: rgb(31, 31, 31)"">Total Fat</span></p></td><td><p><span style=""background-color: rgba(0, 0, 0, 0); color: rgb(31, 31, 31)"">2g - 4g</span></p></td></tr><tr><td><p><span style=""background-color: rgba(0, 0, 0, 0); color: rgb(31, 31, 31)"">Omega-3 Fatty Acids</span></p></td><td><p><span style=""background-color: rgba(0, 0, 0, 0); color: rgb(31, 31, 31)"">0.2g - 0.3g</span></p></td></tr><tr><td><p><span style=""background-color: rgba(0, 0, 0, 0); color: rgb(31, 31, 31)"">Vitamin D</span></p></td><td><p><span style=""background-color: rgba(0, 0, 0, 0); color: rgb(31, 31, 31)"">40% of Daily Value</span></p></td></tr><tr><td><p><span style=""background-color: rgba(0, 0, 0, 0); color: rgb(31, 31, 31)"">Vitamin B12</span></p></td><td><p><span style=""background-color: rgba(0, 0, 0, 0); color: rgb(31, 31, 31)"">180% of Daily Value</span></p></td></tr></table><h3><span style=""font-weight: 700"">Key Benefits</span></h3><ul><li><p><span style=""font-weight: 700; color: rgb(31, 31, 31); background-color: rgba(0, 0, 0, 0)"">Lean Protein Powerhouse:</span><span style=""background-color: rgba(0, 0, 0, 0); color: rgb(31, 31, 31)"">&nbsp;Exceptionally high in pure, top-quality protein, making it perfect for muscle growth, repair, and fitness tracking.</span></p></li><li><p><span style=""font-weight: 700; color: rgb(31, 31, 31); background-color: rgba(0, 0, 0, 0)"">Heart &amp; Brain Health</span><span style=""background-color: rgba(0, 0, 0, 0); color: rgb(31, 31, 31)"">: Contains natural Omega-3 fatty acids that contribute to smooth cardiovascular functions and cognitive wellness.</span></p></li><li><p><span style=""font-weight: 700; color: rgb(31, 31, 31); background-color: rgba(0, 0, 0, 0)"">Metabolism &amp; Energy:</span><span style=""background-color: rgba(0, 0, 0, 0); color: rgb(31, 31, 31)"">&nbsp;Packed with high amounts of Vitamin B12 and Vitamin B6 to fight fatigue, boost metabolism, and keep your nervous system sharp.</span></p></li><li><p><span style=""font-weight: 700; color: rgb(31, 31, 31); background-color: rgba(0, 0, 0, 0)"">Mineral Rich: </span><span style=""background-color: rgba(0, 0, 0, 0); color: rgb(31, 31, 31)"">Naturally loaded with Selenium and Iron, which shield your immune cells and enhance overall blood circulation.</span></p></li></ul><h3><span style=""font-weight: 700"">Chef's Tip:</span></h3><p><span style=""background-color: rgba(0, 0, 0, 0); color: rgb(31, 31, 31)"">Because Tuna is incredibly lean, it cooks very quickly! To keep the steaks or cubes perfectly juicy, avoid overcooking them. Marinate with a splash of lemon juice, red chili powder, ginger-garlic paste, and a touch of fennel powder, then flash-fry or grill on high heat for just a few minutes on each side.</span></p>",boneless;fishes;instant-buy,instant-buy,,,,,300,499,,IN_STOCK,false,,,,,,,,,,,,,,,,,,,,,,,,,,,,,,,,,,,,,,,,,,,,,,,,,,,,,,,,,,,,,,,,,,,,,,,,,,,,,
Product_25d1b993-bf20-4773-9955-5f3b49707f8e,MEDIA,,,,,,ebf235_d88d1174d9584d69ab4de3f5ed4e1cd4~mv2.jpg,,,,,,,,,,,,,,,,,,,,,,,,,,,,,,,,,,,,,,,,,,,,,,,,,,,,,,,,,,,,,,,,,,,,,,,,,,,,,,,,,,,,,
Product_2d0bbdc6-2379-4b71-900e-946b950c6aca,PRODUCT,"Yellow Fin Tuna/ kera-  𝗖𝘂𝗯𝗲𝘀 (𝗚𝗿𝗼𝘀𝘀: 𝟰𝟬𝟬𝗴, 𝗡𝗲𝘁: 𝟮𝟱𝟬𝗴) ",true,"<h2><span style=""font-weight: 700"">Premium Yellow fin Tuna </span>(Kera / கெரா மீன்)</h2><p><span style=""font-weight: 700"">Cubes Boneless, (N: 250g, G: 400) 6-15 Pieces</span></p><h3><span style=""font-weight: 700"">Product Overview</span></h3><ul><li><p><span style=""font-weight: 700; color: rgb(31, 31, 31); background-color: rgba(0, 0, 0, 0)"">Net Weight</span><span style=""background-color: rgba(0, 0, 0, 0); color: rgb(31, 31, 31)"">: 500g</span></p></li><li><p><span style=""font-weight: 700; color: rgb(31, 31, 31); background-color: rgba(0, 0, 0, 0)"">Gross Weight</span><span style=""background-color: rgba(0, 0, 0, 0); color: rgb(31, 31, 31)"">&nbsp;: 750g </span></p></li><li><p><span style=""font-weight: 700; color: rgb(31, 31, 31); background-color: rgba(0, 0, 0, 0)"">Protein:</span><span style=""background-color: rgba(0, 0, 0, 0); color: rgb(31, 31, 31)"">&nbsp;22g – 25g</span></p></li><li><p><span style=""font-weight: 700; color: rgb(31, 31, 31); background-color: rgba(0, 0, 0, 0)"">Serving Size</span><span style=""background-color: rgba(0, 0, 0, 0); color: rgb(31, 31, 31)"">: </span><span style=""font-weight: 700; color: rgb(31, 31, 31); background-color: rgba(0, 0, 0, 0)"">Cubes Boneless - (6-15 Pieces) </span></p></li><li><p><span style=""font-weight: 700; color: rgb(31, 31, 31); background-color: rgba(0, 0, 0, 0)"">Preparation</span><span style=""background-color: rgba(0, 0, 0, 0); color: rgb(31, 31, 31)"">: Freshly caught, expertly filleted, or cut into clean steaks and cubes. Bloodlines are cleanly trimmed to ensure a premium, ready-to-cook experience.</span></p></li><li><p><span style=""font-weight: 700; color: rgb(31, 31, 31); background-color: rgba(0, 0, 0, 0)"">Flavor Profile</span><span style=""background-color: rgba(0, 0, 0, 0); color: rgb(31, 31, 31)"">: Deep, robust, and meaty with a firm, steak-like texture.</span></p></li></ul><p>Commonly known as the ""Steak of the Sea,"" our Yellowfin Tuna is sourced fresh from the deep coastal waters off Chennai. Renowned for its deep red color and firm, meaty texture, it is a versatile choice for those who prefer a hearty, high-protein seafood experience.</p><h3><span style=""font-weight: 700"">Nutritional Profile (Per 100g)</span></h3><p>Yellowfin Tuna is famous among fitness enthusiasts for being one of the leanest sources of high-quality protein available.</p><table><tr><td><p><span style=""font-weight: 700"">Nutrient</span></p></td><td><p><span style=""font-weight: 700"">Amount</span></p></td></tr><tr><td><p><span style=""font-weight: 700"">Calories</span></p></td><td><p>108 - 110 kcal</p></td></tr><tr><td><p><span style=""font-weight: 700"">Protein</span></p></td><td><p>23g - 25g</p></td></tr><tr><td><p><span style=""font-weight: 700"">Total Fat</span></p></td><td><p>&lt; 1g</p></td></tr><tr><td><p><span style=""font-weight: 700"">Omega-3 Fatty Acids</span></p></td><td><p>Excellent Source</p></td></tr><tr><td><p><span style=""font-weight: 700"">Potassium</span></p></td><td><p>441 mg</p></td></tr><tr><td><p><span style=""font-weight: 700"">Vitamin D</span></p></td><td><p>High</p></td></tr></table><h3><span style=""font-weight: 700"">Key Benefits</span></h3><ul><li><p><span style=""font-weight: 700"">Ultra-High Protein:</span>&nbsp;Contains significantly more protein per gram than most poultry or red meats, making it perfect for muscle growth and weight management.</p></li><li><p><span style=""font-weight: 700"">Heart Health:</span>&nbsp;Rich in Omega-3 fatty acids which help lower blood pressure and reduce the risk of heart disease.</p></li><li><p><span style=""font-weight: 700"">Mood &amp; Brain Support:</span>&nbsp;High levels of Vitamin B12 and Selenium help improve cognitive function and reduce stress.</p></li><li><p><span style=""font-weight: 700"">Very Lean:</span>&nbsp;Extremely low in fat and carbohydrates, ideal for keto and paleo diets.</p></li></ul><blockquote><p><span style=""font-weight: 700"">Chef's Tip:</span>&nbsp;To keep Tuna juicy, avoid overcooking. It tastes best when seared on high heat for a short duration—this leaves the center moist while the outside gets a delicious crust!</p></blockquote>",fishes;high-protien;instant-buy,instant-buy,,,,,,,,,,,,,,,,,,,Weight,TEXT_CHOICES,250g;500g,,,,,,,,,,,,,,,,,,,,,,,,,,,,,,,,,,,,,,,,,,,,,,,,,,,,,,,,,,,,,,,,,
Product_2d0bbdc6-2379-4b71-900e-946b950c6aca,VARIANT,,true,,,,,,,,175,399,,IN_STOCK,false,,,,,,,,,,Weight,TEXT_CHOICES,250g,,,,,,,,,,,,,,,,,,,,,,,,,,,,,,,,,,,,,,,,,,,,,,,,,,,,,,,,,,,,,,,,,
Product_2d0bbdc6-2379-4b71-900e-946b950c6aca,VARIANT,,true,,,,,,,,300,599,,IN_STOCK,false,,,,,,,,,,Weight,TEXT_CHOICES,500g,,,,,,,,,,,,,,,,,,,,,,,,,,,,,,,,,,,,,,,,,,,,,,,,,,,,,,,,,,,,,,,,,
Product_2d0bbdc6-2379-4b71-900e-946b950c6aca,MEDIA,,,,,,ebf235_00f65f31a6984e9783f2e43ccf517f4f~mv2.jpg,,,,,,,,,,,,,,,,,,,,,,,,,,,,,,,,,,,,,,,,,,,,,,,,,,,,,,,,,,,,,,,,,,,,,,,,,,,,,,,,,,,,,
Product_3f09c4b7-6663-4a0b-a265-1f832081af08,PRODUCT,"Yellow Fin Tuna/ kera-  𝗖𝘂𝗯𝗲𝘀 (𝗚𝗿𝗼𝘀𝘀: 𝟳𝟱𝟬𝗴, 𝗡𝗲𝘁: 𝟱𝟬𝟬𝗴)",true,"<h2><span style=""font-weight: 700"">Premium Yellow fin Tuna </span>(Kera / கெரா மீன்)</h2><p><span style=""font-weight: 700"">Cubes Boneless, (N: 500g, G: 750) 15-25 Pieces</span></p><h3><span style=""font-weight: 700"">Product Overview</span></h3><ul><li><p><span style=""font-weight: 700; color: rgb(31, 31, 31); background-color: rgba(0, 0, 0, 0)"">Net Weight</span><span style=""background-color: rgba(0, 0, 0, 0); color: rgb(31, 31, 31)"">: 500g</span></p></li><li><p><span style=""font-weight: 700; color: rgb(31, 31, 31); background-color: rgba(0, 0, 0, 0)"">Gross Weight</span><span style=""background-color: rgba(0, 0, 0, 0); color: rgb(31, 31, 31)"">&nbsp;: 750g </span></p></li><li><p><span style=""font-weight: 700; color: rgb(31, 31, 31); background-color: rgba(0, 0, 0, 0)"">Protein:</span><span style=""background-color: rgba(0, 0, 0, 0); color: rgb(31, 31, 31)"">&nbsp;22g – 25g</span></p></li><li><p><span style=""font-weight: 700; color: rgb(31, 31, 31); background-color: rgba(0, 0, 0, 0)"">Serving Size</span><span style=""background-color: rgba(0, 0, 0, 0); color: rgb(31, 31, 31)"">: Cubes Boneless - (15-25 Pieces) </span></p></li><li><p><span style=""font-weight: 700; color: rgb(31, 31, 31); background-color: rgba(0, 0, 0, 0)"">Preparation</span><span style=""background-color: rgba(0, 0, 0, 0); color: rgb(31, 31, 31)"">: Freshly caught, expertly filleted, or cut into clean steaks and cubes. Bloodlines are cleanly trimmed to ensure a premium, ready-to-cook experience.</span></p></li><li><p><span style=""font-weight: 700; color: rgb(31, 31, 31); background-color: rgba(0, 0, 0, 0)"">Flavor Profile</span><span style=""background-color: rgba(0, 0, 0, 0); color: rgb(31, 31, 31)"">: Deep, robust, and meaty with a firm, steak-like texture.</span></p></li></ul><p>Commonly known as the ""Steak of the Sea,"" our Yellowfin Tuna is sourced fresh from the deep coastal waters off Chennai. Renowned for its deep red color and firm, meaty texture, it is a versatile choice for those who prefer a hearty, high-protein seafood experience.</p><h3><span style=""font-weight: 700"">Nutritional Profile (Per 100g)</span></h3><p>Yellowfin Tuna is famous among fitness enthusiasts for being one of the leanest sources of high-quality protein available.</p><table><tr><td><p><span style=""font-weight: 700"">Nutrient</span></p></td><td><p><span style=""font-weight: 700"">Amount</span></p></td></tr><tr><td><p><span style=""font-weight: 700"">Calories</span></p></td><td><p>108 - 110 kcal</p></td></tr><tr><td><p><span style=""font-weight: 700"">Protein</span></p></td><td><p>23g - 25g</p></td></tr><tr><td><p><span style=""font-weight: 700"">Total Fat</span></p></td><td><p>&lt; 1g</p></td></tr><tr><td><p><span style=""font-weight: 700"">Omega-3 Fatty Acids</span></p></td><td><p>Excellent Source</p></td></tr><tr><td><p><span style=""font-weight: 700"">Potassium</span></p></td><td><p>441 mg</p></td></tr><tr><td><p><span style=""font-weight: 700"">Vitamin D</span></p></td><td><p>High</p></td></tr></table><h3><span style=""font-weight: 700"">Key Benefits</span></h3><ul><li><p><span style=""font-weight: 700"">Ultra-High Protein:</span>&nbsp;Contains significantly more protein per gram than most poultry or red meats, making it perfect for muscle growth and weight management.</p></li><li><p><span style=""font-weight: 700"">Heart Health:</span>&nbsp;Rich in Omega-3 fatty acids which help lower blood pressure and reduce the risk of heart disease.</p></li><li><p><span style=""font-weight: 700"">Mood &amp; Brain Support:</span>&nbsp;High levels of Vitamin B12 and Selenium help improve cognitive function and reduce stress.</p></li><li><p><span style=""font-weight: 700"">Very Lean:</span>&nbsp;Extremely low in fat and carbohydrates, ideal for keto and paleo diets.</p></li></ul><blockquote><p><span style=""font-weight: 700"">Chef's Tip:</span>&nbsp;To keep Tuna juicy, avoid overcooking. It tastes best when seared on high heat for a short duration—this leaves the center moist while the outside gets a delicious crust!</p></blockquote>",fishes;instant-buy;high-protien,instant-buy,,,,,300,599,,IN_STOCK,false,,,,,,,,,,,,,,,,,,,,,,,,,,,,,,,,,,,,,,,,,,,,,,,,,,,,,,,,,,,,,,,,,,,,,,,,,,,,,
Product_3f09c4b7-6663-4a0b-a265-1f832081af08,MEDIA,,,,,,ebf235_00f65f31a6984e9783f2e43ccf517f4f~mv2.jpg,,,,,,,,,,,,,,,,,,,,,,,,,,,,,,,,,,,,,,,,,,,,,,,,,,,,,,,,,,,,,,,,,,,,,,,,,,,,,,,,,,,,,
Product_2e818cb8-4112-485a-aed2-75310cc6f04b,PRODUCT,"Yellow Fin Tuna/ kera - 𝗙𝗶𝗹𝗹𝗲𝘁 (𝗚𝗿𝗼𝘀𝘀: 𝟵𝟬𝟬𝗴, 𝗡𝗲𝘁: 𝟱𝟬𝟬𝗴) ",true,"<h2><span style=""font-weight: 700"">Premium Yellow fin Tuna </span>(Kera / கெரா மீன்)</h2><p><span style=""font-weight: 700; color: rgb(31, 31, 31); background-color: rgba(0, 0, 0, 0)"">Fillet Boneless - (6-15 Pieces) </span><span style=""font-weight: 700"">(N: 500g, G: 900)</span></p><h3><span style=""font-weight: 700"">Product Overview</span></h3><ul><li><p><span style=""font-weight: 700; color: rgb(31, 31, 31); background-color: rgba(0, 0, 0, 0)"">Net Weight</span><span style=""background-color: rgba(0, 0, 0, 0); color: rgb(31, 31, 31)"">: 500g</span></p></li><li><p><span style=""font-weight: 700; color: rgb(31, 31, 31); background-color: rgba(0, 0, 0, 0)"">Gross Weight</span><span style=""background-color: rgba(0, 0, 0, 0); color: rgb(31, 31, 31)"">&nbsp;: 750g </span></p></li><li><p><span style=""font-weight: 700; color: rgb(31, 31, 31); background-color: rgba(0, 0, 0, 0)"">Protein:</span><span style=""background-color: rgba(0, 0, 0, 0); color: rgb(31, 31, 31)"">&nbsp;22g – 25g</span></p></li><li><p><span style=""font-weight: 700; color: rgb(31, 31, 31); background-color: rgba(0, 0, 0, 0)"">Serving Size</span><span style=""background-color: rgba(0, 0, 0, 0); color: rgb(31, 31, 31)"">: Fillet Boneless - (6-15 Pieces) </span></p></li><li><p><span style=""font-weight: 700; color: rgb(31, 31, 31); background-color: rgba(0, 0, 0, 0)"">Preparation</span><span style=""background-color: rgba(0, 0, 0, 0); color: rgb(31, 31, 31)"">: Freshly caught, expertly filleted, or cut into clean steaks and cubes. Bloodlines are cleanly trimmed to ensure a premium, ready-to-cook experience.</span></p></li><li><p><span style=""font-weight: 700; color: rgb(31, 31, 31); background-color: rgba(0, 0, 0, 0)"">Flavor Profile</span><span style=""background-color: rgba(0, 0, 0, 0); color: rgb(31, 31, 31)"">: Deep, robust, and meaty with a firm, steak-like texture.</span></p></li></ul><p>Commonly known as the ""Steak of the Sea,"" our Yellowfin Tuna is sourced fresh from the deep coastal waters off Chennai. Renowned for its deep red color and firm, meaty texture, it is a versatile choice for those who prefer a hearty, high-protein seafood experience.</p><h3><span style=""font-weight: 700"">Nutritional Profile (Per 100g)</span></h3><p>Yellowfin Tuna is famous among fitness enthusiasts for being one of the leanest sources of high-quality protein available.</p><table><tr><td><p><span style=""font-weight: 700"">Nutrient</span></p></td><td><p><span style=""font-weight: 700"">Amount</span></p></td></tr><tr><td><p><span style=""font-weight: 700"">Calories</span></p></td><td><p>108 - 110 kcal</p></td></tr><tr><td><p><span style=""font-weight: 700"">Protein</span></p></td><td><p>23g - 25g</p></td></tr><tr><td><p><span style=""font-weight: 700"">Total Fat</span></p></td><td><p>&lt; 1g</p></td></tr><tr><td><p><span style=""font-weight: 700"">Omega-3 Fatty Acids</span></p></td><td><p>Excellent Source</p></td></tr><tr><td><p><span style=""font-weight: 700"">Potassium</span></p></td><td><p>441 mg</p></td></tr><tr><td><p><span style=""font-weight: 700"">Vitamin D</span></p></td><td><p>High</p></td></tr></table><h3><span style=""font-weight: 700"">Key Benefits</span></h3><ul><li><p><span style=""font-weight: 700"">Ultra-High Protein:</span>&nbsp;Contains significantly more protein per gram than most poultry or red meats, making it perfect for muscle growth and weight management.</p></li><li><p><span style=""font-weight: 700"">Heart Health:</span>&nbsp;Rich in Omega-3 fatty acids which help lower blood pressure and reduce the risk of heart disease.</p></li><li><p><span style=""font-weight: 700"">Mood &amp; Brain Support:</span>&nbsp;High levels of Vitamin B12 and Selenium help improve cognitive function and reduce stress.</p></li><li><p><span style=""font-weight: 700"">Very Lean:</span>&nbsp;Extremely low in fat and carbohydrates, ideal for keto and paleo diets.</p></li></ul><blockquote><p><span style=""font-weight: 700"">Chef's Tip:</span>&nbsp;To keep Tuna juicy, avoid overcooking. It tastes best when seared on high heat for a short duration—this leaves the center moist while the outside gets a delicious crust!</p></blockquote>",fishes;instant-buy;boneless,instant-buy,,,,,325,599,,IN_STOCK,false,,,,,,,,,,,,,,,,,,,,,,,,,,,,,,,,,,,,,,,,,,,,,,,,,,,,,,,,,,,,,,,,,,,,,,,,,,,,,
Product_2e818cb8-4112-485a-aed2-75310cc6f04b,MEDIA,,,,,,ebf235_5377be9ba9984fe5b6f0aac9ce0f1363~mv2.jpg,,,,,,,,,,,,,,,,,,,,,,,,,,,,,,,,,,,,,,,,,,,,,,,,,,,,,,,,,,,,,,,,,,,,,,,,,,,,,,,,,,,,,
Product_00ffc66b-7468-483e-b255-e4301277f659,PRODUCT,"Vanjaram / Seer Fish   - Slice Full ring(𝗚𝗿𝗼𝘀𝘀: 𝟳𝟱𝟬𝗴, 𝗡𝗲𝘁: 𝟱𝟬𝟬𝗴)",true,"<h2><span style=""font-weight: 700"">Premium Vanjaram</span>&nbsp;(Seer Fish / King Fish /Nei Meen / வஞ்சரம்)</h2><h3><span style=""font-weight: 700"">Product Overview</span></h3><ul><li><p><span style=""font-weight: 700"">Net Weight:</span>&nbsp;500g</p></li><li><p><span style=""font-weight: 700"">Gross Weight :</span>&nbsp;750g</p></li><li><p><span style=""font-weight: 700"">Protein: </span>20g – 21g</p></li><li><p><span style=""font-weight: 700"">Serving Size: </span>&nbsp;<span style=""font-weight: 700"">Large</span>&nbsp;Slices Full ring ( 3-7 Pieces )</p></li><li><p><span style=""font-weight: 700"">Preparation:</span>&nbsp;Freshly sourced, cleaned, and sliced into perfect <span style=""font-weight: 700"">Center-Cut Steaks</span>&nbsp;or <span style=""font-weight: 700"">Boneless Fillets</span>.</p></li><li><p><span style=""font-weight: 700"">Texture:</span>&nbsp;Firm, dense, and oily in a way that provides a rich, buttery mouthfeel. It features a single central bone, making it easy to eat.</p></li></ul><p>Widely celebrated as the ""Pride of the South,"" <span style=""font-weight: 700"">Seer Fish (Vanjaram)</span>&nbsp;is perhaps the most sought-after fish in the seafood market. Known for its distinct flavor, lack of small bones, and large, meaty steaks, it is a true delicacy. Our Seer Fish is freshly sourced from the deep sea to ensure you get the firmest texture and the richest taste available.</p><h3><span style=""font-weight: 700"">Nutritional Profile (Per 100g)</span></h3><p>Seer Fish is a nutritional powerhouse, especially famous for its high healthy fat content.</p><table><tr><td><p><span style=""font-weight: 700"">Nutrient</span></p></td><td><p><span style=""font-weight: 700"">Amount</span></p></td></tr><tr><td><p><span style=""font-weight: 700"">Calories</span></p></td><td><p>120 – 150 kcal</p></td></tr><tr><td><p><span style=""font-weight: 700"">Protein</span></p></td><td><p>20g – 21g</p></td></tr><tr><td><p><span style=""font-weight: 700"">Total Fat</span></p></td><td><p>4g – 6g</p></td></tr><tr><td><p><span style=""font-weight: 700"">Omega-3 Fatty Acids</span></p></td><td><p>Very High</p></td></tr><tr><td><p><span style=""font-weight: 700"">Vitamin B12</span></p></td><td><p>High</p></td></tr><tr><td><p><span style=""font-weight: 700"">Selenium &amp; Iodine</span></p></td><td><p>High</p></td></tr></table><h3><span style=""font-weight: 700"">Key Benefits</span></h3><ul><li><p><span style=""font-weight: 700"">Ultimate Heart Health:</span>&nbsp;Loaded with Omega-3 fatty acids that significantly contribute to heart health and help reduce inflammation.</p></li><li><p><span style=""font-weight: 700"">High-Performance Protein:</span>&nbsp;One of the best sources of lean protein for muscle growth and tissue repair.</p></li><li><p><span style=""font-weight: 700"">Immune &amp; Thyroid Support:</span>&nbsp;Rich in selenium and iodine, which are crucial for a healthy metabolism and a strong immune system.</p></li><li><p><span style=""font-weight: 700"">Brain Booster:</span>&nbsp;The healthy fats and B-vitamins in Seer fish are essential for maintaining sharp cognitive function and mental clarity.</p></li></ul><h3><span style=""font-weight: 700"">Chef’s Tip</span></h3><p>The classic way to enjoy <span style=""font-weight: 700"">Seer Fish</span>&nbsp;is the iconic <span style=""font-weight: 700"">Vanjaram Meen Varuval</span>&nbsp;(Tawa Fry)—marinate the steaks in a spicy ginger-garlic masala and shallow fry until golden brown. For a healthier option, it is also incredible when <span style=""font-weight: 700"">Steam-cooked</span>&nbsp;or added to a <span style=""font-weight: 700"">tangy Tamarind-based Curry</span>.</p>",fishes;instant-buy,instant-buy,,,,,850,1049,,IN_STOCK,false,,,,,,,,,,,,,,,,,,,,,,,,,,,,,,,,,,,,,,,,,,,,,,,,,,,,,,,,,,,,,,,,,,,,,,,,,,,,,
Product_00ffc66b-7468-483e-b255-e4301277f659,MEDIA,,,,,,ebf235_313c7d0c68844014aa8eb9fa87d81db4~mv2.jpg,,,,,,,,,,,,,,,,,,,,,,,,,,,,,,,,,,,,,,,,,,,,,,,,,,,,,,,,,,,,,,,,,,,,,,,,,,,,,,,,,,,,,
Product_00ffc66b-7468-483e-b255-e4301277f659,MEDIA,,,,,,ebf235_01975216fc694fd0b6ed7205b294b07d~mv2.jpg,,,,,,,,,,,,,,,,,,,,,,,,,,,,,,,,,,,,,,,,,,,,,,,,,,,,,,,,,,,,,,,,,,,,,,,,,,,,,,,,,,,,,
Product_8c7fb98b-6a09-4e87-9690-f6da3eb94ea8,PRODUCT,"Vanjaram / Seer Fish - Slice Half ring(𝗚𝗿𝗼𝘀𝘀: 𝟳𝟱𝟬𝗴, 𝗡𝗲𝘁: 𝟱𝟬𝟬𝗴)",true,"<h2><span style=""font-weight: 700"">Premium Vanjaram</span>&nbsp;(Seer Fish / King Fish /Nei Meen / வஞ்சரம்)</h2><h3><span style=""font-weight: 700"">Product Overview</span></h3><ul><li><p><span style=""font-weight: 700"">Net Weight:</span>&nbsp;500g</p></li><li><p><span style=""font-weight: 700"">Gross Weight :</span>&nbsp;750g</p></li><li><p><span style=""font-weight: 700"">Protein: </span>20g – 21g</p></li><li><p><span style=""font-weight: 700"">Serving Size: </span>&nbsp;<span style=""font-weight: 700"">Large</span>&nbsp;Slices Half ring( 4-9 Pieces )</p></li><li><p><span style=""font-weight: 700"">Preparation:</span>&nbsp;Freshly sourced, cleaned, and sliced into perfect <span style=""font-weight: 700"">Center-Cut Steaks</span>&nbsp;or <span style=""font-weight: 700"">Boneless Fillets</span>.</p></li><li><p><span style=""font-weight: 700"">Texture:</span>&nbsp;Firm, dense, and oily in a way that provides a rich, buttery mouthfeel. It features a single central bone, making it easy to eat.</p></li></ul><p>Widely celebrated as the ""Pride of the South,"" <span style=""font-weight: 700"">Seer Fish (Vanjaram)</span>&nbsp;is perhaps the most sought-after fish in the seafood market. Known for its distinct flavor, lack of small bones, and large, meaty steaks, it is a true delicacy. Our Seer Fish is freshly sourced from the deep sea to ensure you get the firmest texture and the richest taste available.</p><h3><span style=""font-weight: 700"">Nutritional Profile (Per 100g)</span></h3><p>Seer Fish is a nutritional powerhouse, especially famous for its high healthy fat content.</p><table><tr><td><p><span style=""font-weight: 700"">Nutrient</span></p></td><td><p><span style=""font-weight: 700"">Amount</span></p></td></tr><tr><td><p><span style=""font-weight: 700"">Calories</span></p></td><td><p>120 – 150 kcal</p></td></tr><tr><td><p><span style=""font-weight: 700"">Protein</span></p></td><td><p>20g – 21g</p></td></tr><tr><td><p><span style=""font-weight: 700"">Total Fat</span></p></td><td><p>4g – 6g</p></td></tr><tr><td><p><span style=""font-weight: 700"">Omega-3 Fatty Acids</span></p></td><td><p>Very High</p></td></tr><tr><td><p><span style=""font-weight: 700"">Vitamin B12</span></p></td><td><p>High</p></td></tr><tr><td><p><span style=""font-weight: 700"">Selenium &amp; Iodine</span></p></td><td><p>High</p></td></tr></table><h3><span style=""font-weight: 700"">Key Benefits</span></h3><ul><li><p><span style=""font-weight: 700"">Ultimate Heart Health:</span>&nbsp;Loaded with Omega-3 fatty acids that significantly contribute to heart health and help reduce inflammation.</p></li><li><p><span style=""font-weight: 700"">High-Performance Protein:</span>&nbsp;One of the best sources of lean protein for muscle growth and tissue repair.</p></li><li><p><span style=""font-weight: 700"">Immune &amp; Thyroid Support:</span>&nbsp;Rich in selenium and iodine, which are crucial for a healthy metabolism and a strong immune system.</p></li><li><p><span style=""font-weight: 700"">Brain Booster:</span>&nbsp;The healthy fats and B-vitamins in Seer fish are essential for maintaining sharp cognitive function and mental clarity.</p></li></ul><h3><span style=""font-weight: 700"">Chef’s Tip</span></h3><p>The classic way to enjoy <span style=""font-weight: 700"">Seer Fish</span>&nbsp;is the iconic <span style=""font-weight: 700"">Vanjaram Meen Varuval</span>&nbsp;(Tawa Fry)—marinate the steaks in a spicy ginger-garlic masala and shallow fry until golden brown. For a healthier option, it is also incredible when <span style=""font-weight: 700"">Steam-cooked</span>&nbsp;or added to a <span style=""font-weight: 700"">tangy Tamarind-based Curry</span>.</p>",fishes;instant-buy,instant-buy,,,,,775,1099,,IN_STOCK,false,,,,,,,,,,,,,,,,,,,,,,,,,,,,,,,,,,,,,,,,,,,,,,,,,,,,,,,,,,,,,,,,,,,,,,,,,,,,,
Product_8c7fb98b-6a09-4e87-9690-f6da3eb94ea8,MEDIA,,,,,,ebf235_189f66d651494227bec3b97492dc8ff3~mv2.jpg,,,,,,,,,,,,,,,,,,,,,,,,,,,,,,,,,,,,,,,,,,,,,,,,,,,,,,,,,,,,,,,,,,,,,,,,,,,,,,,,,,,,,
Product_8c7fb98b-6a09-4e87-9690-f6da3eb94ea8,MEDIA,,,,,,ebf235_baeda4bf90974a4a84da09bc112b80d0~mv2.jpg,,,,,,,,,,,,,,,,,,,,,,,,,,,,,,,,,,,,,,,,,,,,,,,,,,,,,,,,,,,,,,,,,,,,,,,,,,,,,,,,,,,,,
Product_773384a2-9cbc-4264-8a9b-1681b02e4f90,PRODUCT,"Vanjaram / Seer Fish  - Cubes(𝗚𝗿𝗼𝘀𝘀: 𝟳𝟱𝟬𝗴, 𝗡𝗲𝘁: 𝟱𝟬𝟬𝗴)",true,"<h2><span style=""font-weight: 700"">Premium Vanjaram</span>&nbsp;(Seer Fish / King Fish /Nei Meen / வஞ்சரம்)</h2><h3><span style=""font-weight: 700"">Product Overview</span></h3><ul><li><p><span style=""font-weight: 700"">Net Weight:</span>&nbsp;500g</p></li><li><p><span style=""font-weight: 700"">Gross Weight :</span>&nbsp;750g</p></li><li><p><span style=""font-weight: 700"">Protein: </span>20g – 21g</p></li><li><p><span style=""font-weight: 700"">Serving Size: Cubes</span>( 10-20 Pieces )</p></li><li><p><span style=""font-weight: 700"">Preparation:</span>&nbsp;Freshly sourced, cleaned, and sliced into perfect <span style=""font-weight: 700"">Center-Cut Steaks</span>&nbsp;or <span style=""font-weight: 700"">Boneless Fillets</span>.</p></li><li><p><span style=""font-weight: 700"">Texture:</span>&nbsp;Firm, dense, and oily in a way that provides a rich, buttery mouthfeel. It features a single central bone, making it easy to eat.</p></li></ul><p>Widely celebrated as the ""Pride of the South,"" <span style=""font-weight: 700"">Seer Fish (Vanjaram)</span>&nbsp;is perhaps the most sought-after fish in the seafood market. Known for its distinct flavor, lack of small bones, and large, meaty steaks, it is a true delicacy. Our Seer Fish is freshly sourced from the deep sea to ensure you get the firmest texture and the richest taste available.</p><h3><span style=""font-weight: 700"">Nutritional Profile (Per 100g)</span></h3><p>Seer Fish is a nutritional powerhouse, especially famous for its high healthy fat content.</p><table><tr><td><p><span style=""font-weight: 700"">Nutrient</span></p></td><td><p><span style=""font-weight: 700"">Amount</span></p></td></tr><tr><td><p><span style=""font-weight: 700"">Calories</span></p></td><td><p>120 – 150 kcal</p></td></tr><tr><td><p><span style=""font-weight: 700"">Protein</span></p></td><td><p>20g – 21g</p></td></tr><tr><td><p><span style=""font-weight: 700"">Total Fat</span></p></td><td><p>4g – 6g</p></td></tr><tr><td><p><span style=""font-weight: 700"">Omega-3 Fatty Acids</span></p></td><td><p>Very High</p></td></tr><tr><td><p><span style=""font-weight: 700"">Vitamin B12</span></p></td><td><p>High</p></td></tr><tr><td><p><span style=""font-weight: 700"">Selenium &amp; Iodine</span></p></td><td><p>High</p></td></tr></table><h3><span style=""font-weight: 700"">Key Benefits</span></h3><ul><li><p><span style=""font-weight: 700"">Ultimate Heart Health:</span>&nbsp;Loaded with Omega-3 fatty acids that significantly contribute to heart health and help reduce inflammation.</p></li><li><p><span style=""font-weight: 700"">High-Performance Protein:</span>&nbsp;One of the best sources of lean protein for muscle growth and tissue repair.</p></li><li><p><span style=""font-weight: 700"">Immune &amp; Thyroid Support:</span>&nbsp;Rich in selenium and iodine, which are crucial for a healthy metabolism and a strong immune system.</p></li><li><p><span style=""font-weight: 700"">Brain Booster:</span>&nbsp;The healthy fats and B-vitamins in Seer fish are essential for maintaining sharp cognitive function and mental clarity.</p></li></ul><h3><span style=""font-weight: 700"">Chef’s Tip</span></h3><p>The classic way to enjoy <span style=""font-weight: 700"">Seer Fish</span>&nbsp;is the iconic <span style=""font-weight: 700"">Vanjaram Meen Varuval</span>&nbsp;(Tawa Fry)—marinate the steaks in a spicy ginger-garlic masala and shallow fry until golden brown. For a healthier option, it is also incredible when <span style=""font-weight: 700"">Steam-cooked</span>&nbsp;or added to a <span style=""font-weight: 700"">tangy Tamarind-based Curry</span>.</p>",fishes;instant-buy,instant-buy,,,,,750,999,,IN_STOCK,false,,,,,,,,,,,,,,,,,,,,,,,,,,,,,,,,,,,,,,,,,,,,,,,,,,,,,,,,,,,,,,,,,,,,,,,,,,,,,
Product_773384a2-9cbc-4264-8a9b-1681b02e4f90,MEDIA,,,,,,ebf235_fe067cdc170d42e8bea10278c60e90f0~mv2.jpg,,,,,,,,,,,,,,,,,,,,,,,,,,,,,,,,,,,,,,,,,,,,,,,,,,,,,,,,,,,,,,,,,,,,,,,,,,,,,,,,,,,,,
Product_773384a2-9cbc-4264-8a9b-1681b02e4f90,MEDIA,,,,,,ebf235_baeda4bf90974a4a84da09bc112b80d0~mv2.jpg,,,,,,,,,,,,,,,,,,,,,,,,,,,,,,,,,,,,,,,,,,,,,,,,,,,,,,,,,,,,,,,,,,,,,,,,,,,,,,,,,,,,,
Product_41632747-ded9-45b4-9816-7d142764cb25,PRODUCT,"Vanjaram / Seer Fish   - 𝗙𝗶𝗹𝗹𝗲𝘁(𝗚𝗿𝗼𝘀𝘀: 𝟴𝟬𝟬𝗴, 𝗡𝗲𝘁: 𝟱𝟬𝟬𝗴)",true,"<h2><span style=""font-weight: 700"">Premium Vanjaram</span>&nbsp;(Seer Fish / King Fish /Nei Meen / வஞ்சரம்)</h2><h3><span style=""font-weight: 700"">Product Overview</span></h3><ul><li><p><span style=""font-weight: 700"">Net Weight:</span>&nbsp;500g</p></li><li><p><span style=""font-weight: 700"">Gross Weight :</span>&nbsp;750g</p></li><li><p><span style=""font-weight: 700"">Protein: </span>20g – 21g</p></li><li><p><span style=""font-weight: 700"">Serving Size: </span>&nbsp;<span style=""font-weight: 700"">Large </span>Fillet (N: 450g - 500g, G: 800)</p></li><li><p><span style=""font-weight: 700"">Preparation:</span>&nbsp;Freshly sourced, cleaned, and sliced into perfect <span style=""font-weight: 700"">Center-Cut Steaks</span>&nbsp;or <span style=""font-weight: 700"">Boneless Fillets</span>.</p></li><li><p><span style=""font-weight: 700"">Texture:</span>&nbsp;Firm, dense, and oily in a way that provides a rich, buttery mouthfeel. It features a single central bone, making it easy to eat.</p></li></ul><p>Widely celebrated as the ""Pride of the South,"" <span style=""font-weight: 700"">Seer Fish (Vanjaram)</span>&nbsp;is perhaps the most sought-after fish in the seafood market. Known for its distinct flavor, lack of small bones, and large, meaty steaks, it is a true delicacy. Our Seer Fish is freshly sourced from the deep sea to ensure you get the firmest texture and the richest taste available.</p><h3><span style=""font-weight: 700"">Nutritional Profile (Per 100g)</span></h3><p>Seer Fish is a nutritional powerhouse, especially famous for its high healthy fat content.</p><table><tr><td><p><span style=""font-weight: 700"">Nutrient</span></p></td><td><p><span style=""font-weight: 700"">Amount</span></p></td></tr><tr><td><p><span style=""font-weight: 700"">Calories</span></p></td><td><p>120 – 150 kcal</p></td></tr><tr><td><p><span style=""font-weight: 700"">Protein</span></p></td><td><p>20g – 21g</p></td></tr><tr><td><p><span style=""font-weight: 700"">Total Fat</span></p></td><td><p>4g – 6g</p></td></tr><tr><td><p><span style=""font-weight: 700"">Omega-3 Fatty Acids</span></p></td><td><p>Very High</p></td></tr><tr><td><p><span style=""font-weight: 700"">Vitamin B12</span></p></td><td><p>High</p></td></tr><tr><td><p><span style=""font-weight: 700"">Selenium &amp; Iodine</span></p></td><td><p>High</p></td></tr></table><h3><span style=""font-weight: 700"">Key Benefits</span></h3><ul><li><p><span style=""font-weight: 700"">Ultimate Heart Health:</span>&nbsp;Loaded with Omega-3 fatty acids that significantly contribute to heart health and help reduce inflammation.</p></li><li><p><span style=""font-weight: 700"">High-Performance Protein:</span>&nbsp;One of the best sources of lean protein for muscle growth and tissue repair.</p></li><li><p><span style=""font-weight: 700"">Immune &amp; Thyroid Support:</span>&nbsp;Rich in selenium and iodine, which are crucial for a healthy metabolism and a strong immune system.</p></li><li><p><span style=""font-weight: 700"">Brain Booster:</span>&nbsp;The healthy fats and B-vitamins in Seer fish are essential for maintaining sharp cognitive function and mental clarity.</p></li></ul><h3><span style=""font-weight: 700"">Chef’s Tip</span></h3><p>The classic way to enjoy <span style=""font-weight: 700"">Seer Fish</span>&nbsp;is the iconic <span style=""font-weight: 700"">Vanjaram Meen Varuval</span>&nbsp;(Tawa Fry)—marinate the steaks in a spicy ginger-garlic masala and shallow fry until golden brown. For a healthier option, it is also incredible when <span style=""font-weight: 700"">Steam-cooked</span>&nbsp;or added to a <span style=""font-weight: 700"">tangy Tamarind-based Curry</span>.</p>",fishes;instant-buy,instant-buy,,,,,900,1299,,IN_STOCK,false,,,,,,,,,,,,,,,,,,,,,,,,,,,,,,,,,,,,,,,,,,,,,,,,,,,,,,,,,,,,,,,,,,,,,,,,,,,,,
Product_41632747-ded9-45b4-9816-7d142764cb25,MEDIA,,,,,,ebf235_43799bdf45bd4255a41880cbeaae0be0~mv2.jpg,,,,,,,,,,,,,,,,,,,,,,,,,,,,,,,,,,,,,,,,,,,,,,,,,,,,,,,,,,,,,,,,,,,,,,,,,,,,,,,,,,,,,
Product_41632747-ded9-45b4-9816-7d142764cb25,MEDIA,,,,,,ebf235_baeda4bf90974a4a84da09bc112b80d0~mv2.jpg,,,,,,,,,,,,,,,,,,,,,,,,,,,,,,,,,,,,,,,,,,,,,,,,,,,,,,,,,,,,,,,,,,,,,,,,,,,,,,,,,,,,,
Product_2d906b01-192f-4230-bc45-a887e162706a,PRODUCT,"Sardine / Mathi / Chala - 𝗪𝗵𝗼𝗹𝗲(𝗚𝗿𝗼𝘀𝘀: 𝟴𝟬𝟬𝗴, 𝗡𝗲𝘁: 𝟱𝟬𝟬𝗴)",true,"<h2><span style=""font-weight: 700"">Premium Mathi </span>(Sardine / Kavala /  Chala / சாலா, கவலை மீன்)</h2><h3><span style=""font-weight: 700"">Product Overview</span></h3><ul><li><p><span style=""font-weight: 700"">Net Weight:</span>&nbsp;500g</p></li><li><p><span style=""font-weight: 700"">Gross Weight :</span>&nbsp;800g</p></li><li><p><span style=""font-weight: 700"">Protein: </span>18g – 20g</p></li><li><p><span style=""font-weight: 700"">Serving Size:</span>&nbsp;whole (12-20 Pieces), </p></li><li><p><span style=""font-weight: 700"">Preparation:</span>&nbsp;Freshly sourced, expertly cleaned, and ready to cook. Available as <span style=""font-weight: 700"">Whole Cleaned Fish</span>&nbsp;.</p></li><li><p><span style=""font-weight: 700"">Texture:</span>&nbsp;Soft, tender, and naturally oily with a bold, rich flavor.</p></li></ul><p>Small in size but rich in flavor and nutrition, Mathi (Sardine) is a coastal favorite known for its distinct taste and soft, oily texture. Freshly sourced from clean coastal waters, this affordable yet highly nutritious fish is a staple in South Indian households and is perfect for frying, curries, or traditional preparations.</p><h3><span style=""font-weight: 700"">Nutritional Profile (Per 100g)</span></h3><p>Mathi is one of the most nutrient-dense fish varieties, packed with heart-healthy fats and essential vitamins.</p><table><tr><td><p>Nutrient</p></td><td><p>Amount</p></td></tr><tr><td><p>Calories</p></td><td><p>120 – 150 kcal</p></td></tr><tr><td><p>Protein</p></td><td><p>18g – 20g</p></td></tr><tr><td><p>Total Fat</p></td><td><p>6g – 8g</p></td></tr><tr><td><p>Omega-3 Fatty Acids</p></td><td><p>High</p></td></tr><tr><td><p>Calcium</p></td><td><p>High</p></td></tr><tr><td><p>Vitamin D</p></td><td><p>High</p></td></tr></table><h3><span style=""font-weight: 700"">Key Benefits</span></h3><p><span style=""font-weight: 700"">Rich in Omega-3 Fatty Acids: </span>Supports heart health, reduces inflammation, and promotes brain function.</p><p><span style=""font-weight: 700"">Excellent Source of Calcium: </span>Strengthens bones and teeth, especially beneficial when consumed regularly.</p><p><span style=""font-weight: 700"">Boosts Immunity: </span>High in Vitamin D, which supports immune system function and bone health.</p><p><span style=""font-weight: 700"">Affordable Superfood: </span>Provides premium nutrition at an economical price.</p><h3><span style=""font-weight: 700"">Chef’s Tip</span></h3><p>Mathi tastes best when cooked fresh. Marinate with <span style=""font-weight: 700"">turmeric, chili powder, and salt</span>&nbsp;for a crispy pan fry, or prepare a <span style=""font-weight: 700"">spicy coastal-style sardine curry</span>&nbsp;with tamarind and coconut for an authentic South Indian flavor.</p>",fishes;instant-buy,instant-buy,,,Sale,,300,599,,IN_STOCK,false,,,,,,,,,,,,,,,,,,,,,,,,,,,,,,,,,,,,,,,,,,,,,,,,,,,,,,,,,,,,,,,,,,,,,,,,,,,,,
Product_2d906b01-192f-4230-bc45-a887e162706a,MEDIA,,,,,,ebf235_2957a5dca47942eca864f12d1133e78f~mv2.jpg,,,,,,,,,,,,,,,,,,,,,,,,,,,,,,,,,,,,,,,,,,,,,,,,,,,,,,,,,,,,,,,,,,,,,,,,,,,,,,,,,,,,,
Product_2d906b01-192f-4230-bc45-a887e162706a,MEDIA,,,,,,ebf235_82f7705d895a492ab76700dd3ecc34f0~mv2.jpg,,,,,,,,,,,,,,,,,,,,,,,,,,,,,,,,,,,,,,,,,,,,,,,,,,,,,,,,,,,,,,,,,,,,,,,,,,,,,,,,,,,,,
Product_ff57b305-2181-401d-9ecf-b8df89aab3ab,PRODUCT,"Sankara / Pink Perch - 𝗖𝘂𝗿𝗿𝘆 𝗖𝘂𝘁(𝗚𝗿𝗼𝘀𝘀: 𝟳𝟱𝟬𝗴, 𝗡𝗲𝘁: 𝟱𝟬𝟬𝗴)",true,"<h2><span style=""font-weight: 700"">Premium Sankara </span>(Pink Perch / Kilimeen / சங்கரா மீன்)</h2><h3><span style=""font-weight: 700"">Product Overview</span></h3><ul><li><p><span style=""font-weight: 700"">Net Weight:</span>&nbsp;500g</p></li><li><p><span style=""font-weight: 700"">Gross Weight :</span>&nbsp;750g</p></li><li><p><span style=""font-weight: 700"">Protein: </span>20g – 22g</p></li><li><p><span style=""font-weight: 700"">Pieces:</span>&nbsp;Medium - Curry Cut (6-14 Pieces)</p></li><li><p><span style=""font-weight: 700"">Preparation:</span>&nbsp;Sourced fresh, expertly descaled, and cleaned. Available as <span style=""font-weight: 700"">Whole Fish with Fry Cuts</span>&nbsp;(perfect for deep frying) or as <span style=""font-weight: 700"">Cleaned Fillets</span>.</p></li><li><p><span style=""font-weight: 700"">Texture:</span>&nbsp;Lean, firm, and moist with a subtle, sweet nuttiness.</p></li></ul><p>With its iconic vibrant color and sweet, delicate flavor, our Sankara is a prized catch from the Bay of Bengal. This white-fleshed fish is celebrated for its versatility, offering a moist, flaky texture that makes it the centerpiece of any premium seafood meal.</p><h3><span style=""font-weight: 700"">Nutritional Profile (Per 100g)</span></h3><p>Red Snapper is a low-calorie, high-nutrient choice perfect for a balanced diet.</p><table><tr><td><p><span style=""font-weight: 700"">Nutrient</span></p></td><td><p><span style=""font-weight: 700"">Amount</span></p></td></tr><tr><td><p><span style=""font-weight: 700"">Calories</span></p></td><td><p>100 - 110 kcal</p></td></tr><tr><td><p><span style=""font-weight: 700"">Protein</span></p></td><td><p>20g - 22g</p></td></tr><tr><td><p><span style=""font-weight: 700"">Total Fat</span></p></td><td><p>1.5g</p></td></tr><tr><td><p><span style=""font-weight: 700"">Omega-3 Fatty Acids</span></p></td><td><p>Moderate to High</p></td></tr><tr><td><p><span style=""font-weight: 700"">Potassium</span></p></td><td><p>420 mg</p></td></tr><tr><td><p><span style=""font-weight: 700"">Selenium</span></p></td><td><p>65% of Daily Value</p></td></tr></table><h3><span style=""font-weight: 700"">Key Benefits</span></h3><ul><li><p><span style=""font-weight: 700"">Low Calorie, High Protein:</span>&nbsp;An ideal choice for weight management without sacrificing essential amino acids.</p></li><li><p><span style=""font-weight: 700"">Metabolic Support:</span>&nbsp;Exceptionally high in Selenium, which supports thyroid function and protects cells from free radical damage.</p></li><li><p><span style=""font-weight: 700"">Blood Pressure Control:</span>&nbsp;The high Potassium content helps regulate blood pressure and supports heart health.</p></li><li><p><span style=""font-weight: 700"">Rich in Vitamin A:</span>&nbsp;Supports healthy vision, skin, and a robust immune system.</p></li></ul><blockquote><p><span style=""font-weight: 700"">Chef's Tip:</span>&nbsp;Red Snapper is best enjoyed when its natural sweetness is highlighted. Try a <span style=""font-weight: 700"">Lemon-Butter-Garlic rub</span>&nbsp;for baking, or a traditional <span style=""font-weight: 700"">South Indian Masala</span>&nbsp;for a crispy pan fry!</p></blockquote>",instant-buy;deep-fry-favorites;lean-low-calorie,instant-buy,,,,,475,699,,OUT_OF_STOCK,false,,,,,,,,,,,,,,,,,,,,,,,,,,,,,,,,,,,,,,,,,,,,,,,,,,,,,,,,,,,,,,,,,,,,,,,,,,,,,
Product_ff57b305-2181-401d-9ecf-b8df89aab3ab,MEDIA,,,,,,ebf235_397648c8bd954d8a873b1b70218b3802~mv2.jpg,,,,,,,,,,,,,,,,,,,,,,,,,,,,,,,,,,,,,,,,,,,,,,,,,,,,,,,,,,,,,,,,,,,,,,,,,,,,,,,,,,,,,
Product_ff57b305-2181-401d-9ecf-b8df89aab3ab,MEDIA,,,,,,ebf235_85883e737296420bb150de29e9b248b2~mv2.jpg,,,,,,,,,,,,,,,,,,,,,,,,,,,,,,,,,,,,,,,,,,,,,,,,,,,,,,,,,,,,,,,,,,,,,,,,,,,,,,,,,,,,,
Product_a1df2ac8-02d6-4834-a5ae-8cf3add8b0e1,PRODUCT,"Sankara /  Pink Perch  -   𝗪𝗵𝗼𝗹𝗲 (𝗚𝗿𝗼𝘀𝘀: 𝟳𝟱𝟬𝗴, 𝗡𝗲𝘁: 𝟱𝟬𝟬𝗴)",true,"<h2><span style=""font-weight: 700"">Premium Sankara </span>(Pink Perch / Kilimeen / சங்கரா மீன்)</h2><h3><span style=""font-weight: 700"">Product Overview</span></h3><ul><li><p><span style=""font-weight: 700"">Net Weight:</span>&nbsp;500g</p></li><li><p><span style=""font-weight: 700"">Gross Weight :</span>&nbsp;750g</p></li><li><p><span style=""font-weight: 700"">Protein: </span>20g – 22g</p></li><li><p><span style=""font-weight: 700"">Pieces:</span>&nbsp;Medium whole fish 3 – 6 pcs</p></li><li><p><span style=""font-weight: 700"">Preparation:</span>&nbsp;Sourced fresh, expertly descaled, and cleaned. Available as <span style=""font-weight: 700"">Whole Fish with Fry Cuts</span>&nbsp;(perfect for deep frying) or as <span style=""font-weight: 700"">Cleaned Fillets</span>.</p></li><li><p><span style=""font-weight: 700"">Texture:</span>&nbsp;Lean, firm, and moist with a subtle, sweet nuttiness.</p></li></ul><p>With its iconic vibrant color and sweet, delicate flavor, our Sankara is a prized catch from the Bay of Bengal. This white-fleshed fish is celebrated for its versatility, offering a moist, flaky texture that makes it the centerpiece of any premium seafood meal.</p><h3><span style=""font-weight: 700"">Nutritional Profile (Per 100g)</span></h3><p>Red Snapper is a low-calorie, high-nutrient choice perfect for a balanced diet.</p><table><tr><td><p><span style=""font-weight: 700"">Nutrient</span></p></td><td><p><span style=""font-weight: 700"">Amount</span></p></td></tr><tr><td><p><span style=""font-weight: 700"">Calories</span></p></td><td><p>100 - 110 kcal</p></td></tr><tr><td><p><span style=""font-weight: 700"">Protein</span></p></td><td><p>20g - 22g</p></td></tr><tr><td><p><span style=""font-weight: 700"">Total Fat</span></p></td><td><p>1.5g</p></td></tr><tr><td><p><span style=""font-weight: 700"">Omega-3 Fatty Acids</span></p></td><td><p>Moderate to High</p></td></tr><tr><td><p><span style=""font-weight: 700"">Potassium</span></p></td><td><p>420 mg</p></td></tr><tr><td><p><span style=""font-weight: 700"">Selenium</span></p></td><td><p>65% of Daily Value</p></td></tr></table><h3><span style=""font-weight: 700"">Key Benefits</span></h3><ul><li><p><span style=""font-weight: 700"">Low Calorie, High Protein:</span>&nbsp;An ideal choice for weight management without sacrificing essential amino acids.</p></li><li><p><span style=""font-weight: 700"">Metabolic Support:</span>&nbsp;Exceptionally high in Selenium, which supports thyroid function and protects cells from free radical damage.</p></li><li><p><span style=""font-weight: 700"">Blood Pressure Control:</span>&nbsp;The high Potassium content helps regulate blood pressure and supports heart health.</p></li><li><p><span style=""font-weight: 700"">Rich in Vitamin A:</span>&nbsp;Supports healthy vision, skin, and a robust immune system.</p></li></ul><blockquote><p><span style=""font-weight: 700"">Chef's Tip:</span>&nbsp;Red Snapper is best enjoyed when its natural sweetness is highlighted. Try a <span style=""font-weight: 700"">Lemon-Butter-Garlic rub</span>&nbsp;for baking, or a traditional <span style=""font-weight: 700"">South Indian Masala</span>&nbsp;for a crispy pan fry!</p></blockquote>",fishes;instant-buy;deep-fry-favorites;lean-low-calorie,instant-buy,,,Sale,,475,699,,OUT_OF_STOCK,false,,,,,,,,,,,,,,,,,,,,,,,,,,,,,,,,,,,,,,,,,,,,,,,,,,,,,,,,,,,,,,,,,,,,,,,,,,,,,
Product_a1df2ac8-02d6-4834-a5ae-8cf3add8b0e1,MEDIA,,,,,,ebf235_e6204a08a6474c9e9b3aa9a337568ddd~mv2.jpg,,,,,,,,,,,,,,,,,,,,,,,,,,,,,,,,,,,,,,,,,,,,,,,,,,,,,,,,,,,,,,,,,,,,,,,,,,,,,,,,,,,,,
Product_a1df2ac8-02d6-4834-a5ae-8cf3add8b0e1,MEDIA,,,,,,ebf235_397648c8bd954d8a873b1b70218b3802~mv2.jpg,,,,,,,,,,,,,,,,,,,,,,,,,,,,,,,,,,,,,,,,,,,,,,,,,,,,,,,,,,,,,,,,,,,,,,,,,,,,,,,,,,,,,
Product_36fcaa03-8e5d-4e01-817f-430e3f888bcb,PRODUCT,"Tiger Prawn -  𝗖𝗹𝗲𝗮𝗻𝗲𝗱(𝗚𝗿𝗼𝘀𝘀: 𝟴𝟬𝟬𝗴, 𝗡𝗲𝘁: 𝟰𝟬𝟬𝗴)",true,"<h2><span style=""font-weight: 700"">Tiger Prawns </span>(Vari Era / Karuvaladi Era /Green Tiger Prawn / வரி இறால் )</h2><h3><span style=""font-weight: 700"">Product Overview</span></h3><ul><li><p><span style=""font-weight: 700"">Net Weight:</span>&nbsp;400g</p></li><li><p><span style=""font-weight: 700"">Gross Weight :</span>&nbsp;800g</p></li><li><p><span style=""font-weight: 700"">Protein: </span>18g – 20g</p></li><li><p><span style=""font-weight: 700"">Serving Size:</span>&nbsp;<span style=""font-weight: 700"">Big</span>&nbsp;- Cleaned &amp; Deveined (20-35 pcs) | <span style=""font-weight: 700"">Medium</span>&nbsp;- Cleaned &amp; Deveined (20-40 Pieces)</p></li><li><p><span style=""font-weight: 700"">Preparation:</span>&nbsp;Expertly <span style=""font-weight: 700"">de-veined and cleaned</span>&nbsp;while keeping the shell on or off (per your preference). Our cleaning process ensures they are ready to cook straight from the pack.</p></li><li><p><span style=""font-weight: 700"">Texture:</span>&nbsp;Exceptionally firm, meaty, and ""snappy"" when cooked.</p></li></ul><p>Known for their impressive size and striking tiger-like stripes, Tiger Prawns are the crown jewel of the crustacean world.&nbsp;Sourced from the pristine coastal backwaters, these prawns are a favorite for those who enjoy a firm, crunchy bite and a sweet, oceanic flavor.</p><h3><span style=""font-weight: 700"">Nutritional Profile (Per 100g)</span></h3><p>Tiger Prawns are a fantastic low-fat protein source, packed with essential minerals.</p><table><tr><td><p><span style=""font-weight: 700"">Nutrient</span></p></td><td><p><span style=""font-weight: 700"">Amount</span></p></td></tr><tr><td><p><span style=""font-weight: 700"">Calories</span></p></td><td><p>90 - 95 kcal</p></td></tr><tr><td><p><span style=""font-weight: 700"">Protein</span></p></td><td><p>20g - 22g</p></td></tr><tr><td><p><span style=""font-weight: 700"">Total Fat</span></p></td><td><p>1g - 1.5g</p></td></tr><tr><td><p><span style=""font-weight: 700"">Cholesterol</span></p></td><td><p>Moderate (Healthy HDL)</p></td></tr><tr><td><p><span style=""font-weight: 700"">Zinc &amp; Selenium</span></p></td><td><p>Very High</p></td></tr><tr><td><p><span style=""font-weight: 700"">Vitamin B12</span></p></td><td><p>High</p></td></tr></table><h3><span style=""font-weight: 700"">Key Benefits</span></h3><ul><li><p><span style=""font-weight: 700"">Immunity Booster:</span>&nbsp;Extremely rich in <span style=""font-weight: 700"">Zinc and Selenium</span>, which are vital for a strong immune system and thyroid health.</p></li><li><p><span style=""font-weight: 700"">Low Calorie:</span>&nbsp;One of the leanest protein sources available, making them perfect for weight-conscious diets.</p></li><li><p><span style=""font-weight: 700"">Astaxanthin Rich:</span>&nbsp;The reddish pigment developed when cooked is a powerful antioxidant that supports skin health and reduces inflammation.</p></li><li><p><span style=""font-weight: 700"">Quick &amp; Easy:</span>&nbsp;They cook in minutes, making them the ultimate ""fast food"" for a healthy weeknight dinner.</p></li></ul><blockquote><p><span style=""font-weight: 700"">Chef's Tip:</span>&nbsp;To prevent the prawns from becoming rubbery, cook them only until they turn opaque and form a 'C' shape. For a showstopper dish, try <span style=""font-weight: 700"">Garlic Butter Tiger Prawns</span>&nbsp;or a spicy <span style=""font-weight: 700"">Coastal Era Thokku</span>!</p></blockquote>",instant-buy;shell-foods;lean-low-calorie,instant-buy,,,,,,,,,,,,,,,,,,,Size,TEXT_CHOICES,Big;Medium,,,,,,,,,,,,,,,,,,,,,,,,,,,,,,,,,,,,,,,,,,,,,,,,,,,,,,,,,,,,,,,,,
Product_36fcaa03-8e5d-4e01-817f-430e3f888bcb,VARIANT,,true,,,,,,,,900,1299,,IN_STOCK,false,,,,,,,,,,Size,TEXT_CHOICES,Big,,,,,,,,,,,,,,,,,,,,,,,,,,,,,,,,,,,,,,,,,,,,,,,,,,,,,,,,,,,,,,,,,
Product_36fcaa03-8e5d-4e01-817f-430e3f888bcb,VARIANT,,true,,,,,,,,775,999,,IN_STOCK,false,,,,,,,,,,Size,TEXT_CHOICES,Medium,,,,,,,,,,,,,,,,,,,,,,,,,,,,,,,,,,,,,,,,,,,,,,,,,,,,,,,,,,,,,,,,,
Product_36fcaa03-8e5d-4e01-817f-430e3f888bcb,MEDIA,,,,,,ebf235_91c342e44d6446baae84a21b81eb69b0~mv2.jpg,,,,,,,,,,,,,,,,,,,,,,,,,,,,,,,,,,,,,,,,,,,,,,,,,,,,,,,,,,,,,,,,,,,,,,,,,,,,,,,,,,,,,
Product_36fcaa03-8e5d-4e01-817f-430e3f888bcb,MEDIA,,,,,,ebf235_c549505654c545dcacc6e93d06684fb8~mv2.jpg,,,,,,,,,,,,,,,,,,,,,,,,,,,,,,,,,,,,,,,,,,,,,,,,,,,,,,,,,,,,,,,,,,,,,,,,,,,,,,,,,,,,,
Product_f9b17816-ce21-4000-b508-a7df1710f7ea,PRODUCT,"White Prawn -  𝗖𝗹𝗲𝗮𝗻𝗲𝗱(𝗚𝗿𝗼𝘀𝘀: 𝟴𝟬𝟬𝗴, 𝗡𝗲𝘁: 𝟰𝟬𝟬𝗴)",true,"<h2><span style=""font-weight: 700"">White Prawn</span>(Fresh Water Prawn / இறால் )</h2><h3><span style=""font-weight: 700"">White Prawn&nbsp;– Cleaned &amp; Deveined</span></h3><ul><li><p><span style=""font-weight: 700"">Net Weight:</span>&nbsp;400g</p></li><li><p><span style=""font-weight: 700"">Gross Weight:</span>&nbsp;800g</p></li><li><p><span style=""font-weight: 700"">Protein: </span>18g – 20g</p></li><li><p><span style=""font-weight: 700"">Pieces: Big</span>&nbsp;-&nbsp;Cleaned &amp; Deveined (20-35 pcs) | <span style=""font-weight: 700"">Medium</span>&nbsp;- Cleaned &amp; Deveined (20-40 Pieces)</p></li><li><p><span style=""font-weight: 700"">Preparation:</span>&nbsp;Sourced fresh and expertly <span style=""font-weight: 700"">de-veined and cleaned</span>.&nbsp;They have a translucent,&nbsp;pale pinkish-white body that turns a beautiful bright pink when cooked.</p></li><li><p><span style=""font-weight: 700"">Texture:</span>&nbsp;Tender,&nbsp;succulent,&nbsp;and slightly softer than Tiger Prawns.</p></li></ul><p>Known for their subtle sweetness and soft,&nbsp;delicate texture,&nbsp;Fresh Water Prawns are a staple in coastal households.&nbsp;Unlike the larger Tiger Prawns,&nbsp;these are prized for their thinner shells and their ability to absorb the rich flavors of spices and coconut milk,&nbsp;making them the perfect choice for traditional curries.</p><h3><span style=""font-weight: 700"">Nutritional Profile (Per 100g)</span></h3><p>Fresh Water Prawns are an excellent source of lean protein and essential micronutrients.</p><table><tr><td><p><span style=""font-weight: 700"">Nutrient</span></p></td><td><p><span style=""font-weight: 700"">Amount</span></p></td></tr><tr><td><p><span style=""font-weight: 700"">Calories</span></p></td><td><p>85 - 90 kcal</p></td></tr><tr><td><p><span style=""font-weight: 700"">Protein</span></p></td><td><p>18g - 20g</p></td></tr><tr><td><p><span style=""font-weight: 700"">Total Fat</span></p></td><td><p>&lt; 1g</p></td></tr><tr><td><p><span style=""font-weight: 700"">Phosphorus</span></p></td><td><p>High</p></td></tr><tr><td><p><span style=""font-weight: 700"">Omega-3 Fatty Acids</span></p></td><td><p>Good Source</p></td></tr><tr><td><p><span style=""font-weight: 700"">Iodine</span></p></td><td><p>Rich</p></td></tr></table><h3><span style=""font-weight: 700"">Key Benefits</span></h3><ul><li><p><span style=""font-weight: 700"">Thyroid &amp; Metabolism Support:</span>&nbsp;High in <span style=""font-weight: 700"">Iodine</span>,&nbsp;which is essential for healthy thyroid function and regulating your body’s metabolism.</p></li><li><p><span style=""font-weight: 700"">Bone Health:</span>&nbsp;Packed with <span style=""font-weight: 700"">Phosphorus and Magnesium</span>,&nbsp;minerals that work alongside calcium to keep your bones and teeth strong.</p></li><li><p><span style=""font-weight: 700"">Heart Friendly:</span>&nbsp;Extremely low in saturated fats and a good source of healthy cholesterol-regulating fats.</p></li><li><p><span style=""font-weight: 700"">Quick Marination:</span>&nbsp;Because of their delicate flesh,&nbsp;they marinate much faster than larger varieties,&nbsp;making them perfect for quick meals.</p></li></ul><blockquote><p><span style=""font-weight: 700"">Chef's Tip:</span>&nbsp;Fresh Water Prawns are the best variety for <span style=""font-weight: 700"">Prawn Moilee</span>&nbsp;or <span style=""font-weight: 700"">Malabar Prawn Curry</span>. Because they are so tender, they only need 2–3 minutes of cooking time. Overcooking them can take away their signature sweetness!</p></blockquote>",instant-buy;shell-foods;lean-low-calorie,instant-buy,,,,,,,,,,,,,,,,,,,Size,TEXT_CHOICES,Big;Medium,,,,,,,,,,,,,,,,,,,,,,,,,,,,,,,,,,,,,,,,,,,,,,,,,,,,,,,,,,,,,,,,,
Product_f9b17816-ce21-4000-b508-a7df1710f7ea,VARIANT,,true,,,,,,,,625,899,,IN_STOCK,false,,,,,,,,,,Size,TEXT_CHOICES,Big,,,,,,,,,,,,,,,,,,,,,,,,,,,,,,,,,,,,,,,,,,,,,,,,,,,,,,,,,,,,,,,,,
Product_f9b17816-ce21-4000-b508-a7df1710f7ea,VARIANT,,true,,,,,,,,575,799,,IN_STOCK,false,,,,,,,,,,Size,TEXT_CHOICES,Medium,,,,,,,,,,,,,,,,,,,,,,,,,,,,,,,,,,,,,,,,,,,,,,,,,,,,,,,,,,,,,,,,,
Product_f9b17816-ce21-4000-b508-a7df1710f7ea,MEDIA,,,,,,ebf235_01ca951af2d74235b04c38d77b24e08e~mv2.jpg,,,,,,,,,,,,,,,,,,,,,,,,,,,,,,,,,,,,,,,,,,,,,,,,,,,,,,,,,,,,,,,,,,,,,,,,,,,,,,,,,,,,,
Product_f9b17816-ce21-4000-b508-a7df1710f7ea,MEDIA,,,,,,ebf235_cf1cb7c141634ab7bedb8f50ff2e5f18~mv2.jpg,,,,,,,,,,,,,,,,,,,,,,,,,,,,,,,,,,,,,,,,,,,,,,,,,,,,,,,,,,,,,,,,,,,,,,,,,,,,,,,,,,,,,
Product_f9b17816-ce21-4000-b508-a7df1710f7ea,MEDIA,,,,,,ebf235_38e750a6f9ed490098216ace6381ba92~mv2.jpg,,,,,,,,,,,,,,,,,,,,,,,,,,,,,,,,,,,,,,,,,,,,,,,,,,,,,,,,,,,,,,,,,,,,,,,,,,,,,,,,,,,,,
Product_75d7f433-fa3d-4ac8-a11d-6cb3ffd6a219,PRODUCT,"Red Tiger Prawn - (𝗚𝗿𝗼𝘀𝘀: 𝟴𝟬𝟬𝗴, 𝗡𝗲𝘁: 𝟰𝟬𝟬𝗴)",true,"<h2><span style=""font-weight: 700"">Red Tiger Prawns </span>(Vari Era / Karuvaladi Era / </h2><h2>வரி இறால் )</h2><h3><span style=""font-weight: 700"">Product Overview</span></h3><ul><li><p><span style=""font-weight: 700"">Net Weight:</span>&nbsp;400g</p></li><li><p><span style=""font-weight: 700"">Gross Weight :</span>&nbsp;800g</p></li><li><p><span style=""font-weight: 700"">Protein: </span>20g – 22g</p></li><li><p><span style=""font-weight: 700"">Serving Size:</span>&nbsp;<span style=""font-weight: 700"">Big</span>&nbsp;- Cleaned &amp; Deveined (6-10 pcs) | <span style=""font-weight: 700"">Medium</span>&nbsp;- Cleaned &amp; Deveined (15-20 Pieces)</p></li><li><p><span style=""font-weight: 700"">Preparation:</span>&nbsp;Expertly <span style=""font-weight: 700"">de-veined and cleaned</span>&nbsp;while keeping the shell on or off (per your preference). Our cleaning process ensures they are ready to cook straight from the pack.</p></li><li><p><span style=""font-weight: 700"">Texture:</span>&nbsp;Exceptionally firm, meaty, and ""snappy"" when cooked.</p></li></ul><p>Known for their impressive size and striking tiger-like stripes, Tiger Prawns are the crown jewel of the crustacean world.&nbsp;Sourced from the pristine coastal backwaters, these prawns are a favorite for those who enjoy a firm, crunchy bite and a sweet, oceanic flavor.</p><h3><span style=""font-weight: 700"">Nutritional Profile (Per 100g)</span></h3><p>Tiger Prawns are a fantastic low-fat protein source, packed with essential minerals.</p><table><tr><td><p><span style=""font-weight: 700"">Nutrient</span></p></td><td><p><span style=""font-weight: 700"">Amount</span></p></td></tr><tr><td><p><span style=""font-weight: 700"">Calories</span></p></td><td><p>90 - 95 kcal</p></td></tr><tr><td><p><span style=""font-weight: 700"">Protein</span></p></td><td><p>20g - 22g</p></td></tr><tr><td><p><span style=""font-weight: 700"">Total Fat</span></p></td><td><p>1g - 1.5g</p></td></tr><tr><td><p><span style=""font-weight: 700"">Cholesterol</span></p></td><td><p>Moderate (Healthy HDL)</p></td></tr><tr><td><p><span style=""font-weight: 700"">Zinc &amp; Selenium</span></p></td><td><p>Very High</p></td></tr><tr><td><p><span style=""font-weight: 700"">Vitamin B12</span></p></td><td><p>High</p></td></tr></table><h3><span style=""font-weight: 700"">Key Benefits</span></h3><ul><li><p><span style=""font-weight: 700"">Immunity Booster:</span>&nbsp;Extremely rich in <span style=""font-weight: 700"">Zinc and Selenium</span>, which are vital for a strong immune system and thyroid health.</p></li><li><p><span style=""font-weight: 700"">Low Calorie:</span>&nbsp;One of the leanest protein sources available, making them perfect for weight-conscious diets.</p></li><li><p><span style=""font-weight: 700"">Astaxanthin Rich:</span>&nbsp;The reddish pigment developed when cooked is a powerful antioxidant that supports skin health and reduces inflammation.</p></li><li><p><span style=""font-weight: 700"">Quick &amp; Easy:</span>&nbsp;They cook in minutes, making them the ultimate ""fast food"" for a healthy weeknight dinner.</p></li></ul><blockquote><p><span style=""font-weight: 700"">Chef's Tip:</span>&nbsp;To prevent the prawns from becoming rubbery, cook them only until they turn opaque and form a 'C' shape. For a showstopper dish, try <span style=""font-weight: 700"">Garlic Butter Tiger Prawns</span>&nbsp;or a spicy <span style=""font-weight: 700"">Coastal Era Thokku</span>!</p></blockquote>",shell-foods;lean-low-calorie,,,,,,,,,,,,,,,,,,,,Size,TEXT_CHOICES,Medium;Large,,,,,,,,,,,,,,,,,,,,,,,,,,,,,,,,,,,,,,,,,,,,,,,,,,,,,,,,,,,,,,,,,
Product_75d7f433-fa3d-4ac8-a11d-6cb3ffd6a219,VARIANT,,true,,,,,,,,775,999,,IN_STOCK,false,,,,,,,,,,Size,TEXT_CHOICES,Medium,,,,,,,,,,,,,,,,,,,,,,,,,,,,,,,,,,,,,,,,,,,,,,,,,,,,,,,,,,,,,,,,,
Product_75d7f433-fa3d-4ac8-a11d-6cb3ffd6a219,VARIANT,,true,,,,,,,,925,1199,,IN_STOCK,false,,,,,,,,,,Size,TEXT_CHOICES,Large,,,,,,,,,,,,,,,,,,,,,,,,,,,,,,,,,,,,,,,,,,,,,,,,,,,,,,,,,,,,,,,,,
Product_75d7f433-fa3d-4ac8-a11d-6cb3ffd6a219,MEDIA,,,,,,ebf235_6b06c5d8f2e24bfe9975f1e8c676c56e~mv2.jpg,,,,,,,,,,,,,,,,,,,,,,,,,,,,,,,,,,,,,,,,,,,,,,,,,,,,,,,,,,,,,,,,,,,,,,,,,,,,,,,,,,,,,
Product_75d7f433-fa3d-4ac8-a11d-6cb3ffd6a219,MEDIA,,,,,,ebf235_85526c693afb41779f96a6c431ef61a7~mv2.jpg,,,,,,,,,,,,,,,,,,,,,,,,,,,,,,,,,,,,,,,,,,,,,,,,,,,,,,,,,,,,,,,,,,,,,,,,,,,,,,,,,,,,,
Product_75d7f433-fa3d-4ac8-a11d-6cb3ffd6a219,MEDIA,,,,,,ebf235_53ad5c6021064b62ae89a09127e9a2be~mv2.jpg,,,,,,,,,,,,,,,,,,,,,,,,,,,,,,,,,,,,,,,,,,,,,,,,,,,,,,,,,,,,,,,,,,,,,,,,,,,,,,,,,,,,,
Product_7479929b-23b4-449b-b3b6-ebe8fd550b78,PRODUCT,"Parla Fish -  𝗙𝗶𝗻𝗴𝗲𝗿 𝗖𝘂𝘁 (𝗚𝗿𝗼𝘀𝘀: 𝟲𝟬𝟬𝗴, 𝗡𝗲𝘁: 𝟯𝟱𝟬𝗴)",true,"<h2><span style=""font-weight: 700"">Fresh Parla fish </span>(Mahi-mahi /<span style=""font-weight: 700"">&nbsp;</span>Dolphin fish<span style=""font-weight: 700"">&nbsp;</span>/பர்லா மீன்)</h2><h3><span style=""font-weight: 700"">Product Overview</span></h3><ul><li><p><span style=""font-weight: 700"">Net Weight:</span>&nbsp;500g</p></li><li><p><span style=""font-weight: 700"">Gross Weight :</span>&nbsp;750g</p></li><li><p><span style=""font-weight: 700"">Protein: </span>19g – 21g</p></li><li><p><span style=""font-weight: 700"">Serving Size:</span>&nbsp;Finger cut Boneless(15-35 pcs) </p></li><li><p><span style=""font-weight: 700"">Preparation:</span>&nbsp;Freshly sourced, descaled, and thoroughly cleaned. Available as Whole Cleaned or Curry Cut pieces.</p></li><li><p><span style=""font-weight: 700"">Texture:</span>&nbsp;Soft, juicy, and moderately oily with a rich seafood flavor profile.</p></li></ul><p>Widely loved for its bold flavor, rich oil content, and tender meat, Parla Fish&nbsp;is a staple seafood favorite across South Indian coastal kitchens. Recognized for its silvery body and naturally flavorful flesh, this fish is especially popular in spicy curries and traditional fish fry preparations. Its juicy texture and rich taste make it highly satisfying, while its nutritional value makes it a wholesome choice for everyday seafood meals. Freshly sourced and hygienically cleaned, our Parla Fish is ready to bring authentic coastal flavor to your table.</p><h2><span style=""font-weight: 700"">Nutritional Profile (Per 100g)</span></h2><p>Parla Fish&nbsp;is a highly nutritious seafood choice rich in healthy fats, protein, and essential vitamins.</p><table><tr><td><p>Nutrient</p></td><td><p>Amount</p></td></tr><tr><td><p>Calories</p></td><td><p>140 – 180 kcal</p></td></tr><tr><td><p>Protein</p></td><td><p>19g – 21g</p></td></tr><tr><td><p>Total Fat</p></td><td><p>7g – 11g</p></td></tr><tr><td><p>Omega-3 Fatty Acids</p></td><td><p>High</p></td></tr><tr><td><p>Vitamin D</p></td><td><p>High</p></td></tr><tr><td><p>Vitamin B12</p></td><td><p>High</p></td></tr></table><h2><span style=""font-weight: 700"">Key Benefits</span></h2><h3>Rich in Omega-3</h3><p>Packed with heart-friendly Omega-3 fatty acids that help support cardiovascular and brain health.</p><h3>High-Quality Protein</h3><p>Provides excellent protein essential for muscle maintenance, body repair, and daily nutrition.</p><h3>Bone &amp; Immunity Support</h3><p>Naturally rich in Vitamin D, which helps strengthen bones and supports immune health.</p><h3>Energy &amp; Nerve Health</h3><p>Contains high levels of Vitamin B12 that contribute to healthy nerve function and energy production.</p><h3>Flavorful &amp; Filling</h3><p>Its naturally rich and oily texture makes it a deeply satisfying seafood option for wholesome meals.</p><h2><span style=""font-weight: 700"">Chef’s Tip</span></h2><p>Parla Fish&nbsp;is best enjoyed in spicy tamarind-based curries and crispy coastal-style fish fry. Its rich flesh absorbs masalas beautifully, especially marinades made with chili powder, turmeric, garlic, and black pepper. Shallow fry until golden and crisp for maximum flavor, or simmer gently in traditional fish kuzhambu for a deeply aromatic coastal meal.</p>",instant-buy;fishes,instant-buy,,,,,425,699,,IN_STOCK,false,,,,,,,,,,,,,,,,,,,,,,,,,,,,,,,,,,,,,,,,,,,,,,,,,,,,,,,,,,,,,,,,,,,,,,,,,,,,,
Product_7479929b-23b4-449b-b3b6-ebe8fd550b78,MEDIA,,,,,,ebf235_e9f760f14f90436582dc7c8ff9be6238~mv2.jpg,,,,,,,,,,,,,,,,,,,,,,,,,,,,,,,,,,,,,,,,,,,,,,,,,,,,,,,,,,,,,,,,,,,,,,,,,,,,,,,,,,,,,
Product_7479929b-23b4-449b-b3b6-ebe8fd550b78,MEDIA,,,,,,ebf235_635ed541410a41f3bed2a7309534146c~mv2.jpg,,,,,,,,,,,,,,,,,,,,,,,,,,,,,,,,,,,,,,,,,,,,,,,,,,,,,,,,,,,,,,,,,,,,,,,,,,,,,,,,,,,,,
Product_34b02967-5ae9-43e2-966b-48a3578e0929,PRODUCT,"Parla Fish - 𝗙𝗶𝗹𝗹𝗲𝘁(𝗚𝗿𝗼𝘀𝘀: 𝟴𝟬𝟬𝗴, 𝗡𝗲𝘁: 𝟰𝟱𝟬𝗴)",true,"<h2><span style=""font-weight: 700"">Fresh Parla fish </span>(Mahi-mahi /<span style=""font-weight: 700"">&nbsp;</span>Dolphin fish<span style=""font-weight: 700"">&nbsp;</span>/பர்லா மீன்)</h2><h3><span style=""font-weight: 700"">Product Overview</span></h3><ul><li><p><span style=""font-weight: 700"">Net Weight:</span>&nbsp;500g</p></li><li><p><span style=""font-weight: 700"">Gross Weight :</span>&nbsp;800g</p></li><li><p><span style=""font-weight: 700"">Protein: </span>19g – 21g</p></li><li><p><span style=""font-weight: 700"">Serving Size:</span>&nbsp;Fillet Boneless (6-10 pcs)</p></li><li><p><span style=""font-weight: 700"">Preparation:</span>&nbsp;Freshly sourced, descaled, and thoroughly cleaned. Available as Whole Cleaned or Curry Cut pieces.</p></li><li><p><span style=""font-weight: 700"">Texture:</span>&nbsp;Soft, juicy, and moderately oily with a rich seafood flavor profile.</p></li></ul><p>Widely loved for its bold flavor, rich oil content, and tender meat, Parla Fish&nbsp;is a staple seafood favorite across South Indian coastal kitchens. Recognized for its silvery body and naturally flavorful flesh, this fish is especially popular in spicy curries and traditional fish fry preparations. Its juicy texture and rich taste make it highly satisfying, while its nutritional value makes it a wholesome choice for everyday seafood meals. Freshly sourced and hygienically cleaned, our Parla Fish is ready to bring authentic coastal flavor to your table.</p><h2><span style=""font-weight: 700"">Nutritional Profile (Per 100g)</span></h2><p>Parla Fish&nbsp;is a highly nutritious seafood choice rich in healthy fats, protein, and essential vitamins.</p><table><tr><td><p>Nutrient</p></td><td><p>Amount</p></td></tr><tr><td><p>Calories</p></td><td><p>140 – 180 kcal</p></td></tr><tr><td><p>Protein</p></td><td><p>19g – 21g</p></td></tr><tr><td><p>Total Fat</p></td><td><p>7g – 11g</p></td></tr><tr><td><p>Omega-3 Fatty Acids</p></td><td><p>High</p></td></tr><tr><td><p>Vitamin D</p></td><td><p>High</p></td></tr><tr><td><p>Vitamin B12</p></td><td><p>High</p></td></tr></table><h2><span style=""font-weight: 700"">Key Benefits</span></h2><h3>Rich in Omega-3</h3><p>Packed with heart-friendly Omega-3 fatty acids that help support cardiovascular and brain health.</p><h3>High-Quality Protein</h3><p>Provides excellent protein essential for muscle maintenance, body repair, and daily nutrition.</p><h3>Bone &amp; Immunity Support</h3><p>Naturally rich in Vitamin D, which helps strengthen bones and supports immune health.</p><h3>Energy &amp; Nerve Health</h3><p>Contains high levels of Vitamin B12 that contribute to healthy nerve function and energy production.</p><h3>Flavorful &amp; Filling</h3><p>Its naturally rich and oily texture makes it a deeply satisfying seafood option for wholesome meals.</p><h2><span style=""font-weight: 700"">Chef’s Tip</span></h2><p>Parla Fish&nbsp;is best enjoyed in spicy tamarind-based curries and crispy coastal-style fish fry. Its rich flesh absorbs masalas beautifully, especially marinades made with chili powder, turmeric, garlic, and black pepper. Shallow fry until golden and crisp for maximum flavor, or simmer gently in traditional fish kuzhambu for a deeply aromatic coastal meal.</p>",instant-buy;boneless;fishes,instant-buy,,,,,600,899,,IN_STOCK,false,,,,,,,,,,,,,,,,,,,,,,,,,,,,,,,,,,,,,,,,,,,,,,,,,,,,,,,,,,,,,,,,,,,,,,,,,,,,,
Product_34b02967-5ae9-43e2-966b-48a3578e0929,MEDIA,,,,,,ebf235_292b55aa71754bc994c57307dfd650d4~mv2.jpg,,,,,,,,,,,,,,,,,,,,,,,,,,,,,,,,,,,,,,,,,,,,,,,,,,,,,,,,,,,,,,,,,,,,,,,,,,,,,,,,,,,,,
Product_34b02967-5ae9-43e2-966b-48a3578e0929,MEDIA,,,,,,ebf235_d28548a6d26c4b78a9677fe155326622~mv2.jpg,,,,,,,,,,,,,,,,,,,,,,,,,,,,,,,,,,,,,,,,,,,,,,,,,,,,,,,,,,,,,,,,,,,,,,,,,,,,,,,,,,,,,
Product_f529bef1-d4cc-4cc1-b6ff-527519ee3704,PRODUCT,"kanava / Squid-  𝗠𝗲𝗱𝗶𝘂𝗺 𝗥𝗶𝗻𝗴𝘀(𝗚𝗿𝗼𝘀𝘀: 𝟱𝟬𝟬𝗴, 𝗡𝗲𝘁: 𝟮𝟱𝟬𝗴)",true,"<h2><span style=""font-weight: 700"">Premium Fresh Squid (Calamari)</span></h2><h3><span style=""font-weight: 700"">Product Overview</span></h3><ul><li><p><span style=""font-weight: 700"">Net Weight:</span>&nbsp;250g</p></li><li><p><span style=""font-weight: 700"">Gross Weight:</span>&nbsp;500g</p></li><li><p><span style=""font-weight: 700"">Protein: </span>18g – 20g</p></li><li><p><span style=""font-weight: 700"">Serving Size:</span>&nbsp;Ideal for 2 to 3 people</p></li></ul><p>Delicately sweet, tender, and incredibly versatile, our fresh squid is a prized seafood choice sourced from clean coastal waters. Known for its soft texture and quick-cooking nature, squid transforms beautifully whether you grill, fry, sauté, or cook it in rich coastal curries.</p><h3><span style=""font-weight: 700"">Nutritional Profile (Per 100g)</span></h3><p>Squid is a protein-rich, low-fat seafood that fits perfectly into a balanced, nutritious diet.</p><table><tr><td><p>Nutrient</p></td><td><p>Amount</p></td></tr><tr><td><p>Calories</p></td><td><p>90 – 100 kcal</p></td></tr><tr><td><p>Protein</p></td><td><p>15g – 18g</p></td></tr><tr><td><p>Total Fat</p></td><td><p>1.5g</p></td></tr><tr><td><p>Omega-3 Fatty Acids</p></td><td><p>Moderate</p></td></tr><tr><td><p>Potassium</p></td><td><p>240 mg</p></td></tr><tr><td><p>Vitamin B12</p></td><td><p>100%+ of Daily Value</p></td></tr></table><h3><span style=""font-weight: 700"">Key Benefits</span></h3><p><span style=""font-weight: 700"">High-Quality Protein: </span>Provides essential amino acids that support muscle growth and overall body function.</p><p><span style=""font-weight: 700"">Rich in Vitamin B12:</span>Supports brain health, red blood cell formation, and energy metabolism.</p><p><span style=""font-weight: 700"">Heart-Friendly Choice :</span>Low in fat and contains beneficial omega-3 fatty acids that support cardiovascular health.</p><p><span style=""font-weight: 700"">Mineral-Rich: </span>Contains important nutrients like potassium, phosphorus, and selenium for overall wellness.</p><h3><span style=""font-weight: 700"">Chef’s Tip</span></h3><p>Squid cooks very quickly—either <span style=""font-weight: 700"">flash-cook it for 2–3 minutes</span>&nbsp;for a tender bite or slow-cook it in a curry for a rich, soft texture.</p>",squid;high-protien;instant-buy,instant-buy,,,Sale,,325,449,,IN_STOCK,false,,,,,,,,,,,,,,,,,,,,,,,,,,,,,,,,,,,,,,,,,,,,,,,,,,,,,,,,,,,,,,,,,,,,,,,,,,,,,
Product_f529bef1-d4cc-4cc1-b6ff-527519ee3704,MEDIA,,,,,,ebf235_83fb2f15272a4b649056bc31de3522b0~mv2.jpg,,,,,,,,,,,,,,,,,,,,,,,,,,,,,,,,,,,,,,,,,,,,,,,,,,,,,,,,,,,,,,,,,,,,,,,,,,,,,,,,,,,,,
Product_f529bef1-d4cc-4cc1-b6ff-527519ee3704,MEDIA,,,,,,ebf235_d7b144200f814de2a6fbcc56ab5fe89f~mv2.jpg,,,,,,,,,,,,,,,,,,,,,,,,,,,,,,,,,,,,,,,,,,,,,,,,,,,,,,,,,,,,,,,,,,,,,,,,,,,,,,,,,,,,,
Product_ee3edc28-bb06-4090-af97-e6c6075cd96d,PRODUCT,"Kaala / Indian Salmon - (𝗚𝗿𝗼𝘀𝘀: 𝟳𝟬𝟬𝗴, 𝗡𝗲𝘁: 𝟱𝟬𝟬𝗴)",true,"<h2><span style=""font-weight: 700"">Fresh Indian Salmon </span>(Kaala/ Four-Finger Threadfin /<span style=""font-weight: 700"">&nbsp;</span>காலா மீன்)</h2><h3><span style=""font-weight: 700"">Product Overview</span></h3><ul><li><p><span style=""font-weight: 700; color: rgb(31, 31, 31); background-color: rgba(0, 0, 0, 0)"">Net Weight:</span><span style=""background-color: rgba(0, 0, 0, 0); color: rgb(31, 31, 31)""> 500g</span></p></li><li><p><span style=""font-weight: 700; color: rgb(31, 31, 31); background-color: rgba(0, 0, 0, 0)"">Gross Weight :</span><span style=""background-color: rgba(0, 0, 0, 0); color: rgb(31, 31, 31)""> 700g</span></p></li><li><p><span style=""font-weight: 700; color: rgb(31, 31, 31); background-color: rgba(0, 0, 0, 0)"">Protein:</span><span style=""background-color: rgba(0, 0, 0, 0); color: rgb(31, 31, 31)""> 19g – 22g</span></p></li><li><p><span style=""font-weight: 700; color: rgb(31, 31, 31); background-color: rgba(0, 0, 0, 0)"">Serving Size:</span><span style=""background-color: rgba(0, 0, 0, 0); color: rgb(31, 31, 31)""> </span>Medium Slices (6-10 pcs)</p></li><li><p><span style=""font-weight: 700; color: rgb(31, 31, 31); background-color: rgba(0, 0, 0, 0)"">Preparation:</span><span style=""background-color: rgba(0, 0, 0, 0); color: rgb(31, 31, 31)""> Freshly caught, descaled, gilled, and gutted. .</span></p></li><li><p><span style=""font-weight: 700; color: rgb(31, 31, 31); background-color: rgba(0, 0, 0, 0)"">Flavor Profile:</span><span style=""background-color: rgba(0, 0, 0, 0); color: rgb(31, 31, 31)""> Mild, subtly sweet, and buttery with a firm, large-flaked texture.</span></p></li></ul><p><span style=""background-color: rgba(0, 0, 0, 0); color: rgb(31, 31, 31)"">A prized delicacy across premium seafood markets in India, our Indian Salmon (Rawas) is sourced fresh from the morning landings. Celebrated for its elegant, non-fishy flavor profile and succulent flesh, it serves as the ultimate choice for a classic continental pan-sear, a rich tawa fry, or a velvety coastal coconut curry.</span></p><h3><span style=""font-weight: 700"">Nutritional Profile (Per 100g)</span></h3><p><span style=""background-color: rgba(0, 0, 0, 0); color: rgb(31, 31, 31)"">Indian Salmon is an exceptional source of high-quality lean protein, healthy fats, and vital minerals.</span></p><table><tr><td><p><span style=""font-weight: 700; color: rgb(31, 31, 31); background-color: rgba(0, 0, 0, 0)"">Nutrient</span></p></td><td><p><span style=""font-weight: 700; color: rgb(31, 31, 31); background-color: rgba(0, 0, 0, 0)"">Amount</span></p></td></tr><tr><td><p><span style=""font-weight: 700; color: rgb(31, 31, 31); background-color: rgba(0, 0, 0, 0)"">Calories</span></p></td><td><p><span style=""background-color: rgba(0, 0, 0, 0); color: rgb(31, 31, 31)"">160 - 180 kcal</span></p></td></tr><tr><td><p><span style=""font-weight: 700; color: rgb(31, 31, 31); background-color: rgba(0, 0, 0, 0)"">Protein</span></p></td><td><p><span style=""background-color: rgba(0, 0, 0, 0); color: rgb(31, 31, 31)"">19g - 22g</span></p></td></tr><tr><td><p><span style=""font-weight: 700; color: rgb(31, 31, 31); background-color: rgba(0, 0, 0, 0)"">Total Fat</span></p></td><td><p><span style=""background-color: rgba(0, 0, 0, 0); color: rgb(31, 31, 31)"">7g - 9g (Healthy Fats)</span></p></td></tr><tr><td><p><span style=""font-weight: 700; color: rgb(31, 31, 31); background-color: rgba(0, 0, 0, 0)"">Omega-3 Fatty Acids</span></p></td><td><p><span style=""background-color: rgba(0, 0, 0, 0); color: rgb(31, 31, 31)"">High</span></p></td></tr><tr><td><p><span style=""font-weight: 700; color: rgb(31, 31, 31); background-color: rgba(0, 0, 0, 0)"">Vitamin D</span></p></td><td><p><span style=""background-color: rgba(0, 0, 0, 0); color: rgb(31, 31, 31)"">60% of Daily Value</span></p></td></tr><tr><td><p><span style=""font-weight: 700; color: rgb(31, 31, 31); background-color: rgba(0, 0, 0, 0)"">Vitamin B12</span></p></td><td><p><span style=""background-color: rgba(0, 0, 0, 0); color: rgb(31, 31, 31)"">150% of Daily Value</span></p></td></tr></table><h3><span style=""font-weight: 700"">Key Benefits</span></h3><ul><li><p><span style=""font-weight: 700; color: rgb(31, 31, 31); background-color: rgba(0, 0, 0, 0)"">Omega-3 Rich</span><span style=""background-color: rgba(0, 0, 0, 0); color: rgb(31, 31, 31)"">: Packed with essential fatty acids that support optimal brain function and cardiovascular health.</span></p></li><li><p><span style=""font-weight: 700; color: rgb(31, 31, 31); background-color: rgba(0, 0, 0, 0)"">Bone &amp; Immune Support:</span><span style=""background-color: rgba(0, 0, 0, 0); color: rgb(31, 31, 31)""> A fantastic natural source of Vitamin D, which aids calcium absorption for stronger bones and a robust immune response.</span></p></li><li><p><span style=""font-weight: 700; color: rgb(31, 31, 31); background-color: rgba(0, 0, 0, 0)"">Metabolism Boost:</span><span style=""background-color: rgba(0, 0, 0, 0); color: rgb(31, 31, 31)""> Rich in Vitamin B12 and Vitamin B6 to assist in healthy red blood cell formation and efficient energy metabolism.</span></p></li><li><p><span style=""font-weight: 700; color: rgb(31, 31, 31); background-color: rgba(0, 0, 0, 0)"">Lean Protein:</span><span style=""background-color: rgba(0, 0, 0, 0); color: rgb(31, 31, 31)""> Provides a highly bioavailable, complete protein profile necessary for cellular repair and muscle tissue maintenance.</span></p></li></ul><h3><span style=""font-weight: 700"">Chef's tip:</span></h3><p><span style=""background-color: rgba(0, 0, 0, 0); color: rgb(31, 31, 31)"">Indian Salmon has a beautiful structural flake that absorbs marinades cleanly. Keep it simple—coat with lemon juice, cracked black pepper, sea salt, and a touch of garlic butter, then pan-sear skin-side down first to lock in the natural juices!</span></p>",fishes,fishes,,,,,,,,,,,,,,,,,,,Size,TEXT_CHOICES,Medium;Large,Cutting style:,TEXT_CHOICES,Slices;Fillet,Weight,TEXT_CHOICES,0.5 Kg,,,,,,,,,,,,,,,,,,,,,,,,,,,,,,,,,,,,,,,,,,,,,,,,,,,,,,,,,,,
Product_ee3edc28-bb06-4090-af97-e6c6075cd96d,VARIANT,,true,,,,,,,,700,1077,,IN_STOCK,false,,,,,,,,,,Size,TEXT_CHOICES,Medium,Cutting style:,TEXT_CHOICES,Slices,Weight,TEXT_CHOICES,0.5 Kg,,,,,,,,,,,,,,,,,,,,,,,,,,,,,,,,,,,,,,,,,,,,,,,,,,,,,,,,,,,
Product_ee3edc28-bb06-4090-af97-e6c6075cd96d,VARIANT,,false,,,,,,,,650,1000,,IN_STOCK,false,,,,,,,,,,Size,TEXT_CHOICES,Medium,Cutting style:,TEXT_CHOICES,Fillet,Weight,TEXT_CHOICES,0.5 Kg,,,,,,,,,,,,,,,,,,,,,,,,,,,,,,,,,,,,,,,,,,,,,,,,,,,,,,,,,,,
Product_ee3edc28-bb06-4090-af97-e6c6075cd96d,VARIANT,,true,,,,,,,,750,1154,,IN_STOCK,false,,,,,,,,,,Size,TEXT_CHOICES,Large,Cutting style:,TEXT_CHOICES,Slices,Weight,TEXT_CHOICES,0.5 Kg,,,,,,,,,,,,,,,,,,,,,,,,,,,,,,,,,,,,,,,,,,,,,,,,,,,,,,,,,,,
Product_ee3edc28-bb06-4090-af97-e6c6075cd96d,VARIANT,,true,,,,,,,,650,1000,,IN_STOCK,false,,,,,,,,,,Size,TEXT_CHOICES,Large,Cutting style:,TEXT_CHOICES,Fillet,Weight,TEXT_CHOICES,0.5 Kg,,,,,,,,,,,,,,,,,,,,,,,,,,,,,,,,,,,,,,,,,,,,,,,,,,,,,,,,,,,
Product_ee3edc28-bb06-4090-af97-e6c6075cd96d,MEDIA,,,,,,ebf235_36f22a74482a4c8facaa69158a089efb~mv2.jpg,,,,,,,,,,,,,,,,,,,,,,,,,,,,,,,,,,,,,,,,,,,,,,,,,,,,,,,,,,,,,,,,,,,,,,,,,,,,,,,,,,,,,
Product_ee3edc28-bb06-4090-af97-e6c6075cd96d,MEDIA,,,,,,ebf235_ef56ed4daaa74beaae3b3ee88a81b0f1~mv2.jpg,,,,,,,,,,,,,,,,,,,,,,,,,,,,,,,,,,,,,,,,,,,,,,,,,,,,,,,,,,,,,,,,,,,,,,,,,,,,,,,,,,,,,
Product_ee3edc28-bb06-4090-af97-e6c6075cd96d,MEDIA,,,,,,ebf235_f24cb6bf30004f918bcf39b2b8ef5078~mv2.jpg,,,,,,,,,,,,,,,,,,,,,,,,,,,,,,,,,,,,,,,,,,,,,,,,,,,,,,,,,,,,,,,,,,,,,,,,,,,,,,,,,,,,,
Product_32259007-0004-4c35-9ab2-09be1794b1bd,PRODUCT,"Koduva Fish / Barramundi - Fillet(𝗚𝗿𝗼𝘀𝘀: 𝟳𝟱𝟬𝗴, 𝗡𝗲𝘁: 𝟯𝟱𝟬𝗴)",true,"<h2><span style=""font-weight: 700"">Premium Koduva Fish </span>(Sea Bass / Barramundi / கொடுவா)</h2><h3><span style=""font-weight: 700"">Product Overview</span></h3><ul><li><p><span style=""font-weight: 700"">Net Weight:</span>&nbsp;300g</p></li><li><p><span style=""font-weight: 700"">Gross Weight :</span>&nbsp;750g</p></li><li><p><span style=""font-weight: 700"">Protein: </span>19g – 20g</p></li><li><p><span style=""font-weight: 700"">Serving Size:</span>&nbsp;Fillet Boneless (N: 350 - 450g, G: 750)</p></li><li><p><span style=""font-weight: 700"">Preparation:</span>&nbsp;Freshly caught,&nbsp;cleaned,&nbsp;and descaled.&nbsp;Usually served as whole fish with deep lateral ""fry cuts"" to allow spices to penetrate the firm flesh.</p></li><li><p><span style=""font-weight: 700"">Texture:</span>&nbsp;Firm and moist with large, tender flakes and a mild, sophisticated sweetness.</p></li></ul><p>Widely regarded as one of the most prestigious catches in coastal waters, <span style=""font-weight: 700"">Koduva (Sea Bass)</span>&nbsp;is famous for its large, pearly white flakes and clean, buttery flavor. It is a favorite in both high-end dining and traditional households due to its versatility and minimal pin-bones. Freshly sourced and expertly prepped, our Koduva delivers a succulent, meaty experience that satisfies both the palate and the soul.</p><h3><span style=""font-weight: 700"">Nutritional Profile (Per 100g)</span></h3><p>Koduva is an excellent source of lean protein and vital minerals, making it a powerhouse of nutrition.</p><table><tr><td><p><span style=""font-weight: 700"">Nutrient</span></p></td><td><p><span style=""font-weight: 700"">Amount</span></p></td></tr><tr><td><p><span style=""font-weight: 700"">Calories</span></p></td><td><p>95 – 125 kcal</p></td></tr><tr><td><p><span style=""font-weight: 700"">Protein</span></p></td><td><p>19g – 20g</p></td></tr><tr><td><p><span style=""font-weight: 700"">Total Fat</span></p></td><td><p>2g – 4.5g</p></td></tr><tr><td><p><span style=""font-weight: 700"">Omega-3 Fatty Acids</span></p></td><td><p>Very High</p></td></tr><tr><td><p><span style=""font-weight: 700"">Zinc</span></p></td><td><p>High</p></td></tr><tr><td><p><span style=""font-weight: 700"">Vitamin A</span></p></td><td><p>Moderate</p></td></tr></table><h3><span style=""font-weight: 700"">Key Benefits</span></h3><ul><li><p><span style=""font-weight: 700"">Rich in Heart-Healthy Fats:</span>&nbsp;Contains high concentrations of Omega-3 fatty acids, which are essential for reducing inflammation and supporting heart health.</p></li><li><p><span style=""font-weight: 700"">High Protein, Low Calorie:</span>&nbsp;One of the best options for muscle maintenance and weight management without excess calories.</p></li><li><p><span style=""font-weight: 700"">Immune System Boost:</span>&nbsp;Packed with Zinc and essential minerals that help strengthen the body’s natural defenses.</p></li><li><p><span style=""font-weight: 700"">Vision &amp; Skin Support:</span>&nbsp;Contains Vitamin A and healthy fats that contribute to better eyesight and vibrant skin health.</p></li></ul><h3><span style=""font-weight: 700"">Chef’s Tip</span></h3><p>Koduva is a ""forgiving"" fish that stays moist even under high heat. It is spectacular when <span style=""font-weight: 700"">Pan-Seared</span>&nbsp;with a butter-lemon-garlic glaze or cooked in a traditional <span style=""font-weight: 700"">Koduva Meen Kuzhambu</span>&nbsp;(spicy tamarind curry). For a special occasion, try steaming it with ginger and scallions to fully appreciate its natural, buttery sweetness.</p>",boneless;fishes;instant-buy,instant-buy,,,,,750,999,,IN_STOCK,false,,,,,,,,,,,,,,,,,,,,,,,,,,,,,,,,,,,,,,,,,,,,,,,,,,,,,,,,,,,,,,,,,,,,,,,,,,,,,
Product_32259007-0004-4c35-9ab2-09be1794b1bd,MEDIA,,,,,,ebf235_5745c58ae503455ab32ec3c689aa1155~mv2.jpg,,,,,,,,,,,,,,,,,,,,,,,,,,,,,,,,,,,,,,,,,,,,,,,,,,,,,,,,,,,,,,,,,,,,,,,,,,,,,,,,,,,,,
Product_32259007-0004-4c35-9ab2-09be1794b1bd,MEDIA,,,,,,ebf235_3cd4b711b05a430fb1122d3b78056864~mv2.jpg,,,,,,,,,,,,,,,,,,,,,,,,,,,,,,,,,,,,,,,,,,,,,,,,,,,,,,,,,,,,,,,,,,,,,,,,,,,,,,,,,,,,,
Product_1da05abb-9aba-4c21-8557-93c71d7748a2,PRODUCT,"Tuna / Soorai - (𝗚𝗿𝗼𝘀𝘀: 𝟳𝟱𝟬𝗴, 𝗡𝗲𝘁: 𝟱𝟬𝟬𝗴)",true,"<h2><span style=""font-weight: 700"">Premium Tuna </span>(Soorai / சூரை மீன்)</h2><h3><span style=""font-weight: 700"">Product Overview</span></h3><ul><li><p><span style=""font-weight: 700; color: rgb(31, 31, 31); background-color: rgba(0, 0, 0, 0)"">Net Weight</span><span style=""background-color: rgba(0, 0, 0, 0); color: rgb(31, 31, 31)"">: 500g</span></p></li><li><p><span style=""font-weight: 700; color: rgb(31, 31, 31); background-color: rgba(0, 0, 0, 0)"">Gross Weight</span><span style=""background-color: rgba(0, 0, 0, 0); color: rgb(31, 31, 31)""> : 750g - 800g</span></p></li><li><p><span style=""font-weight: 700; color: rgb(31, 31, 31); background-color: rgba(0, 0, 0, 0)"">Protein:</span><span style=""background-color: rgba(0, 0, 0, 0); color: rgb(31, 31, 31)""> 22g – 25g</span></p></li><li><p><span style=""font-weight: 700; color: rgb(31, 31, 31); background-color: rgba(0, 0, 0, 0)"">Serving Size</span><span style=""background-color: rgba(0, 0, 0, 0); color: rgb(31, 31, 31)"">: Slices - (5-10 Pieces) | Cubes - (10-25 Pieces) | Cubes Boneless - (12-25 Pieces) | Fillet Boneless - (1-2 pcs)</span></p></li><li><p><span style=""font-weight: 700; color: rgb(31, 31, 31); background-color: rgba(0, 0, 0, 0)"">Preparation</span><span style=""background-color: rgba(0, 0, 0, 0); color: rgb(31, 31, 31)"">: Freshly caught, expertly filleted, or cut into clean steaks and cubes. Bloodlines are cleanly trimmed to ensure a premium, ready-to-cook experience.</span></p></li><li><p><span style=""font-weight: 700; color: rgb(31, 31, 31); background-color: rgba(0, 0, 0, 0)"">Flavor Profile</span><span style=""background-color: rgba(0, 0, 0, 0); color: rgb(31, 31, 31)"">: Deep, robust, and meaty with a firm, steak-like texture.</span></p></li></ul><p><span style=""background-color: rgba(0, 0, 0, 0); color: rgb(31, 31, 31)"">A favorite among fitness enthusiasts and lovers of hearty seafood, our Indian Tuna is sourced fresh from the deep coastal waters. Known for its solid, lean texture and rich flavor, it is the absolute perfect candidate for a fiery southern tawa fry, a slow-simmered spicy Tamil Nadu style Soorai Meen Kuzhambu, or a seasoned grilled steak.</span></p><h3><span style=""font-weight: 700"">Nutritional Profile (Per 100g)</span></h3><p><span style=""background-color: rgba(0, 0, 0, 0); color: rgb(31, 31, 31)"">Indian Tuna is an incredible powerhouse of pure lean protein, essential minerals, and vital energy-boosting vitamins.</span></p><table><tr><td><p><span style=""font-weight: 700; color: rgb(31, 31, 31); background-color: rgba(0, 0, 0, 0)"">Nutrient</span></p></td><td><p><span style=""font-weight: 700; color: rgb(31, 31, 31); background-color: rgba(0, 0, 0, 0)"">Amount</span></p></td></tr><tr><td><p><span style=""background-color: rgba(0, 0, 0, 0); color: rgb(31, 31, 31)"">Calories</span></p></td><td><p><span style=""background-color: rgba(0, 0, 0, 0); color: rgb(31, 31, 31)"">120 - 140 kcal</span></p></td></tr><tr><td><p><span style=""background-color: rgba(0, 0, 0, 0); color: rgb(31, 31, 31)"">Protein</span></p></td><td><p><span style=""background-color: rgba(0, 0, 0, 0); color: rgb(31, 31, 31)"">22g - 25g</span></p></td></tr><tr><td><p><span style=""background-color: rgba(0, 0, 0, 0); color: rgb(31, 31, 31)"">Total Fat</span></p></td><td><p><span style=""background-color: rgba(0, 0, 0, 0); color: rgb(31, 31, 31)"">2g - 4g</span></p></td></tr><tr><td><p><span style=""background-color: rgba(0, 0, 0, 0); color: rgb(31, 31, 31)"">Omega-3 Fatty Acids</span></p></td><td><p><span style=""background-color: rgba(0, 0, 0, 0); color: rgb(31, 31, 31)"">0.2g - 0.3g</span></p></td></tr><tr><td><p><span style=""background-color: rgba(0, 0, 0, 0); color: rgb(31, 31, 31)"">Vitamin D</span></p></td><td><p><span style=""background-color: rgba(0, 0, 0, 0); color: rgb(31, 31, 31)"">40% of Daily Value</span></p></td></tr><tr><td><p><span style=""background-color: rgba(0, 0, 0, 0); color: rgb(31, 31, 31)"">Vitamin B12</span></p></td><td><p><span style=""background-color: rgba(0, 0, 0, 0); color: rgb(31, 31, 31)"">180% of Daily Value</span></p></td></tr></table><h3><span style=""font-weight: 700"">Key Benefits</span></h3><ul><li><p><span style=""font-weight: 700; color: rgb(31, 31, 31); background-color: rgba(0, 0, 0, 0)"">Lean Protein Powerhouse:</span><span style=""background-color: rgba(0, 0, 0, 0); color: rgb(31, 31, 31)""> Exceptionally high in pure, top-quality protein, making it perfect for muscle growth, repair, and fitness tracking.</span></p></li><li><p><span style=""font-weight: 700; color: rgb(31, 31, 31); background-color: rgba(0, 0, 0, 0)"">Heart &amp; Brain Health</span><span style=""background-color: rgba(0, 0, 0, 0); color: rgb(31, 31, 31)"">: Contains natural Omega-3 fatty acids that contribute to smooth cardiovascular functions and cognitive wellness.</span></p></li><li><p><span style=""font-weight: 700; color: rgb(31, 31, 31); background-color: rgba(0, 0, 0, 0)"">Metabolism &amp; Energy:</span><span style=""background-color: rgba(0, 0, 0, 0); color: rgb(31, 31, 31)""> Packed with high amounts of Vitamin B12 and Vitamin B6 to fight fatigue, boost metabolism, and keep your nervous system sharp.</span></p></li><li><p><span style=""font-weight: 700; color: rgb(31, 31, 31); background-color: rgba(0, 0, 0, 0)"">Mineral Rich: </span><span style=""background-color: rgba(0, 0, 0, 0); color: rgb(31, 31, 31)"">Naturally loaded with Selenium and Iron, which shield your immune cells and enhance overall blood circulation.</span></p></li></ul><h3><span style=""font-weight: 700"">Chef's Tip:</span></h3><p><span style=""background-color: rgba(0, 0, 0, 0); color: rgb(31, 31, 31)"">Because Tuna is incredibly lean, it cooks very quickly! To keep the steaks or cubes perfectly juicy, avoid overcooking them. Marinate with a splash of lemon juice, red chili powder, ginger-garlic paste, and a touch of fennel powder, then flash-fry or grill on high heat for just a few minutes on each side.</span></p>",fishes,fishes,,,,,,,,,,,,,,,,,,,Cutting style:,TEXT_CHOICES,Slices;Cubes;Cubes Boneless;Fillet Boneless,Weight,TEXT_CHOICES,0.5 Kg,,,,,,,,,,,,,,,,,,,,,,,,,,,,,,,,,,,,,,,,,,,,,,,,,,,,,,,,,,,,,,
Product_1da05abb-9aba-4c21-8557-93c71d7748a2,VARIANT,,true,,,,,,,,200,499,,IN_STOCK,false,,,,,,,,,,Cutting style:,TEXT_CHOICES,Slices,Weight,TEXT_CHOICES,0.5 Kg,,,,,,,,,,,,,,,,,,,,,,,,,,,,,,,,,,,,,,,,,,,,,,,,,,,,,,,,,,,,,,
Product_1da05abb-9aba-4c21-8557-93c71d7748a2,VARIANT,,true,,,,,,,,200,499,,IN_STOCK,false,,,,,,,,,,Cutting style:,TEXT_CHOICES,Cubes,Weight,TEXT_CHOICES,0.5 Kg,,,,,,,,,,,,,,,,,,,,,,,,,,,,,,,,,,,,,,,,,,,,,,,,,,,,,,,,,,,,,,
Product_1da05abb-9aba-4c21-8557-93c71d7748a2,VARIANT,,true,,,,,,,,300,599,,IN_STOCK,false,,,,,,,,,,Cutting style:,TEXT_CHOICES,Cubes Boneless,Weight,TEXT_CHOICES,0.5 Kg,,,,,,,,,,,,,,,,,,,,,,,,,,,,,,,,,,,,,,,,,,,,,,,,,,,,,,,,,,,,,,
Product_1da05abb-9aba-4c21-8557-93c71d7748a2,VARIANT,,true,,,,,,,,300,599,,IN_STOCK,false,,,,,,,,,,Cutting style:,TEXT_CHOICES,Fillet Boneless,Weight,TEXT_CHOICES,0.5 Kg,,,,,,,,,,,,,,,,,,,,,,,,,,,,,,,,,,,,,,,,,,,,,,,,,,,,,,,,,,,,,,
Product_1da05abb-9aba-4c21-8557-93c71d7748a2,MEDIA,,,,,,ebf235_b4348d3bc695458f80ddd03133fd374a~mv2.jpg,,,,,,,,,,,,,,,,,,,,,,,,,,,,,,,,,,,,,,,,,,,,,,,,,,,,,,,,,,,,,,,,,,,,,,,,,,,,,,,,,,,,,
Product_1da05abb-9aba-4c21-8557-93c71d7748a2,MEDIA,,,,,,ebf235_8af39cab6ba04949a24287a3130c9667~mv2.jpg,,,,,,,,,,,,,,,,,,,,,,,,,,,,,,,,,,,,,,,,,,,,,,,,,,,,,,,,,,,,,,,,,,,,,,,,,,,,,,,,,,,,,
Product_1da05abb-9aba-4c21-8557-93c71d7748a2,MEDIA,,,,,,ebf235_d88d1174d9584d69ab4de3f5ed4e1cd4~mv2.jpg,,,,,,,,,,,,,,,,,,,,,,,,,,,,,,,,,,,,,,,,,,,,,,,,,,,,,,,,,,,,,,,,,,,,,,,,,,,,,,,,,,,,,
Product_a062a882-8560-4815-b9cf-70e6d2244257,PRODUCT,"Vanjaram / Seer Fish   - Slice Half ring(𝗚𝗿𝗼𝘀𝘀: 𝟯𝟬𝟬𝗴, 𝗡𝗲𝘁: 𝟭𝟱𝟬𝗴)",true,"<h2><span style=""font-weight: 700"">Premium Vanjaram</span>&nbsp;(Seer Fish / King Fish /Nei Meen / வஞ்சரம்)</h2><h3><span style=""font-weight: 700"">Product Overview</span></h3><ul><li><p><span style=""font-weight: 700"">Net Weight:</span>&nbsp;500g</p></li><li><p><span style=""font-weight: 700"">Gross Weight :</span>&nbsp;750g</p></li><li><p><span style=""font-weight: 700"">Protein: </span>20g – 21g</p></li><li><p><span style=""font-weight: 700"">Serving Size: </span>&nbsp;<span style=""font-weight: 700"">Large</span>&nbsp;Slices Half ring ( 2-3 Pieces )</p></li><li><p><span style=""font-weight: 700"">Preparation:</span>&nbsp;Freshly sourced, cleaned, and sliced into perfect <span style=""font-weight: 700"">Center-Cut Steaks</span>&nbsp;or <span style=""font-weight: 700"">Boneless Fillets</span>.</p></li><li><p><span style=""font-weight: 700"">Texture:</span>&nbsp;Firm, dense, and oily in a way that provides a rich, buttery mouthfeel. It features a single central bone, making it easy to eat.</p></li></ul><p>Widely celebrated as the ""Pride of the South,"" <span style=""font-weight: 700"">Seer Fish (Vanjaram)</span>&nbsp;is perhaps the most sought-after fish in the seafood market. Known for its distinct flavor, lack of small bones, and large, meaty steaks, it is a true delicacy. Our Seer Fish is freshly sourced from the deep sea to ensure you get the firmest texture and the richest taste available.</p><h3><span style=""font-weight: 700"">Nutritional Profile (Per 100g)</span></h3><p>Seer Fish is a nutritional powerhouse, especially famous for its high healthy fat content.</p><table><tr><td><p><span style=""font-weight: 700"">Nutrient</span></p></td><td><p><span style=""font-weight: 700"">Amount</span></p></td></tr><tr><td><p><span style=""font-weight: 700"">Calories</span></p></td><td><p>120 – 150 kcal</p></td></tr><tr><td><p><span style=""font-weight: 700"">Protein</span></p></td><td><p>20g – 21g</p></td></tr><tr><td><p><span style=""font-weight: 700"">Total Fat</span></p></td><td><p>4g – 6g</p></td></tr><tr><td><p><span style=""font-weight: 700"">Omega-3 Fatty Acids</span></p></td><td><p>Very High</p></td></tr><tr><td><p><span style=""font-weight: 700"">Vitamin B12</span></p></td><td><p>High</p></td></tr><tr><td><p><span style=""font-weight: 700"">Selenium &amp; Iodine</span></p></td><td><p>High</p></td></tr></table><h3><span style=""font-weight: 700"">Key Benefits</span></h3><ul><li><p><span style=""font-weight: 700"">Ultimate Heart Health:</span>&nbsp;Loaded with Omega-3 fatty acids that significantly contribute to heart health and help reduce inflammation.</p></li><li><p><span style=""font-weight: 700"">High-Performance Protein:</span>&nbsp;One of the best sources of lean protein for muscle growth and tissue repair.</p></li><li><p><span style=""font-weight: 700"">Immune &amp; Thyroid Support:</span>&nbsp;Rich in selenium and iodine, which are crucial for a healthy metabolism and a strong immune system.</p></li><li><p><span style=""font-weight: 700"">Brain Booster:</span>&nbsp;The healthy fats and B-vitamins in Seer fish are essential for maintaining sharp cognitive function and mental clarity.</p></li></ul><h3><span style=""font-weight: 700"">Chef’s Tip</span></h3><p>The classic way to enjoy <span style=""font-weight: 700"">Seer Fish</span>&nbsp;is the iconic <span style=""font-weight: 700"">Vanjaram Meen Varuval</span>&nbsp;(Tawa Fry)—marinate the steaks in a spicy ginger-garlic masala and shallow fry until golden brown. For a healthier option, it is also incredible when <span style=""font-weight: 700"">Steam-cooked</span>&nbsp;or added to a <span style=""font-weight: 700"">tangy Tamarind-based Curry</span>.</p>",high-protien,high-protien,,,,,275,399,,IN_STOCK,false,,,,,,,,,,,,,,,,,,,,,,,,,,,,,,,,,,,,,,,,,,,,,,,,,,,,,,,,,,,,,,,,,,,,,,,,,,,,,
Product_a062a882-8560-4815-b9cf-70e6d2244257,MEDIA,,,,,,ebf235_189f66d651494227bec3b97492dc8ff3~mv2.jpg,,,,,,,,,,,,,,,,,,,,,,,,,,,,,,,,,,,,,,,,,,,,,,,,,,,,,,,,,,,,,,,,,,,,,,,,,,,,,,,,,,,,,
Product_a062a882-8560-4815-b9cf-70e6d2244257,MEDIA,,,,,,ebf235_baeda4bf90974a4a84da09bc112b80d0~mv2.jpg,,,,,,,,,,,,,,,,,,,,,,,,,,,,,,,,,,,,,,,,,,,,,,,,,,,,,,,,,,,,,,,,,,,,,,,,,,,,,,,,,,,,,
Product_1dc1ae5b-fb32-451f-a438-b265fe1abf7b,PRODUCT,"Vanjaram / Seer Fish   - Slice Full ring(𝗚𝗿𝗼𝘀𝘀: 𝟯𝟬𝟬𝗴, 𝗡𝗲𝘁: 𝟭𝟱𝟬𝗴)",true,"<h2><span style=""font-weight: 700"">Premium Vanjaram</span>&nbsp;(Seer Fish / King Fish /Nei Meen / வஞ்சரம்)</h2><h3><span style=""font-weight: 700"">Product Overview</span></h3><ul><li><p><span style=""font-weight: 700"">Net Weight:</span>&nbsp;500g</p></li><li><p><span style=""font-weight: 700"">Gross Weight :</span>&nbsp;750g</p></li><li><p><span style=""font-weight: 700"">Protein: </span>20g – 21g</p></li><li><p><span style=""font-weight: 700"">Serving Size: </span>&nbsp;<span style=""font-weight: 700"">Large</span>&nbsp;Slices Full ring ( 1-2 Pieces )</p></li><li><p><span style=""font-weight: 700"">Preparation:</span>&nbsp;Freshly sourced, cleaned, and sliced into perfect <span style=""font-weight: 700"">Center-Cut Steaks</span>&nbsp;or <span style=""font-weight: 700"">Boneless Fillets</span>.</p></li><li><p><span style=""font-weight: 700"">Texture:</span>&nbsp;Firm, dense, and oily in a way that provides a rich, buttery mouthfeel. It features a single central bone, making it easy to eat.</p></li></ul><p>Widely celebrated as the ""Pride of the South,"" <span style=""font-weight: 700"">Seer Fish (Vanjaram)</span>&nbsp;is perhaps the most sought-after fish in the seafood market. Known for its distinct flavor, lack of small bones, and large, meaty steaks, it is a true delicacy. Our Seer Fish is freshly sourced from the deep sea to ensure you get the firmest texture and the richest taste available.</p><h3><span style=""font-weight: 700"">Nutritional Profile (Per 100g)</span></h3><p>Seer Fish is a nutritional powerhouse, especially famous for its high healthy fat content.</p><table><tr><td><p><span style=""font-weight: 700"">Nutrient</span></p></td><td><p><span style=""font-weight: 700"">Amount</span></p></td></tr><tr><td><p><span style=""font-weight: 700"">Calories</span></p></td><td><p>120 – 150 kcal</p></td></tr><tr><td><p><span style=""font-weight: 700"">Protein</span></p></td><td><p>20g – 21g</p></td></tr><tr><td><p><span style=""font-weight: 700"">Total Fat</span></p></td><td><p>4g – 6g</p></td></tr><tr><td><p><span style=""font-weight: 700"">Omega-3 Fatty Acids</span></p></td><td><p>Very High</p></td></tr><tr><td><p><span style=""font-weight: 700"">Vitamin B12</span></p></td><td><p>High</p></td></tr><tr><td><p><span style=""font-weight: 700"">Selenium &amp; Iodine</span></p></td><td><p>High</p></td></tr></table><h3><span style=""font-weight: 700"">Key Benefits</span></h3><ul><li><p><span style=""font-weight: 700"">Ultimate Heart Health:</span>&nbsp;Loaded with Omega-3 fatty acids that significantly contribute to heart health and help reduce inflammation.</p></li><li><p><span style=""font-weight: 700"">High-Performance Protein:</span>&nbsp;One of the best sources of lean protein for muscle growth and tissue repair.</p></li><li><p><span style=""font-weight: 700"">Immune &amp; Thyroid Support:</span>&nbsp;Rich in selenium and iodine, which are crucial for a healthy metabolism and a strong immune system.</p></li><li><p><span style=""font-weight: 700"">Brain Booster:</span>&nbsp;The healthy fats and B-vitamins in Seer fish are essential for maintaining sharp cognitive function and mental clarity.</p></li></ul><h3><span style=""font-weight: 700"">Chef’s Tip</span></h3><p>The classic way to enjoy <span style=""font-weight: 700"">Seer Fish</span>&nbsp;is the iconic <span style=""font-weight: 700"">Vanjaram Meen Varuval</span>&nbsp;(Tawa Fry)—marinate the steaks in a spicy ginger-garlic masala and shallow fry until golden brown. For a healthier option, it is also incredible when <span style=""font-weight: 700"">Steam-cooked</span>&nbsp;or added to a <span style=""font-weight: 700"">tangy Tamarind-based Curry</span>.</p>",high-protien,high-protien,,,,,275,399,,IN_STOCK,false,,,,,,,,,,,,,,,,,,,,,,,,,,,,,,,,,,,,,,,,,,,,,,,,,,,,,,,,,,,,,,,,,,,,,,,,,,,,,
Product_1dc1ae5b-fb32-451f-a438-b265fe1abf7b,MEDIA,,,,,,ebf235_313c7d0c68844014aa8eb9fa87d81db4~mv2.jpg,,,,,,,,,,,,,,,,,,,,,,,,,,,,,,,,,,,,,,,,,,,,,,,,,,,,,,,,,,,,,,,,,,,,,,,,,,,,,,,,,,,,,
Product_1dc1ae5b-fb32-451f-a438-b265fe1abf7b,MEDIA,,,,,,ebf235_01975216fc694fd0b6ed7205b294b07d~mv2.jpg,,,,,,,,,,,,,,,,,,,,,,,,,,,,,,,,,,,,,,,,,,,,,,,,,,,,,,,,,,,,,,,,,,,,,,,,,,,,,,,,,,,,,
Product_c0b97e4f-c3d5-47a1-9bf5-134e347715df,PRODUCT,"Kaara Podi / Silverbelly - (𝗚𝗿𝗼𝘀𝘀: 𝟳𝟱𝟬𝗴, 𝗡𝗲𝘁: 𝟱𝟬𝟬𝗴)",true,"<h2><span style=""font-weight: 700"">Fresh Indian Silverbelly </span>(<span style=""background-color: rgba(0, 0, 0, 0); color: rgb(31, 31, 31)"">Kaara Podi / காரப்பொடி</span>)</h2><h3><span style=""font-weight: 700"">Product Overview</span></h3><ul><li><p><span style=""font-weight: 700; color: rgb(31, 31, 31); background-color: rgba(0, 0, 0, 0)"">Net Weight:</span><span style=""background-color: rgba(0, 0, 0, 0); color: rgb(31, 31, 31)""> 500g</span></p></li><li><p><span style=""font-weight: 700; color: rgb(31, 31, 31); background-color: rgba(0, 0, 0, 0)"">Gross Weight :</span><span style=""background-color: rgba(0, 0, 0, 0); color: rgb(31, 31, 31)""> 750g</span></p></li><li><p><span style=""font-weight: 700; color: rgb(31, 31, 31); background-color: rgba(0, 0, 0, 0)"">Protein:</span><span style=""background-color: rgba(0, 0, 0, 0); color: rgb(31, 31, 31)""> 17g – 19g</span></p></li><li><p><span style=""font-weight: 700; color: rgb(31, 31, 31); background-color: rgba(0, 0, 0, 0)"">Serving Size:</span><span style=""background-color: rgba(0, 0, 0, 0); color: rgb(31, 31, 31)""> </span>2 cut pcs (12-20 Pieces)<span style=""background-color: rgba(0, 0, 0, 0); color: rgb(31, 31, 31)"">, </span>Whole (7-15 pcs)</p></li><li><p><span style=""font-weight: 700; color: rgb(31, 31, 31); background-color: rgba(0, 0, 0, 0)"">Preparation:</span><span style=""background-color: rgba(0, 0, 0, 0); color: rgb(31, 31, 31)""> Freshly caught, gutted, and cleaned. The delicate fins are trimmed, leaving the single central bone intact, making them incredibly straightforward to prepare and easy to eat whole.</span></p></li><li><p><span style=""font-weight: 700; color: rgb(31, 31, 31); background-color: rgba(0, 0, 0, 0)"">Flavor Profile:</span><span style=""background-color: rgba(0, 0, 0, 0); color: rgb(31, 31, 31)""> Subtly sweet and mild with a soft, delicate texture. A cherished household staple along the coastal fishing villages of Tamil Nadu, our Silverbelly (Kaara Podi) is brought to you fresh from the morning landings. Famed for its ease of cooking and high nutritional value, it is the classic ingredient used by coastal homes to make an aromatic, remedy-style ""Kaara Podi Meen Kuzhambu"" or fried until completely crisp for a crunchy side dish.&nbsp;&nbsp;</span></p></li></ul><h3><span style=""font-weight: 700"">Nutritional Profile (Per 100g)</span></h3><p><span style=""background-color: rgba(0, 0, 0, 0); color: rgb(31, 31, 31)"">Silverbelly is an exceptional local source of bioavailable calcium, minerals, and light, easily digestible protein.&nbsp;&nbsp;</span></p><table><tr><td><p><span style=""font-weight: 700; color: rgb(31, 31, 31); background-color: rgba(0, 0, 0, 0)"">Nutrient</span></p></td><td><p><span style=""font-weight: 700; color: rgb(31, 31, 31); background-color: rgba(0, 0, 0, 0)"">Amount</span></p></td></tr><tr><td><p><span style=""font-weight: 700; color: rgb(31, 31, 31); background-color: rgba(0, 0, 0, 0)"">Calories</span></p></td><td><p><span style=""background-color: rgba(0, 0, 0, 0); color: rgb(31, 31, 31)"">90 - 100 kcal</span></p></td></tr><tr><td><p><span style=""font-weight: 700; color: rgb(31, 31, 31); background-color: rgba(0, 0, 0, 0)"">Protein</span></p></td><td><p><span style=""background-color: rgba(0, 0, 0, 0); color: rgb(31, 31, 31)"">17g - 19g</span></p></td></tr><tr><td><p><span style=""font-weight: 700; color: rgb(31, 31, 31); background-color: rgba(0, 0, 0, 0)"">Total Fat</span></p></td><td><p><span style=""background-color: rgba(0, 0, 0, 0); color: rgb(31, 31, 31)"">2g - 4g (Low Fat)</span></p></td></tr><tr><td><p><span style=""font-weight: 700; color: rgb(31, 31, 31); background-color: rgba(0, 0, 0, 0)"">Omega-3 Fatty Acids</span></p></td><td><p><span style=""background-color: rgba(0, 0, 0, 0); color: rgb(31, 31, 31)"">Moderate</span></p></td></tr><tr><td><p><span style=""font-weight: 700; color: rgb(31, 31, 31); background-color: rgba(0, 0, 0, 0)"">Calcium</span></p></td><td><p><span style=""background-color: rgba(0, 0, 0, 0); color: rgb(31, 31, 31)"">715mg - 720mg (Very High)</span></p></td></tr><tr><td><p><span style=""font-weight: 700; color: rgb(31, 31, 31); background-color: rgba(0, 0, 0, 0)"">Phosphorus</span></p></td><td><p><span style=""background-color: rgba(0, 0, 0, 0); color: rgb(31, 31, 31)"">735mg - 741mg (Excellent for Bones)</span></p></td></tr></table><h3><span style=""font-weight: 700"">Key Benefits</span></h3><p><span style=""font-weight: 700; color: rgb(31, 31, 31); background-color: rgba(0, 0, 0, 0)"">Calcium Goldmine:</span><span style=""background-color: rgba(0, 0, 0, 0); color: rgb(31, 31, 31)""> Contains phenomenally high natural calcium and phosphorus levels—far higher than most larger fish—making it outstanding for bone density and joint health.</span></p><p><span style=""font-weight: 700; color: rgb(31, 31, 31); background-color: rgba(0, 0, 0, 0)"">Lean &amp; Easy Digestibility:</span><span style=""background-color: rgba(0, 0, 0, 0); color: rgb(31, 31, 31)""> Providing high-quality protein with minimal fat content, it is remarkably light on the stomach and perfect for regular everyday meals.</span></p><p><span style=""background-color: rgba(0, 0, 0, 0); color: rgb(31, 31, 31)"">Traditional Wellness Booster: Culturally trusted in coastal homes; hot curries cooked with this fish, garlic, and fresh black pepper are traditionally used to fight off seasonal colds, coughs, and fatigue.</span></p><p><span style=""font-weight: 700; color: rgb(31, 31, 31); background-color: rgba(0, 0, 0, 0)"">Immune Support:</span><span style=""background-color: rgba(0, 0, 0, 0); color: rgb(31, 31, 31)""> Naturally packed with essential trace minerals like Iron and Zinc that actively reinforce your body's immune defenses.&nbsp;&nbsp;</span></p><h3><span style=""font-weight: 700"">Chef's Tip:</span></h3><p>&nbsp;Silverbelly has a single central bone and very delicate flesh, meaning it cooks in no time!&nbsp;When making a traditional Tamil Nadu style Kuzhambu, do not stir the pot with a heavy ladle after adding the fish, or it may break apart. Simply hold the sides of your clay pot or pan and give it a gentle, circular swirl to coat the fish evenly in the bubbling tamarind-pepper gravy</p>",fishes,fishes,,,,,,,,,,,,,,,,,,,Cutting style:,TEXT_CHOICES,Whole;Cut in 2 Pieces,Weight,TEXT_CHOICES,0.5 Kg,,,,,,,,,,,,,,,,,,,,,,,,,,,,,,,,,,,,,,,,,,,,,,,,,,,,,,,,,,,,,,
Product_c0b97e4f-c3d5-47a1-9bf5-134e347715df,VARIANT,,true,,,,,,,,275,499,,IN_STOCK,false,,,,,,,,,,Cutting style:,TEXT_CHOICES,Whole,Weight,TEXT_CHOICES,0.5 Kg,,,,,,,,,,,,,,,,,,,,,,,,,,,,,,,,,,,,,,,,,,,,,,,,,,,,,,,,,,,,,,
Product_c0b97e4f-c3d5-47a1-9bf5-134e347715df,VARIANT,,true,,,,,,,,275,499,,IN_STOCK,false,,,,,,,,,,Cutting style:,TEXT_CHOICES,Cut in 2 Pieces,Weight,TEXT_CHOICES,0.5 Kg,,,,,,,,,,,,,,,,,,,,,,,,,,,,,,,,,,,,,,,,,,,,,,,,,,,,,,,,,,,,,,
Product_c0b97e4f-c3d5-47a1-9bf5-134e347715df,MEDIA,,,,,,ebf235_88fc703ac8d24ee0bf491788cd889ff1~mv2.jpg,,,,,,,,,,,,,,,,,,,,,,,,,,,,,,,,,,,,,,,,,,,,,,,,,,,,,,,,,,,,,,,,,,,,,,,,,,,,,,,,,,,,,
Product_92f5d495-fd1a-4e8e-845c-cda582816944,PRODUCT,"Sardine / Mathi / Chala - 𝗙𝗶𝗹𝗹𝗲𝘁(𝗚𝗿𝗼𝘀𝘀: 𝟱𝟬𝟬𝗴, 𝗡𝗲𝘁: 𝟮𝟬𝟬𝗴)",true,"<h2><span style=""font-weight: 700"">Premium Mathi </span>(Sardine / Kavala /  Chala / சாலா, கவலை மீன்)</h2><h3><span style=""font-weight: 700"">Product Overview</span></h3><ul><li><p><span style=""font-weight: 700"">Net Weight:</span>&nbsp;200g</p></li><li><p><span style=""font-weight: 700"">Gross Weight :</span>&nbsp;500g</p></li><li><p><span style=""font-weight: 700"">Protein: </span>18g – 20g</p></li><li><p><span style=""font-weight: 700"">Serving Size:</span>&nbsp;Fillet (10-20 Pieces), </p></li><li><p><span style=""font-weight: 700"">Preparation:</span>&nbsp;Freshly sourced, expertly cleaned, and ready to cook. Available as <span style=""font-weight: 700"">Whole Cleaned Fish</span>&nbsp;.</p></li><li><p><span style=""font-weight: 700"">Texture:</span>&nbsp;Soft, tender, and naturally oily with a bold, rich flavor.</p></li></ul><p>Small in size but rich in flavor and nutrition, Mathi (Sardine) is a coastal favorite known for its distinct taste and soft, oily texture. Freshly sourced from clean coastal waters, this affordable yet highly nutritious fish is a staple in South Indian households and is perfect for frying, curries, or traditional preparations.</p><h3><span style=""font-weight: 700"">Nutritional Profile (Per 100g)</span></h3><p>Mathi is one of the most nutrient-dense fish varieties, packed with heart-healthy fats and essential vitamins.</p><table><tr><td><p>Nutrient</p></td><td><p>Amount</p></td></tr><tr><td><p>Calories</p></td><td><p>120 – 150 kcal</p></td></tr><tr><td><p>Protein</p></td><td><p>18g – 20g</p></td></tr><tr><td><p>Total Fat</p></td><td><p>6g – 8g</p></td></tr><tr><td><p>Omega-3 Fatty Acids</p></td><td><p>High</p></td></tr><tr><td><p>Calcium</p></td><td><p>High</p></td></tr><tr><td><p>Vitamin D</p></td><td><p>High</p></td></tr></table><h3><span style=""font-weight: 700"">Key Benefits</span></h3><p><span style=""font-weight: 700"">Rich in Omega-3 Fatty Acids: </span>Supports heart health, reduces inflammation, and promotes brain function.</p><p><span style=""font-weight: 700"">Excellent Source of Calcium: </span>Strengthens bones and teeth, especially beneficial when consumed regularly.</p><p><span style=""font-weight: 700"">Boosts Immunity: </span>High in Vitamin D, which supports immune system function and bone health.</p><p><span style=""font-weight: 700"">Affordable Superfood: </span>Provides premium nutrition at an economical price.</p><h3><span style=""font-weight: 700"">Chef’s Tip</span></h3><p>Mathi tastes best when cooked fresh. Marinate with <span style=""font-weight: 700"">turmeric, chili powder, and salt</span>&nbsp;for a crispy pan fry, or prepare a <span style=""font-weight: 700"">spicy coastal-style sardine curry</span>&nbsp;with tamarind and coconut for an authentic South Indian flavor.</p>",high-protien,high-protien,,,,,275,499,,IN_STOCK,false,,,,,,,,,,,,,,,,,,,,,,,,,,,,,,,,,,,,,,,,,,,,,,,,,,,,,,,,,,,,,,,,,,,,,,,,,,,,,
Product_92f5d495-fd1a-4e8e-845c-cda582816944,MEDIA,,,,,,ebf235_d821c7ab540b4fa695360ff0043ba0c8~mv2.jpg,,,,,,,,,,,,,,,,,,,,,,,,,,,,,,,,,,,,,,,,,,,,,,,,,,,,,,,,,,,,,,,,,,,,,,,,,,,,,,,,,,,,,
Product_92f5d495-fd1a-4e8e-845c-cda582816944,MEDIA,,,,,,ebf235_2957a5dca47942eca864f12d1133e78f~mv2.jpg,,,,,,,,,,,,,,,,,,,,,,,,,,,,,,,,,,,,,,,,,,,,,,,,,,,,,,,,,,,,,,,,,,,,,,,,,,,,,,,,,,,,,
Product_0e329d49-668a-4465-96db-6119b54d3c15,PRODUCT,"Kanangeluthi / Mackerel - 𝗙𝗶𝗹𝗹𝗲𝘁(𝗚𝗿𝗼𝘀𝘀: 𝟰𝟱𝟬𝗴, 𝗡𝗲𝘁: 𝟮𝟬𝟬𝗴)",true,"<h2><span style=""font-weight: 700"">Fresh Indian Mackerel </span>(Kanangeluthi / Ayala /<span style=""font-weight: 700"">&nbsp;</span>அயிலை<span style=""font-weight: 700"">&nbsp;</span>/கானாங்கெளுத்தி)</h2><h3><span style=""font-weight: 700"">Product Overview</span></h3><ul><li><p><span style=""font-weight: 700"">Net Weight:</span>&nbsp;200g</p></li><li><p><span style=""font-weight: 700"">Gross Weight :</span>&nbsp;450g</p></li><li><p><span style=""font-weight: 700"">Protein: </span>18g – 19g</p></li><li><p><span style=""font-weight: 700"">Serving Size:</span>&nbsp;Fillet  (4-8 Pieces)</p></li><li><p><span style=""font-weight: 700"">Preparation:</span>&nbsp;Freshly caught,&nbsp;cleaned,&nbsp;and descaled.&nbsp;Usually served as whole fish with deep lateral ""fry cuts"" to allow spices to penetrate the firm flesh.</p></li><li><p><span style=""font-weight: 700"">Flavor Profile:</span>&nbsp;Bold and savory with a firm,&nbsp;meaty texture.</p></li></ul><p>A quintessential favorite across coastal India,&nbsp;our Indian Mackerel is sourced fresh from the morning catch.&nbsp;Known for its distinctively rich,&nbsp;oily texture and deep flavor,&nbsp;it is the perfect candidate for a sharp,&nbsp;spicy ""Bangda Fry"" or a traditional coastal curry.</p><h3><span style=""font-weight: 700"">Nutritional Profile (Per 100g)</span></h3><p>Indian Mackerel is one of the best sources of heart-healthy fats and essential vitamins.</p><table><tr><td><p><span style=""font-weight: 700"">Nutrient</span></p></td><td><p><span style=""font-weight: 700"">Amount</span></p></td></tr><tr><td><p><span style=""font-weight: 700"">Calories</span></p></td><td><p>190 - 205 kcal</p></td></tr><tr><td><p><span style=""font-weight: 700"">Protein</span></p></td><td><p>18g - 19g</p></td></tr><tr><td><p><span style=""font-weight: 700"">Total Fat</span></p></td><td><p>12g (Healthy Fats)</p></td></tr><tr><td><p><span style=""font-weight: 700"">Omega-3 Fatty Acids</span></p></td><td><p>Very High</p></td></tr><tr><td><p><span style=""font-weight: 700"">Vitamin D</span></p></td><td><p>80% of Daily Value</p></td></tr><tr><td><p><span style=""font-weight: 700"">Vitamin B12</span></p></td><td><p>200% of Daily Value</p></td></tr></table><h3><span style=""font-weight: 700"">Key Benefits</span></h3><ul><li><p><span style=""font-weight: 700"">Omega-3 Rich:</span>&nbsp;Loaded with EPA and DHA,&nbsp;which are crucial for heart health and reducing inflammation.</p></li><li><p><span style=""font-weight: 700"">Bone &amp; Immune Support:</span>&nbsp;One of the few natural food sources rich in Vitamin D,&nbsp;essential for calcium absorption and a strong immune system.</p></li><li><p><span style=""font-weight: 700"">Metabolism Boost:</span>&nbsp;High Vitamin B12 content helps in energy production and maintains a healthy nervous system.</p></li><li><p><span style=""font-weight: 700"">Lean Protein:</span>&nbsp;Provides high-quality protein necessary for muscle maintenance and repair.</p></li></ul><blockquote><p><span style=""font-weight: 700"">Chef's Tip:</span>&nbsp;Indian Mackerel pairs beautifully with souring agents. Try marinating with a thick paste of <span style=""font-weight: 700"">Tamarind or Kokum</span>, red chili, and a hint of peppercorns for an authentic coastal experience!</p></blockquote>",high-protien;boneless,high-protien,,,,,250,499,,IN_STOCK,false,,,,,,,,,,,,,,,,,,,,,,,,,,,,,,,,,,,,,,,,,,,,,,,,,,,,,,,,,,,,,,,,,,,,,,,,,,,,,
Product_0e329d49-668a-4465-96db-6119b54d3c15,MEDIA,,,,,,ebf235_8a2d7772786e4f30ab1102b9c5bddc21~mv2.jpg,,,,,,,,,,,,,,,,,,,,,,,,,,,,,,,,,,,,,,,,,,,,,,,,,,,,,,,,,,,,,,,,,,,,,,,,,,,,,,,,,,,,,
Product_0e329d49-668a-4465-96db-6119b54d3c15,MEDIA,,,,,,ebf235_7575cbc5386f474da9f38bb8e25fad1d~mv2.jpg,,,,,,,,,,,,,,,,,,,,,,,,,,,,,,,,,,,,,,,,,,,,,,,,,,,,,,,,,,,,,,,,,,,,,,,,,,,,,,,,,,,,,
Product_005252ad-300a-4268-a791-cfd4b5e6c711,PRODUCT,"Sheela / Cheela / Ooli  - 𝗦𝗹𝗶𝗰𝗲𝗱(𝗚𝗿𝗼𝘀𝘀: 𝟱𝟬𝟬𝗴, 𝗡𝗲𝘁: 𝟯𝟬𝟬𝗴)",true,"<h2><span style=""font-weight: 700"">Sheela </span>(Barracuda / Cheela / சீலா / Ooli)</h2><h3><span style=""font-weight: 700"">Product Overview</span></h3><ul><li><p><span style=""font-weight: 700"">Net Weight:</span>&nbsp;300g</p></li><li><p><span style=""font-weight: 700"">Gross Weight:</span>&nbsp;500g</p></li><li><p><span style=""font-weight: 700"">Protein: </span>20g – 22g</p></li><li><p><span style=""font-weight: 700"">Serving Size:  </span>Medium<span style=""font-weight: 700"">&nbsp;</span>Slices (5-10 pcs)</p></li><li><p><span style=""font-weight: 700"">Preparation:</span>&nbsp;Freshly sourced, expertly cleaned, and ready to cook. </p></li><li><p><span style=""font-weight: 700"">Texture:</span>&nbsp;Firm, thick, and meaty with a mildly rich, savory flavor.</p></li></ul><h3><span style=""font-weight: 700"">Nutritional Profile (Per 100g)</span></h3><p>Barracuda is a high-protein seafood choice with balanced healthy fats.</p><table><tr><td><p>Nutrient</p></td><td><p>Amount</p></td></tr><tr><td><p>Calories</p></td><td><p>120 – 140 kcal</p></td></tr><tr><td><p>Protein</p></td><td><p>20g – 22g</p></td></tr><tr><td><p>Total Fat</p></td><td><p>3g – 5g</p></td></tr><tr><td><p>Omega-3 Fatty Acids</p></td><td><p>Moderate</p></td></tr><tr><td><p>Potassium</p></td><td><p>360 mg</p></td></tr><tr><td><p>Vitamin B12</p></td><td><p>70% of Daily Value</p></td></tr></table><h3><span style=""font-weight: 700"">Key Benefits</span></h3><p><span style=""font-weight: 700"">High in Lean Protein: </span>Supports muscle growth, tissue repair, and overall strength.</p><p><span style=""font-weight: 700"">Heart-Supporting Fats: </span>Contains omega-3 fatty acids that help maintain cardiovascular health.</p><p><span style=""font-weight: 700"">Energy and Nerve Health: </span>Rich in Vitamin B12, which supports energy production and nervous system function.</p><p><span style=""font-weight: 700"">Mineral-Rich Nutrition: </span>Provides essential minerals like potassium that help regulate blood pressure and muscle function.</p><h3><span style=""font-weight: 700"">Chef’s Tip</span></h3><p>Sheela (Barracuda) steaks are perfect for a <span style=""font-weight: 700"">spicy masala fry</span>. Marinate with chili, turmeric, garlic, and lemon, then pan-fry until golden for a crispy, flavorful dish. It also works beautifully in a <span style=""font-weight: 700"">tamarind-based fish curry</span>.</p>",high-protien,high-protien,,,,,275,499,,IN_STOCK,false,,,,,,,,,,,,,,,,,,,,,,,,,,,,,,,,,,,,,,,,,,,,,,,,,,,,,,,,,,,,,,,,,,,,,,,,,,,,,
Product_005252ad-300a-4268-a791-cfd4b5e6c711,MEDIA,,,,,,ebf235_ce2abda17ade4d629506bf91915eb3df~mv2.jpg,,,,,,,,,,,,,,,,,,,,,,,,,,,,,,,,,,,,,,,,,,,,,,,,,,,,,,,,,,,,,,,,,,,,,,,,,,,,,,,,,,,,,
Product_6569b9f0-8fa9-4f12-8add-efc8c53674ea,PRODUCT,"Kendal / Rozy Snapper - 𝗙𝗶𝗹𝗹𝗲𝘁(𝗚𝗿𝗼𝘀𝘀: 𝟵𝟬𝟬𝗴, 𝗡𝗲𝘁: 𝟰𝟱𝟬𝗴)",true,"<h2><span style=""font-weight: 700"">Premium Kendal Fish </span>(Rozy Snapper / கெண்டல் மீன்)</h2><h3><span style=""font-weight: 700"">Product Overview</span></h3><ul><li><p><span style=""font-weight: 700"">Net Weight:</span>&nbsp;450g - 550g</p></li><li><p><span style=""font-weight: 700"">Gross Weight :</span>&nbsp;900g</p></li><li><p><span style=""font-weight: 700"">Protein: </span>22g – 25g</p></li><li><p><span style=""font-weight: 700"">Serving Size: Fillet Boneless</span>&nbsp;(<u>N: 450 - 550g</u>&nbsp;, G: 900)</p></li><li><p><span style=""font-weight: 700"">Preparation:</span>&nbsp;Freshly sourced, descaled, thoroughly cleaned, and ready to cook. Available as Whole Cleaned or Neat Curry Cut pieces.</p></li><li><p><span style=""font-weight: 700"">Texture:</span>&nbsp;Lean, moist, and tender with a mild, sweet flavor profile.</p></li></ul><p>Delicate yet distinct, <span style=""font-weight: 700"">Kendal fish (Rozy Snapper)</span>&nbsp;is a prized catch known for its tender, flaky texture and naturally sweet undertones. A staple in coastal kitchens, it is highly versatile and absorbs spices beautifully, making it perfect for both traditional pan-frys and aromatic coconut-based curries. Freshly sourced and expertly handled, our Kendal fish ensures a gourmet seafood experience with every bite.</p><h3><span style=""font-weight: 700"">Nutritional Profile (Per 100g)</span></h3><p>Kendal fish is a lean source of protein, offering a clean nutritional profile ideal for a balanced diet.</p><table><tr><td><p><span style=""font-weight: 700"">Nutrient</span></p></td><td><p><span style=""font-weight: 700"">Amount</span></p></td></tr><tr><td><p><span style=""font-weight: 700"">Calories</span></p></td><td><p>100 – 120 kcal</p></td></tr><tr><td><p><span style=""font-weight: 700"">Protein</span></p></td><td><p>22g – 25g</p></td></tr><tr><td><p><span style=""font-weight: 700"">Total Fat</span></p></td><td><p>1.5g – 3g</p></td></tr><tr><td><p><span style=""font-weight: 700"">Omega-3 Fatty Acids</span></p></td><td><p>High</p></td></tr><tr><td><p><span style=""font-weight: 700"">Vitamin D</span></p></td><td><p>Moderate</p></td></tr><tr><td><p><span style=""font-weight: 700"">Potassium</span></p></td><td><p>High</p></td></tr></table><h3><span style=""font-weight: 700"">Key Benefits</span></h3><ul><li><p><span style=""font-weight: 700"">Lean Muscle Support:</span>&nbsp;Packed with high-quality protein while remaining low in saturated fats.</p></li><li><p><span style=""font-weight: 700"">Heart Health:</span>&nbsp;Rich in Omega-3 fatty acids, which help maintain healthy cholesterol levels and support cardiovascular function.</p></li><li><p><span style=""font-weight: 700"">Bone &amp; Skin Health:</span>&nbsp;Provides essential minerals and Vitamin D that contribute to bone strength and glowing skin.</p></li><li><p><span style=""font-weight: 700"">Light &amp; Easy to Digest:</span>&nbsp;Its low-fat content makes it a nutritious, guilt-free meal option that doesn't feel heavy.</p></li></ul><h3><span style=""font-weight: 700"">Chef’s Tip</span></h3><p>Kendal fish is best prepared as a <span style=""font-weight: 700"">Meen Varuval</span>&nbsp;(crispy spice-rubbed fry) or simmered in a <span style=""font-weight: 700"">Tangy Tamarind Gravy</span>. Because the flesh is more delicate than shark, avoid overcooking—sear it quickly over medium heat to lock in its natural juices and sweetness.</p>",boneless,boneless,,,,,750,999,,IN_STOCK,false,,,,,,,,,,,,,,,,,,,,,,,,,,,,,,,,,,,,,,,,,,,,,,,,,,,,,,,,,,,,,,,,,,,,,,,,,,,,,
Product_6569b9f0-8fa9-4f12-8add-efc8c53674ea,MEDIA,,,,,,ebf235_883c041c189d45caa060c12f55c271f3~mv2.jpg,,,,,,,,,,,,,,,,,,,,,,,,,,,,,,,,,,,,,,,,,,,,,,,,,,,,,,,,,,,,,,,,,,,,,,,,,,,,,,,,,,,,,
Product_6569b9f0-8fa9-4f12-8add-efc8c53674ea,MEDIA,,,,,,ebf235_61c6020f355b48178355f099e3c5ae42~mv2.jpg,,,,,,,,,,,,,,,,,,,,,,,,,,,,,,,,,,,,,,,,,,,,,,,,,,,,,,,,,,,,,,,,,,,,,,,,,,,,,,,,,,,,,
Product_e9604d43-53be-46b8-ad85-c7fe7acac641,PRODUCT,"Red Snapper - 𝗙𝗶𝗹𝗹𝗲𝘁(𝗚𝗿𝗼𝘀𝘀: 𝟵𝟬𝟬𝗴, 𝗡𝗲𝘁: 𝟰𝟱𝟬𝗴)",true,"<h2><span style=""font-weight: 700"">Fresh </span><span style=""font-weight: 700; color: rgb(31, 31, 31); background-color: rgba(0, 0, 0, 0)"">Red Snapper</span></h2><h3><span style=""font-weight: 700"">Product Overview</span></h3><ul><li><p><span style=""font-weight: 700; color: rgb(31, 31, 31); background-color: rgba(0, 0, 0, 0)"">Net Weight:</span><span style=""background-color: rgba(0, 0, 0, 0); color: rgb(31, 31, 31)"">&nbsp;&nbsp;450g</span></p></li><li><p><span style=""font-weight: 700; color: rgb(31, 31, 31); background-color: rgba(0, 0, 0, 0)"">Gross Weight :</span><span style=""background-color: rgba(0, 0, 0, 0); color: rgb(31, 31, 31)"">&nbsp;900g</span></p></li><li><p><span style=""font-weight: 700; color: rgb(31, 31, 31); background-color: rgba(0, 0, 0, 0)"">Protein:</span><span style=""background-color: rgba(0, 0, 0, 0); color: rgb(31, 31, 31)"">&nbsp;20g – 22g</span></p></li><li><p><span style=""font-weight: 700; color: rgb(31, 31, 31); background-color: rgba(0, 0, 0, 0)"">Serving Size:</span><span style=""background-color: rgba(0, 0, 0, 0); color: rgb(31, 31, 31)"">&nbsp; Fillet Boneless - (2-4 pcs)</span></p></li><li><p><span style=""font-weight: 700; color: rgb(31, 31, 31); background-color: rgba(0, 0, 0, 0)"">Preparation:</span><span style=""background-color: rgba(0, 0, 0, 0); color: rgb(31, 31, 31)"">&nbsp;Freshly caught, scaled, and meticulously cleaned. Offered in premium bone-in slices, versatile cubes, or pristine, skin-on/skin-less boneless fillets that keep their shape perfectly during cooking.</span></p></li><li><p><span style=""font-weight: 700; color: rgb(31, 31, 31); background-color: rgba(0, 0, 0, 0)"">Flavor Profile:</span><span style=""background-color: rgba(0, 0, 0, 0); color: rgb(31, 31, 31)"">&nbsp;Subtly sweet and nutty with a firm, lean, and large-flaked texture.</span></p></li><li><p><span style=""background-color: rgba(0, 0, 0, 0); color: rgb(31, 31, 31)"">A prized favorite among seafood lovers and high-end restaurants alike, our Red Snapper is sourced fresh from reef landings. Known for its gorgeous vibrant color, clean flavor, and highly versatile flesh, it is the ultimate candidate for a crispy masala tawa fry, a tangy chettinad-style fish curry, or an elegant herb-crusted baked dish.</span></p></li></ul><h3><span style=""font-weight: 700"">Nutritional Profile (Per 100g)</span></h3><p><span style=""background-color: rgba(0, 0, 0, 0); color: rgb(31, 31, 31)"">Red Snapper is a fantastic low-calorie source of lean protein, structural minerals, and metabolic stimulants.</span></p><table><tr><td><p><span style=""font-weight: 700; color: rgb(31, 31, 31); background-color: rgba(0, 0, 0, 0)"">Nutrient</span></p></td><td><p><span style=""font-weight: 700; color: rgb(31, 31, 31); background-color: rgba(0, 0, 0, 0)"">Amount</span></p></td></tr><tr><td><p><span style=""font-weight: 700; color: rgb(31, 31, 31); background-color: rgba(0, 0, 0, 0)"">Calories</span></p></td><td><p><span style=""background-color: rgba(0, 0, 0, 0); color: rgb(31, 31, 31)"">100 - 110 kcal</span></p></td></tr><tr><td><p><span style=""font-weight: 700; color: rgb(31, 31, 31); background-color: rgba(0, 0, 0, 0)"">Protein</span></p></td><td><p><span style=""background-color: rgba(0, 0, 0, 0); color: rgb(31, 31, 31)"">20g - 22g</span></p></td></tr><tr><td><p><span style=""font-weight: 700; color: rgb(31, 31, 31); background-color: rgba(0, 0, 0, 0)"">Total Fat</span></p></td><td><p><span style=""background-color: rgba(0, 0, 0, 0); color: rgb(31, 31, 31)"">1.5g - 2g (Very Lean)</span></p></td></tr><tr><td><p><span style=""font-weight: 700; color: rgb(31, 31, 31); background-color: rgba(0, 0, 0, 0)"">Omega-3 Fatty Acids</span></p></td><td><p><span style=""background-color: rgba(0, 0, 0, 0); color: rgb(31, 31, 31)"">High</span></p></td></tr><tr><td><p><span style=""font-weight: 700; color: rgb(31, 31, 31); background-color: rgba(0, 0, 0, 0)"">Potassium</span></p></td><td><p><span style=""background-color: rgba(0, 0, 0, 0); color: rgb(31, 31, 31)"">410mg - 425mg</span></p></td></tr><tr><td><p><span style=""font-weight: 700; color: rgb(31, 31, 31); background-color: rgba(0, 0, 0, 0)"">Selenium</span></p></td><td><p><span style=""background-color: rgba(0, 0, 0, 0); color: rgb(31, 31, 31)"">80% of Daily Value</span></p></td></tr></table><h3><span style=""font-weight: 700"">Key Benefits:</span></h3><ul><li><p><span style=""font-weight: 700; color: rgb(31, 31, 31); background-color: rgba(0, 0, 0, 0)"">Ultra-Lean Protein:</span><span style=""background-color: rgba(0, 0, 0, 0); color: rgb(31, 31, 31)"">&nbsp;Offers an incredibly clean, high-protein profile with virtually zero fat, making it an exceptional choice for clean eating and weight management.</span></p></li><li><p><span style=""font-weight: 700; color: rgb(31, 31, 31); background-color: rgba(0, 0, 0, 0)"">Antioxidant Armor:</span><span style=""background-color: rgba(0, 0, 0, 0); color: rgb(31, 31, 31)"">&nbsp;Packed with a massive dose of Selenium, a powerful mineral that supports thyroid health, combats cell damage, and upgrades immune function.</span></p></li><li><p><span style=""font-weight: 700; color: rgb(31, 31, 31); background-color: rgba(0, 0, 0, 0)"">Heart &amp; Blood Pressure Support:</span><span style=""background-color: rgba(0, 0, 0, 0); color: rgb(31, 31, 31)"">&nbsp;Naturally rich in Potassium, which helps regulate sodium levels, keeping your blood pressure and cardiovascular system functioning smoothly.</span></p></li><li><p><span style=""font-weight: 700; color: rgb(31, 31, 31); background-color: rgba(0, 0, 0, 0)"">Cognitive Health:</span><span style=""background-color: rgba(0, 0, 0, 0); color: rgb(31, 31, 31)"">&nbsp;Loaded with essential Omega-3 fatty acids (DHA and EPA) that boost brain cell communication and reduce internal inflammation.</span></p></li></ul><p><span style=""background-color: rgba(0, 0, 0, 0); color: rgb(31, 31, 31)"">Chef's Tip: Red Snapper has a beautiful, firm skin that crisps up perfectly. If you are using the boneless fillets, score the skin gently with a knife, rub with a spice paste of ginger, garlic, lemon, and red chili, and cook it skin-side down first in a hot pan while pressing down lightly for the first 30 seconds to prevent curling!</span></p>",boneless,boneless,,,,,800,1099,,IN_STOCK,false,,,,,,,,,,,,,,,,,,,,,,,,,,,,,,,,,,,,,,,,,,,,,,,,,,,,,,,,,,,,,,,,,,,,,,,,,,,,,
Product_e9604d43-53be-46b8-ad85-c7fe7acac641,MEDIA,,,,,,ebf235_08f6ceb222134fc0a31edf0c11a30c70~mv2.jpg,,,,,,,,,,,,,,,,,,,,,,,,,,,,,,,,,,,,,,,,,,,,,,,,,,,,,,,,,,,,,,,,,,,,,,,,,,,,,,,,,,,,,
Product_e9604d43-53be-46b8-ad85-c7fe7acac641,MEDIA,,,,,,ebf235_cebd120f850942a385f97ed143b54109~mv2.jpg,,,,,,,,,,,,,,,,,,,,,,,,,,,,,,,,,,,,,,,,,,,,,,,,,,,,,,,,,,,,,,,,,,,,,,,,,,,,,,,,,,,,,
Product_3f9418aa-e0d1-42a9-848c-e4876802373c,PRODUCT,"Red Snapper - (𝗚𝗿𝗼𝘀𝘀: 𝟭𝟬𝟬𝟬𝗴, 𝗡𝗲𝘁: 𝟳𝟱𝟬𝗴)",true,"<h2><span style=""font-weight: 700"">Fresh </span><span style=""font-weight: 700; color: rgb(31, 31, 31); background-color: rgba(0, 0, 0, 0)"">Red Snapper</span></h2><h3><span style=""font-weight: 700"">Product Overview</span></h3><ul><li><p><span style=""font-weight: 700; color: rgb(31, 31, 31); background-color: rgba(0, 0, 0, 0)"">Net Weight:</span><span style=""background-color: rgba(0, 0, 0, 0); color: rgb(31, 31, 31)"">  750g</span></p></li><li><p><span style=""font-weight: 700; color: rgb(31, 31, 31); background-color: rgba(0, 0, 0, 0)"">Gross Weight :</span><span style=""background-color: rgba(0, 0, 0, 0); color: rgb(31, 31, 31)""> 1000g - 1150g</span></p></li><li><p><span style=""font-weight: 700; color: rgb(31, 31, 31); background-color: rgba(0, 0, 0, 0)"">Protein:</span><span style=""background-color: rgba(0, 0, 0, 0); color: rgb(31, 31, 31)""> 20g – 22g</span></p></li><li><p><span style=""font-weight: 700; color: rgb(31, 31, 31); background-color: rgba(0, 0, 0, 0)"">Serving Size:</span><span style=""background-color: rgba(0, 0, 0, 0); color: rgb(31, 31, 31)""> Slices - (7-15 Pieces) | Cubes - (10-16 Pieces) | Fillet Boneless - (2-4 pcs)</span></p></li><li><p><span style=""font-weight: 700; color: rgb(31, 31, 31); background-color: rgba(0, 0, 0, 0)"">Preparation:</span><span style=""background-color: rgba(0, 0, 0, 0); color: rgb(31, 31, 31)""> Freshly caught, scaled, and meticulously cleaned. Offered in premium bone-in slices, versatile cubes, or pristine, skin-on/skin-less boneless fillets that keep their shape perfectly during cooking.</span></p></li><li><p><span style=""font-weight: 700; color: rgb(31, 31, 31); background-color: rgba(0, 0, 0, 0)"">Flavor Profile:</span><span style=""background-color: rgba(0, 0, 0, 0); color: rgb(31, 31, 31)""> Subtly sweet and nutty with a firm, lean, and large-flaked texture.</span></p></li><li><p><span style=""background-color: rgba(0, 0, 0, 0); color: rgb(31, 31, 31)"">A prized favorite among seafood lovers and high-end restaurants alike, our Red Snapper is sourced fresh from reef landings. Known for its gorgeous vibrant color, clean flavor, and highly versatile flesh, it is the ultimate candidate for a crispy masala tawa fry, a tangy chettinad-style fish curry, or an elegant herb-crusted baked dish.</span></p></li></ul><h3><span style=""font-weight: 700"">Nutritional Profile (Per 100g)</span></h3><p><span style=""background-color: rgba(0, 0, 0, 0); color: rgb(31, 31, 31)"">Red Snapper is a fantastic low-calorie source of lean protein, structural minerals, and metabolic stimulants.</span></p><table><tr><td><p><span style=""font-weight: 700; color: rgb(31, 31, 31); background-color: rgba(0, 0, 0, 0)"">Nutrient</span></p></td><td><p><span style=""font-weight: 700; color: rgb(31, 31, 31); background-color: rgba(0, 0, 0, 0)"">Amount</span></p></td></tr><tr><td><p><span style=""font-weight: 700; color: rgb(31, 31, 31); background-color: rgba(0, 0, 0, 0)"">Calories</span></p></td><td><p><span style=""background-color: rgba(0, 0, 0, 0); color: rgb(31, 31, 31)"">100 - 110 kcal</span></p></td></tr><tr><td><p><span style=""font-weight: 700; color: rgb(31, 31, 31); background-color: rgba(0, 0, 0, 0)"">Protein</span></p></td><td><p><span style=""background-color: rgba(0, 0, 0, 0); color: rgb(31, 31, 31)"">20g - 22g</span></p></td></tr><tr><td><p><span style=""font-weight: 700; color: rgb(31, 31, 31); background-color: rgba(0, 0, 0, 0)"">Total Fat</span></p></td><td><p><span style=""background-color: rgba(0, 0, 0, 0); color: rgb(31, 31, 31)"">1.5g - 2g (Very Lean)</span></p></td></tr><tr><td><p><span style=""font-weight: 700; color: rgb(31, 31, 31); background-color: rgba(0, 0, 0, 0)"">Omega-3 Fatty Acids</span></p></td><td><p><span style=""background-color: rgba(0, 0, 0, 0); color: rgb(31, 31, 31)"">High</span></p></td></tr><tr><td><p><span style=""font-weight: 700; color: rgb(31, 31, 31); background-color: rgba(0, 0, 0, 0)"">Potassium</span></p></td><td><p><span style=""background-color: rgba(0, 0, 0, 0); color: rgb(31, 31, 31)"">410mg - 425mg</span></p></td></tr><tr><td><p><span style=""font-weight: 700; color: rgb(31, 31, 31); background-color: rgba(0, 0, 0, 0)"">Selenium</span></p></td><td><p><span style=""background-color: rgba(0, 0, 0, 0); color: rgb(31, 31, 31)"">80% of Daily Value</span></p></td></tr></table><h3><span style=""font-weight: 700"">Key Benefits:</span></h3><ul><li><p><span style=""font-weight: 700; color: rgb(31, 31, 31); background-color: rgba(0, 0, 0, 0)"">Ultra-Lean Protein:</span><span style=""background-color: rgba(0, 0, 0, 0); color: rgb(31, 31, 31)""> Offers an incredibly clean, high-protein profile with virtually zero fat, making it an exceptional choice for clean eating and weight management.</span></p></li><li><p><span style=""font-weight: 700; color: rgb(31, 31, 31); background-color: rgba(0, 0, 0, 0)"">Antioxidant Armor:</span><span style=""background-color: rgba(0, 0, 0, 0); color: rgb(31, 31, 31)""> Packed with a massive dose of Selenium, a powerful mineral that supports thyroid health, combats cell damage, and upgrades immune function.</span></p></li><li><p><span style=""font-weight: 700; color: rgb(31, 31, 31); background-color: rgba(0, 0, 0, 0)"">Heart &amp; Blood Pressure Support:</span><span style=""background-color: rgba(0, 0, 0, 0); color: rgb(31, 31, 31)""> Naturally rich in Potassium, which helps regulate sodium levels, keeping your blood pressure and cardiovascular system functioning smoothly.</span></p></li><li><p><span style=""font-weight: 700; color: rgb(31, 31, 31); background-color: rgba(0, 0, 0, 0)"">Cognitive Health:</span><span style=""background-color: rgba(0, 0, 0, 0); color: rgb(31, 31, 31)""> Loaded with essential Omega-3 fatty acids (DHA and EPA) that boost brain cell communication and reduce internal inflammation.</span></p></li></ul><p><span style=""background-color: rgba(0, 0, 0, 0); color: rgb(31, 31, 31)"">Chef's Tip: Red Snapper has a beautiful, firm skin that crisps up perfectly. If you are using the boneless fillets, score the skin gently with a knife, rub with a spice paste of ginger, garlic, lemon, and red chili, and cook it skin-side down first in a hot pan while pressing down lightly for the first 30 seconds to prevent curling!</span></p>",fishes,fishes,,,,,,,,,,,,,,,,,,,Cutting style:,TEXT_CHOICES,Cubes;Slices;Fillet,Weight,TEXT_CHOICES,750g,,,,,,,,,,,,,,,,,,,,,,,,,,,,,,,,,,,,,,,,,,,,,,,,,,,,,,,,,,,,,,
Product_3f9418aa-e0d1-42a9-848c-e4876802373c,VARIANT,,true,,,,,,,,850,1099,,IN_STOCK,false,,,,,,,,,,Cutting style:,TEXT_CHOICES,Cubes,Weight,TEXT_CHOICES,750g,,,,,,,,,,,,,,,,,,,,,,,,,,,,,,,,,,,,,,,,,,,,,,,,,,,,,,,,,,,,,,
Product_3f9418aa-e0d1-42a9-848c-e4876802373c,VARIANT,,true,,,,,,,,850,1099,,IN_STOCK,false,,,,,,,,,,Cutting style:,TEXT_CHOICES,Slices,Weight,TEXT_CHOICES,750g,,,,,,,,,,,,,,,,,,,,,,,,,,,,,,,,,,,,,,,,,,,,,,,,,,,,,,,,,,,,,,
Product_3f9418aa-e0d1-42a9-848c-e4876802373c,VARIANT,,true,,,,,,,,850,1099,,IN_STOCK,false,,,,,,,,,,Cutting style:,TEXT_CHOICES,Fillet,Weight,TEXT_CHOICES,750g,,,,,,,,,,,,,,,,,,,,,,,,,,,,,,,,,,,,,,,,,,,,,,,,,,,,,,,,,,,,,,
Product_3f9418aa-e0d1-42a9-848c-e4876802373c,MEDIA,,,,,,ebf235_cebd120f850942a385f97ed143b54109~mv2.jpg,,,,,,,,,,,,,,,,,,,,,,,,,,,,,,,,,,,,,,,,,,,,,,,,,,,,,,,,,,,,,,,,,,,,,,,,,,,,,,,,,,,,,
Product_3f9418aa-e0d1-42a9-848c-e4876802373c,MEDIA,,,,,,ebf235_d1f2cc4552574b199032ca603792cecd~mv2.jpg,,,,,,,,,,,,,,,,,,,,,,,,,,,,,,,,,,,,,,,,,,,,,,,,,,,,,,,,,,,,,,,,,,,,,,,,,,,,,,,,,,,,,
Product_3f9418aa-e0d1-42a9-848c-e4876802373c,MEDIA,,,,,,ebf235_08f6ceb222134fc0a31edf0c11a30c70~mv2.jpg,,,,,,,,,,,,,,,,,,,,,,,,,,,,,,,,,,,,,,,,,,,,,,,,,,,,,,,,,,,,,,,,,,,,,,,,,,,,,,,,,,,,,
Product_d0803cdd-fc7c-4910-8f9d-827e4aecde45,PRODUCT,"Leather Jacket - 𝗙𝗶𝗹𝗹𝗲𝘁(𝗚𝗿𝗼𝘀𝘀: 𝟳𝟱𝟬𝗴, 𝗡𝗲𝘁: 𝟰𝟬𝟬𝗴)",true,"<h1><span style=""font-weight: 700"">Premium Leather Jacket Fish</span>(தோல் கிளாத்தி / செருப்பு மீன்)</h1><h2><span style=""font-weight: 700"">Product Overview</span></h2><ul><li><p><span style=""font-weight: 700"">Net Weight:</span>&nbsp;500g</p></li><li><p><span style=""font-weight: 700"">Gross Weight :</span>&nbsp;750g</p></li><li><p><span style=""font-weight: 700"">Protein: </span>20g – 22g</p></li><li><p><span style=""font-weight: 700"">Serving Size:&nbsp;Fillet Boneless</span> (N: 350 - 400g , G: 750)</p></li><li><p><span style=""font-weight: 700"">Preparation:</span>&nbsp;Freshly sourced, cleaned thoroughly, and professionally prepared. Available as Skinless Curry Cut or Whole Cleaned pieces.</p></li><li><p><span style=""font-weight: 700"">Texture:</span>&nbsp;Firm, flaky, and juicy with a mild yet rich seafood flavor.</p></li></ul><p>Known for its unique skin texture, firm flesh, and rich coastal flavor, Leather Jacket Fish&nbsp;is a highly valued seafood variety enjoyed across South Indian coastal regions. This fish gets its name from its tough, leathery outer skin, while the meat inside remains tender, mildly sweet, and deliciously flaky. Its clean taste and meaty texture make it a versatile choice for fries, curries, and grilled seafood dishes. Freshly sourced and hygienically cleaned, our Leather Jacket Fish is prepared to bring authentic sea-fresh flavor straight to your kitchen.</p><h2><span style=""font-weight: 700"">Nutritional Profile (Per 100g)</span></h2><p>Leather Jacket Fish&nbsp;is a nutritious seafood option packed with lean protein and essential minerals.</p><table><tr><td><p><span style=""font-weight: 700"">Nutrient</span></p></td><td><p>Amount</p></td></tr><tr><td><p><span style=""font-weight: 700"">Calories</span></p></td><td><p>95 – 120 kcal</p></td></tr><tr><td><p><span style=""font-weight: 700"">Protein</span></p></td><td><p>20g – 22g</p></td></tr><tr><td><p><span style=""font-weight: 700"">Total Fat</span></p></td><td><p>2g – 4g</p></td></tr><tr><td><p><span style=""font-weight: 700"">Omega-3 Fatty Acids</span></p></td><td><p>Moderate</p></td></tr><tr><td><p><span style=""font-weight: 700"">Potassium</span></p></td><td><p>Moderate</p></td></tr><tr><td><p><span style=""font-weight: 700"">Vitamin B12</span></p></td><td><p>High</p></td></tr></table><h2><span style=""font-weight: 700"">Key Benefits</span></h2><h3>Lean Protein Source</h3><p>Rich in high-quality protein that supports muscle maintenance, recovery, and overall body strength.</p><h3>Heart &amp; Brain Wellness</h3><p>Contains beneficial Omega-3 fatty acids that contribute to cardiovascular and cognitive health.</p><h3>Energy Support</h3><p>Naturally high in Vitamin B12, helping support healthy nerve function and energy production.</p><h3>Light Yet Filling</h3><p>Low in fat while still offering a satisfying, meaty texture ideal for balanced meals.</p><h3>Versatile Seafood Choice</h3><p>Its firm flesh holds shape well during cooking, making it suitable for a wide variety of traditional and modern seafood dishes.</p><h2><span style=""font-weight: 700"">Chef’s Tip</span></h2><p>Leather Jacket Fish&nbsp;is excellent for spicy South Indian fish fry and pepper-based coastal curries. Its firm texture absorbs marinades beautifully without breaking apart during cooking. For best results, marinate with turmeric, chili powder, black pepper, ginger-garlic paste, and lemon juice before shallow frying until golden and crisp. It also works wonderfully in smoky grilled preparations served with fresh herbs and lime.</p>",boneless,boneless,,,,,550,799,,IN_STOCK,false,,,,,,,,,,,,,,,,,,,,,,,,,,,,,,,,,,,,,,,,,,,,,,,,,,,,,,,,,,,,,,,,,,,,,,,,,,,,,
Product_d0803cdd-fc7c-4910-8f9d-827e4aecde45,MEDIA,,,,,,ebf235_d97ff2d4cb6a439ea397c74988da9d0c~mv2.jpg,,,,,,,,,,,,,,,,,,,,,,,,,,,,,,,,,,,,,,,,,,,,,,,,,,,,,,,,,,,,,,,,,,,,,,,,,,,,,,,,,,,,,
Product_d0803cdd-fc7c-4910-8f9d-827e4aecde45,MEDIA,,,,,,ebf235_c25a5f3244ee4bc48ddf31c16c22a97b~mv2.jpg,,,,,,,,,,,,,,,,,,,,,,,,,,,,,,,,,,,,,,,,,,,,,,,,,,,,,,,,,,,,,,,,,,,,,,,,,,,,,,,,,,,,,
Product_767a740d-9857-4b9b-b1c5-2ecb1ad11c05,PRODUCT,"Manja Paarai - 𝗙𝗶𝗹𝗹𝗲𝘁(𝗚𝗿𝗼𝘀𝘀: 𝟱𝟱𝟬𝗴, 𝗡𝗲𝘁: 𝟮𝟱𝟬𝗴)",true,"<h2><span style=""font-weight: 700"">Fresh Manja Paarai </span>(Yellow-tail Trevally / மஞ்சள் பாறை மீன்)</h2><h2><span style=""font-weight: 700"">Product Overview</span></h2><ul><li><p><span style=""font-weight: 700"">Net Weight:</span>&nbsp;250g</p></li><li><p><span style=""font-weight: 700"">Gross Weight :</span>&nbsp;550g</p></li><li><p><span style=""font-weight: 700"">Protein: </span>18g – 19g</p></li><li><p><span style=""font-weight: 700"">Serving Size:&nbsp;Small Fillet - </span>(4-8 pcs)</p></li><li><p><span style=""font-weight: 700"">Preparation:</span>&nbsp;Freshly sourced, expertly cleaned, and ready to cook. Available as <span style=""font-weight: 700"">Whole Cleaned Fish</span>, <span style=""font-weight: 700"">Curry Cuts (steaks)</span>, or <span style=""font-weight: 700"">Slice</span></p></li><li><p><span style=""font-weight: 700"">Texture:</span>&nbsp;Firm, dense, and moist with a mildly rich, savory flavor.</p></li></ul><p>Known for its firm texture and rich, clean flavor, our Paarai (Trevally) is a popular coastal catch from the Bay of Bengal. This white-fleshed fish is prized for its dense, meaty structure, making it perfect for frying, grilling, or cooking in flavorful South Indian curries.</p><h3><span style=""font-weight: 700"">Nutritional Profile (Per 100g)</span></h3><p>Trevally is a protein-rich fish with balanced healthy fats, making it an excellent choice for a nutritious diet.</p><table><tr><td><p>Nutrient</p></td><td><p>Amount</p></td></tr><tr><td><p>Calories</p></td><td><p>110 – 120 kcal</p></td></tr><tr><td><p>Protein</p></td><td><p>19g – 21g</p></td></tr><tr><td><p>Total Fat</p></td><td><p>2g</p></td></tr><tr><td><p>Omega-3 Fatty Acids</p></td><td><p>Moderate</p></td></tr><tr><td><p>Potassium</p></td><td><p>300 mg</p></td></tr><tr><td><p>Vitamin D</p></td><td><p>15% of Daily Value</p></td></tr></table><h3><span style=""font-weight: 700"">Key Benefits</span></h3><ul><li><p><span style=""font-weight: 700"">High in Lean Protein:</span>Supports muscle growth, repair, and overall body strength.</p></li><li><p><span style=""font-weight: 700"">Heart-Healthy Fats:</span>Contains beneficial omega-3 fatty acids that support cardiovascular health.</p></li><li><p><span style=""font-weight: 700"">Supports Bone Health:</span>Provides Vitamin D, which helps maintain strong bones and improves calcium absorption.</p></li><li><p><span style=""font-weight: 700"">Energy and Metabolism Support:</span>Rich in essential minerals that help maintain energy levels and proper body function.</p></li></ul><h3><span style=""font-weight: 700"">Chef’s Tip</span></h3><p>Trevally’s firm flesh holds its shape beautifully during cooking. Marinate the steaks in <span style=""font-weight: 700"">turmeric, chili, and lemon</span>&nbsp;for a crispy pan fry, or cook it in a <span style=""font-weight: 700"">tamarind-based South Indian fish curry</span>&nbsp;for a bold, traditional flavor.</p>",high-protien,high-protien,,,,,300,599,,IN_STOCK,false,,,,,,,,,,,,,,,,,,,,,,,,,,,,,,,,,,,,,,,,,,,,,,,,,,,,,,,,,,,,,,,,,,,,,,,,,,,,,
Product_767a740d-9857-4b9b-b1c5-2ecb1ad11c05,MEDIA,,,,,,ebf235_cdd977e85a0643e0941de10b01327735~mv2.jpg,,,,,,,,,,,,,,,,,,,,,,,,,,,,,,,,,,,,,,,,,,,,,,,,,,,,,,,,,,,,,,,,,,,,,,,,,,,,,,,,,,,,,
Product_9a5f6446-d194-4115-8604-fd670eb6802c,PRODUCT,"Thol Paarai / Thelal - (𝗚𝗿𝗼𝘀𝘀: 𝟭𝟭𝟱𝟬𝗴, 𝗡𝗲𝘁: 𝟴𝟬𝟬𝗴)",true,"<h2><span style=""font-weight: 700"">Fresh Thol Paarai </span>(Thelal&nbsp;/ Queen Travelly Fish / Leather Skin Fish /&nbsp;தோல் பாறை மீன் / தொளுவன் பாறை)</h2><h3><span style=""font-weight: 700"">Product Overview</span></h3><ul><li><p><span style=""font-weight: 700"">Net Weight:</span> 800g</p></li><li><p><span style=""font-weight: 700"">Gross Weight :</span> 1150g</p></li><li><p><span style=""font-weight: 700"">Protein:</span> 19g – 21g</p></li><li><p><span style=""font-weight: 700"">Serving Size:</span> Slices - (4-8 Pieces) | Cubes - (10-16 Pieces)</p></li><li><p><span style=""font-weight: 700"">Preparation:</span> Freshly caught, expertly skinned (thick leather-like skin removed), gutted, and cleaned. Cut into large, thick bone-in slices or neat, firm cubes that remain remarkably sturdy during cooking.</p></li><li><p><span style=""font-weight: 700"">Flavor Profile:</span> Mildly savory, clean, and dense with a firm, solid, meat-like texture.</p><p>A prized coastal favorite across southern India, our Queenfish (Thol Paarai) is sourced fresh from the morning landings. Known for its thick, premium meat that has no fine troublesome bones, it is the absolute perfect candidate for a deeply spiced tawa fry, a traditional village-style fish curry, or smoking and drying.</p></li></ul><h3><span style=""font-weight: 700"">Nutritional Profile (Per 100g)</span></h3><p>Thol Paarai is an excellent source of clean, high-density protein and vital minerals essential for daily metabolic functions.</p><table><tr><td><p><span style=""font-weight: 700"">Nutrient</span></p></td><td><p><span style=""font-weight: 700"">Amount</span></p></td></tr><tr><td><p>Calories</p></td><td><p>100 - 115 kcal</p></td></tr><tr><td><p>Protein</p></td><td><p>19g - 21g</p></td></tr><tr><td><p>Total Fat</p></td><td><p>2g - 3g (Low Fat)</p></td></tr><tr><td><p>Omega-3 Fatty Acids</p></td><td><p>Moderate</p></td></tr><tr><td><p>Iron</p></td><td><p>1.1mg - 1.3mg</p></td></tr><tr><td><p>Calcium</p></td><td><p>25mg - 30mg</p></td></tr></table><h3><span style=""font-weight: 700"">Key Benefits</span></h3><ul><li><p><span style=""font-weight: 700"">High-Density Lean Protein:</span> Packed with premium quality protein and very low fat, making it an excellent choice for lean muscle building and fitness-focused meal prep.</p></li><li><p><span style=""font-weight: 700"">Anemia Prevention:</span> Naturally rich in Iron, which is crucial for healthy hemoglobin production, oxygen transport, and fighting off daily fatigue.</p></li><li><p><span style=""font-weight: 700"">Zero Fuss Eating:</span> Because of its solid skeletal structure and absence of small, hidden bones, it offers a hassle-free, meaty eating experience that is safe and easy for children and elders.</p></li><li><p><span style=""font-weight: 700"">Heart &amp; Cellular Health: </span>Provides a healthy dose of essential trace minerals and fatty acids that help lower bad cholesterol and reduce blood vessel inflammation.</p></li></ul><p><span style=""font-weight: 700"">Chef's Tip: </span>Thol Paarai has a firm, dense flesh resembling chicken breast, which means it requires a slightly longer marination time to let the flavors reach the core. Make a thick paste of ginger-garlic, red chili powder, turmeric, a dash of garam masala, and lemon juice. Coat the slices or cubes thoroughly and let them rest for at least 20 to 30 minutes before shallow frying over medium heat for a perfectly juicy, flavor-packed bite!</p>",fishes,fishes,,,,,,,,,,,,,,,,,,,Cutting style:,TEXT_CHOICES,Cubes;Slices,Weight,TEXT_CHOICES,750g,,,,,,,,,,,,,,,,,,,,,,,,,,,,,,,,,,,,,,,,,,,,,,,,,,,,,,,,,,,,,,
Product_9a5f6446-d194-4115-8604-fd670eb6802c,VARIANT,,true,,,,,,,,800,1099,,IN_STOCK,false,,,,,,,,,,Cutting style:,TEXT_CHOICES,Cubes,Weight,TEXT_CHOICES,750g,,,,,,,,,,,,,,,,,,,,,,,,,,,,,,,,,,,,,,,,,,,,,,,,,,,,,,,,,,,,,,
Product_9a5f6446-d194-4115-8604-fd670eb6802c,VARIANT,,true,,,,,,,,800,1099,,IN_STOCK,false,,,,,,,,,,Cutting style:,TEXT_CHOICES,Slices,Weight,TEXT_CHOICES,750g,,,,,,,,,,,,,,,,,,,,,,,,,,,,,,,,,,,,,,,,,,,,,,,,,,,,,,,,,,,,,,
Product_9a5f6446-d194-4115-8604-fd670eb6802c,MEDIA,,,,,,ebf235_6c11d98d4d824a9c91855cdb1a27ba60~mv2.jpg,,,,,,,,,,,,,,,,,,,,,,,,,,,,,,,,,,,,,,,,,,,,,,,,,,,,,,,,,,,,,,,,,,,,,,,,,,,,,,,,,,,,,
Product_9a5f6446-d194-4115-8604-fd670eb6802c,MEDIA,,,,,,ebf235_ae82fd45aa43401297208b0ce480cc07~mv2.jpg,,,,,,,,,,,,,,,,,,,,,,,,,,,,,,,,,,,,,,,,,,,,,,,,,,,,,,,,,,,,,,,,,,,,,,,,,,,,,,,,,,,,,
Product_060bc7e6-a39b-4657-8962-4a23c6d27bdc,PRODUCT,"Sankara /  Pink Perch - 𝗙𝗶𝗹𝗹𝗲𝘁(𝗚𝗿𝗼𝘀𝘀: 𝟱𝟱𝟬𝗴, 𝗡𝗲𝘁: 𝟮𝟱𝟬𝗴)",true,"<h2><span style=""font-weight: 700"">Premium Sankara </span>(Pink Perch / Kilimeen / சங்கரா மீன்)</h2><h3><span style=""font-weight: 700"">Product Overview</span></h3><ul><li><p><span style=""font-weight: 700"">Net Weight:</span>&nbsp;500g</p></li><li><p><span style=""font-weight: 700"">Gross Weight :</span>&nbsp;750g</p></li><li><p><span style=""font-weight: 700"">Protein: </span>20g – 22g</p></li><li><p><span style=""font-weight: 700"">Pieces:</span>&nbsp;M - Fillet (5-9 Pieces)</p></li><li><p><span style=""font-weight: 700"">Preparation:</span>&nbsp;Sourced fresh, expertly descaled, and cleaned. Available as <span style=""font-weight: 700"">Whole Fish with Fry Cuts</span>&nbsp;(perfect for deep frying) or as <span style=""font-weight: 700"">Cleaned Fillets</span>.</p></li><li><p><span style=""font-weight: 700"">Texture:</span>&nbsp;Lean, firm, and moist with a subtle, sweet nuttiness.</p></li></ul><p>With its iconic vibrant color and sweet, delicate flavor, our Sankara is a prized catch from the Bay of Bengal. This white-fleshed fish is celebrated for its versatility, offering a moist, flaky texture that makes it the centerpiece of any premium seafood meal.</p><h3><span style=""font-weight: 700"">Nutritional Profile (Per 100g)</span></h3><p>Red Snapper is a low-calorie, high-nutrient choice perfect for a balanced diet.</p><table><tr><td><p><span style=""font-weight: 700"">Nutrient</span></p></td><td><p><span style=""font-weight: 700"">Amount</span></p></td></tr><tr><td><p><span style=""font-weight: 700"">Calories</span></p></td><td><p>100 - 110 kcal</p></td></tr><tr><td><p><span style=""font-weight: 700"">Protein</span></p></td><td><p>20g - 22g</p></td></tr><tr><td><p><span style=""font-weight: 700"">Total Fat</span></p></td><td><p>1.5g</p></td></tr><tr><td><p><span style=""font-weight: 700"">Omega-3 Fatty Acids</span></p></td><td><p>Moderate to High</p></td></tr><tr><td><p><span style=""font-weight: 700"">Potassium</span></p></td><td><p>420 mg</p></td></tr><tr><td><p><span style=""font-weight: 700"">Selenium</span></p></td><td><p>65% of Daily Value</p></td></tr></table><h3><span style=""font-weight: 700"">Key Benefits</span></h3><ul><li><p><span style=""font-weight: 700"">Low Calorie, High Protein:</span>&nbsp;An ideal choice for weight management without sacrificing essential amino acids.</p></li><li><p><span style=""font-weight: 700"">Metabolic Support:</span>&nbsp;Exceptionally high in Selenium, which supports thyroid function and protects cells from free radical damage.</p></li><li><p><span style=""font-weight: 700"">Blood Pressure Control:</span>&nbsp;The high Potassium content helps regulate blood pressure and supports heart health.</p></li><li><p><span style=""font-weight: 700"">Rich in Vitamin A:</span>&nbsp;Supports healthy vision, skin, and a robust immune system.</p></li></ul><blockquote><p><span style=""font-weight: 700"">Chef's Tip:</span>&nbsp;Red Snapper is best enjoyed when its natural sweetness is highlighted. Try a <span style=""font-weight: 700"">Lemon-Butter-Garlic rub</span>&nbsp;for baking, or a traditional <span style=""font-weight: 700"">South Indian Masala</span>&nbsp;for a crispy pan fry!</p></blockquote>",high-protien,high-protien,,,,,350,699,,IN_STOCK,false,,,,,,,,,,,,,,,,,,,,,,,,,,,,,,,,,,,,,,,,,,,,,,,,,,,,,,,,,,,,,,,,,,,,,,,,,,,,,
Product_060bc7e6-a39b-4657-8962-4a23c6d27bdc,MEDIA,,,,,,ebf235_397648c8bd954d8a873b1b70218b3802~mv2.jpg,,,,,,,,,,,,,,,,,,,,,,,,,,,,,,,,,,,,,,,,,,,,,,,,,,,,,,,,,,,,,,,,,,,,,,,,,,,,,,,,,,,,,
Product_060bc7e6-a39b-4657-8962-4a23c6d27bdc,MEDIA,,,,,,ebf235_e6204a08a6474c9e9b3aa9a337568ddd~mv2.jpg,,,,,,,,,,,,,,,,,,,,,,,,,,,,,,,,,,,,,,,,,,,,,,,,,,,,,,,,,,,,,,,,,,,,,,,,,,,,,,,,,,,,,
Product_deeca2b2-efc4-479c-8344-026cf60a68c7,PRODUCT,"Tiger Prawn - 𝗖𝗹𝗲𝗮𝗻𝗲𝗱(𝗚𝗿𝗼𝘀𝘀: 𝟰𝟬𝟬𝗴, 𝗡𝗲𝘁: 𝟮𝟬𝟬𝗴)",true,"<h2><span style=""font-weight: 700"">Tiger Prawns </span>(Vari Era / Karuvaladi Era /Green Tiger Prawn / வரி இறால் )</h2><h3><span style=""font-weight: 700"">Product Overview</span></h3><ul><li><p><span style=""font-weight: 700"">Net Weight:</span>&nbsp;200g</p></li><li><p><span style=""font-weight: 700"">Gross Weight :</span>&nbsp;400g</p></li><li><p><span style=""font-weight: 700"">Protein: </span>18g – 20g</p></li><li><p><span style=""font-weight: 700"">Serving Size:</span> <span style=""font-weight: 700"">Medium</span>&nbsp;- Cleaned &amp; Deveined (10-20 Pieces)</p></li><li><p><span style=""font-weight: 700"">Preparation:</span>&nbsp;Expertly <span style=""font-weight: 700"">de-veined and cleaned</span>&nbsp;while keeping the shell on or off (per your preference). Our cleaning process ensures they are ready to cook straight from the pack.</p></li><li><p><span style=""font-weight: 700"">Texture:</span>&nbsp;Exceptionally firm, meaty, and ""snappy"" when cooked.</p></li></ul><p>Known for their impressive size and striking tiger-like stripes, Tiger Prawns are the crown jewel of the crustacean world.&nbsp;Sourced from the pristine coastal backwaters, these prawns are a favorite for those who enjoy a firm, crunchy bite and a sweet, oceanic flavor.</p><h3><span style=""font-weight: 700"">Nutritional Profile (Per 100g)</span></h3><p>Tiger Prawns are a fantastic low-fat protein source, packed with essential minerals.</p><table><tr><td><p><span style=""font-weight: 700"">Nutrient</span></p></td><td><p><span style=""font-weight: 700"">Amount</span></p></td></tr><tr><td><p><span style=""font-weight: 700"">Calories</span></p></td><td><p>90 - 95 kcal</p></td></tr><tr><td><p><span style=""font-weight: 700"">Protein</span></p></td><td><p>20g - 22g</p></td></tr><tr><td><p><span style=""font-weight: 700"">Total Fat</span></p></td><td><p>1g - 1.5g</p></td></tr><tr><td><p><span style=""font-weight: 700"">Cholesterol</span></p></td><td><p>Moderate (Healthy HDL)</p></td></tr><tr><td><p><span style=""font-weight: 700"">Zinc &amp; Selenium</span></p></td><td><p>Very High</p></td></tr><tr><td><p><span style=""font-weight: 700"">Vitamin B12</span></p></td><td><p>High</p></td></tr></table><h3><span style=""font-weight: 700"">Key Benefits</span></h3><ul><li><p><span style=""font-weight: 700"">Immunity Booster:</span>&nbsp;Extremely rich in <span style=""font-weight: 700"">Zinc and Selenium</span>, which are vital for a strong immune system and thyroid health.</p></li><li><p><span style=""font-weight: 700"">Low Calorie:</span>&nbsp;One of the leanest protein sources available, making them perfect for weight-conscious diets.</p></li><li><p><span style=""font-weight: 700"">Astaxanthin Rich:</span>&nbsp;The reddish pigment developed when cooked is a powerful antioxidant that supports skin health and reduces inflammation.</p></li><li><p><span style=""font-weight: 700"">Quick &amp; Easy:</span>&nbsp;They cook in minutes, making them the ultimate ""fast food"" for a healthy weeknight dinner.</p></li></ul><blockquote><p><span style=""font-weight: 700"">Chef's Tip:</span>&nbsp;To prevent the prawns from becoming rubbery, cook them only until they turn opaque and form a 'C' shape. For a showstopper dish, try <span style=""font-weight: 700"">Garlic Butter Tiger Prawns</span>&nbsp;or a spicy <span style=""font-weight: 700"">Coastal Era Thokku</span>!</p></blockquote>",high-protien;shell-foods;instant-buy,shell-foods,,,,,475,699,,IN_STOCK,false,,,,,,,,,,,,,,,,,,,,,,,,,,,,,,,,,,,,,,,,,,,,,,,,,,,,,,,,,,,,,,,,,,,,,,,,,,,,,
Product_deeca2b2-efc4-479c-8344-026cf60a68c7,MEDIA,,,,,,ebf235_91c342e44d6446baae84a21b81eb69b0~mv2.jpg,,,,,,,,,,,,,,,,,,,,,,,,,,,,,,,,,,,,,,,,,,,,,,,,,,,,,,,,,,,,,,,,,,,,,,,,,,,,,,,,,,,,,
Product_deeca2b2-efc4-479c-8344-026cf60a68c7,MEDIA,,,,,,ebf235_c549505654c545dcacc6e93d06684fb8~mv2.jpg,,,,,,,,,,,,,,,,,,,,,,,,,,,,,,,,,,,,,,,,,,,,,,,,,,,,,,,,,,,,,,,,,,,,,,,,,,,,,,,,,,,,,
Product_42032b0a-f32a-4301-9095-0aea26114359,PRODUCT,"White Prawn -  𝗖𝗹𝗲𝗮𝗻𝗲𝗱(𝗚𝗿𝗼𝘀𝘀: 𝟰𝟬𝟬𝗴, 𝗡𝗲𝘁: 𝟮𝟬𝟬𝗴)",true,"<h2><span style=""font-weight: 700"">White Prawn</span>(Fresh Water Prawn / இறால் )</h2><h3><span style=""font-weight: 700"">White Prawn&nbsp;– Cleaned &amp; Deveined</span></h3><ul><li><p><span style=""font-weight: 700"">Net Weight:</span>&nbsp;200g</p></li><li><p><span style=""font-weight: 700"">Gross Weight:</span>&nbsp;400g</p></li><li><p><span style=""font-weight: 700"">Protein: </span>18g – 20g</p></li><li><p><span style=""font-weight: 700"">Pieces: Medium</span>&nbsp;- Cleaned &amp; Deveined (10-20 Pieces)</p></li><li><p><span style=""font-weight: 700"">Preparation:</span>&nbsp;Sourced fresh and expertly <span style=""font-weight: 700"">de-veined and cleaned</span>.&nbsp;They have a translucent,&nbsp;pale pinkish-white body that turns a beautiful bright pink when cooked.</p></li><li><p><span style=""font-weight: 700"">Texture:</span>&nbsp;Tender,&nbsp;succulent,&nbsp;and slightly softer than Tiger Prawns.</p></li></ul><p>Known for their subtle sweetness and soft,&nbsp;delicate texture,&nbsp;Fresh Water Prawns are a staple in coastal households.&nbsp;Unlike the larger Tiger Prawns,&nbsp;these are prized for their thinner shells and their ability to absorb the rich flavors of spices and coconut milk,&nbsp;making them the perfect choice for traditional curries.</p><h3><span style=""font-weight: 700"">Nutritional Profile (Per 100g)</span></h3><p>Fresh Water Prawns are an excellent source of lean protein and essential micronutrients.</p><table><tr><td><p><span style=""font-weight: 700"">Nutrient</span></p></td><td><p><span style=""font-weight: 700"">Amount</span></p></td></tr><tr><td><p><span style=""font-weight: 700"">Calories</span></p></td><td><p>85 - 90 kcal</p></td></tr><tr><td><p><span style=""font-weight: 700"">Protein</span></p></td><td><p>18g - 20g</p></td></tr><tr><td><p><span style=""font-weight: 700"">Total Fat</span></p></td><td><p>&lt; 1g</p></td></tr><tr><td><p><span style=""font-weight: 700"">Phosphorus</span></p></td><td><p>High</p></td></tr><tr><td><p><span style=""font-weight: 700"">Omega-3 Fatty Acids</span></p></td><td><p>Good Source</p></td></tr><tr><td><p><span style=""font-weight: 700"">Iodine</span></p></td><td><p>Rich</p></td></tr></table><h3><span style=""font-weight: 700"">Key Benefits</span></h3><ul><li><p><span style=""font-weight: 700"">Thyroid &amp; Metabolism Support:</span>&nbsp;High in <span style=""font-weight: 700"">Iodine</span>,&nbsp;which is essential for healthy thyroid function and regulating your body’s metabolism.</p></li><li><p><span style=""font-weight: 700"">Bone Health:</span>&nbsp;Packed with <span style=""font-weight: 700"">Phosphorus and Magnesium</span>,&nbsp;minerals that work alongside calcium to keep your bones and teeth strong.</p></li><li><p><span style=""font-weight: 700"">Heart Friendly:</span>&nbsp;Extremely low in saturated fats and a good source of healthy cholesterol-regulating fats.</p></li><li><p><span style=""font-weight: 700"">Quick Marination:</span>&nbsp;Because of their delicate flesh,&nbsp;they marinate much faster than larger varieties,&nbsp;making them perfect for quick meals.</p></li></ul><blockquote><p><span style=""font-weight: 700"">Chef's Tip:</span>&nbsp;Fresh Water Prawns are the best variety for <span style=""font-weight: 700"">Prawn Moilee</span>&nbsp;or <span style=""font-weight: 700"">Malabar Prawn Curry</span>. Because they are so tender, they only need 2–3 minutes of cooking time. Overcooking them can take away their signature sweetness!</p></blockquote>",shell-foods;high-protien,high-protien,,,,,300,599,,IN_STOCK,false,,,,,,,,,,,,,,,,,,,,,,,,,,,,,,,,,,,,,,,,,,,,,,,,,,,,,,,,,,,,,,,,,,,,,,,,,,,,,
Product_42032b0a-f32a-4301-9095-0aea26114359,MEDIA,,,,,,ebf235_01ca951af2d74235b04c38d77b24e08e~mv2.jpg,,,,,,,,,,,,,,,,,,,,,,,,,,,,,,,,,,,,,,,,,,,,,,,,,,,,,,,,,,,,,,,,,,,,,,,,,,,,,,,,,,,,,
Product_42032b0a-f32a-4301-9095-0aea26114359,MEDIA,,,,,,ebf235_38e750a6f9ed490098216ace6381ba92~mv2.jpg,,,,,,,,,,,,,,,,,,,,,,,,,,,,,,,,,,,,,,,,,,,,,,,,,,,,,,,,,,,,,,,,,,,,,,,,,,,,,,,,,,,,,
Product_da1db1f0-1382-4775-afa1-7bd5dfc10ccd,PRODUCT,"Red Tiger Prawn -  𝗖𝗹𝗲𝗮𝗻𝗲𝗱(𝗚𝗿𝗼𝘀𝘀: 𝟴𝟬𝟬𝗴, 𝗡𝗲𝘁: 𝟰𝟬𝟬𝗴)",true,"<h2><span style=""font-weight: 700"">Red Tiger Prawns </span>(Vari Era / Karuvaladi Era / </h2><h2>வரி இறால் )</h2><h3><span style=""font-weight: 700"">Product Overview</span></h3><ul><li><p><span style=""font-weight: 700"">Net Weight:</span>&nbsp;400g</p></li><li><p><span style=""font-weight: 700"">Gross Weight :</span>&nbsp;800g</p></li><li><p><span style=""font-weight: 700"">Protein: </span>20g – 22g</p></li><li><p><span style=""font-weight: 700"">Serving Size:</span>&nbsp;<span style=""font-weight: 700"">Medium</span>&nbsp;- Cleaned &amp; Deveined (15-20 Pieces)</p></li><li><p><span style=""font-weight: 700"">Preparation:</span>&nbsp;Expertly <span style=""font-weight: 700"">de-veined and cleaned</span>&nbsp;while keeping the shell on or off (per your preference). Our cleaning process ensures they are ready to cook straight from the pack.</p></li><li><p><span style=""font-weight: 700"">Texture:</span>&nbsp;Exceptionally firm, meaty, and ""snappy"" when cooked.</p></li></ul><p>Known for their impressive size and striking tiger-like stripes, Tiger Prawns are the crown jewel of the crustacean world.&nbsp;Sourced from the pristine coastal backwaters, these prawns are a favorite for those who enjoy a firm, crunchy bite and a sweet, oceanic flavor.</p><h3><span style=""font-weight: 700"">Nutritional Profile (Per 100g)</span></h3><p>Tiger Prawns are a fantastic low-fat protein source, packed with essential minerals.</p><table><tr><td><p><span style=""font-weight: 700"">Nutrient</span></p></td><td><p><span style=""font-weight: 700"">Amount</span></p></td></tr><tr><td><p><span style=""font-weight: 700"">Calories</span></p></td><td><p>90 - 95 kcal</p></td></tr><tr><td><p><span style=""font-weight: 700"">Protein</span></p></td><td><p>20g - 22g</p></td></tr><tr><td><p><span style=""font-weight: 700"">Total Fat</span></p></td><td><p>1g - 1.5g</p></td></tr><tr><td><p><span style=""font-weight: 700"">Cholesterol</span></p></td><td><p>Moderate (Healthy HDL)</p></td></tr><tr><td><p><span style=""font-weight: 700"">Zinc &amp; Selenium</span></p></td><td><p>Very High</p></td></tr><tr><td><p><span style=""font-weight: 700"">Vitamin B12</span></p></td><td><p>High</p></td></tr></table><h3><span style=""font-weight: 700"">Key Benefits</span></h3><ul><li><p><span style=""font-weight: 700"">Immunity Booster:</span>&nbsp;Extremely rich in <span style=""font-weight: 700"">Zinc and Selenium</span>, which are vital for a strong immune system and thyroid health.</p></li><li><p><span style=""font-weight: 700"">Low Calorie:</span>&nbsp;One of the leanest protein sources available, making them perfect for weight-conscious diets.</p></li><li><p><span style=""font-weight: 700"">Astaxanthin Rich:</span>&nbsp;The reddish pigment developed when cooked is a powerful antioxidant that supports skin health and reduces inflammation.</p></li><li><p><span style=""font-weight: 700"">Quick &amp; Easy:</span>&nbsp;They cook in minutes, making them the ultimate ""fast food"" for a healthy weeknight dinner.</p></li></ul><blockquote><p><span style=""font-weight: 700"">Chef's Tip:</span>&nbsp;To prevent the prawns from becoming rubbery, cook them only until they turn opaque and form a 'C' shape. For a showstopper dish, try <span style=""font-weight: 700"">Garlic Butter Tiger Prawns</span>&nbsp;or a spicy <span style=""font-weight: 700"">Coastal Era Thokku</span>!</p></blockquote>",instant-buy;deep-fry-favorites;shell-foods,instant-buy,,,,,675,899,,IN_STOCK,false,,,,,,,,,,,,,,,,,,,,,,,,,,,,,,,,,,,,,,,,,,,,,,,,,,,,,,,,,,,,,,,,,,,,,,,,,,,,,
Product_da1db1f0-1382-4775-afa1-7bd5dfc10ccd,MEDIA,,,,,,ebf235_85526c693afb41779f96a6c431ef61a7~mv2.jpg,,,,,,,,,,,,,,,,,,,,,,,,,,,,,,,,,,,,,,,,,,,,,,,,,,,,,,,,,,,,,,,,,,,,,,,,,,,,,,,,,,,,,
Product_da1db1f0-1382-4775-afa1-7bd5dfc10ccd,MEDIA,,,,,,ebf235_6b06c5d8f2e24bfe9975f1e8c676c56e~mv2.jpg,,,,,,,,,,,,,,,,,,,,,,,,,,,,,,,,,,,,,,,,,,,,,,,,,,,,,,,,,,,,,,,,,,,,,,,,,,,,,,,,,,,,,
Product_da1db1f0-1382-4775-afa1-7bd5dfc10ccd,MEDIA,,,,,,ebf235_53ad5c6021064b62ae89a09127e9a2be~mv2.jpg,,,,,,,,,,,,,,,,,,,,,,,,,,,,,,,,,,,,,,,,,,,,,,,,,,,,,,,,,,,,,,,,,,,,,,,,,,,,,,,,,,,,,
Product_b6bc7076-3701-46c3-a543-76e3be875d70,PRODUCT,"Parla Fish - 𝗙𝗶𝗹𝗹𝗲𝘁(𝗚𝗿𝗼𝘀𝘀: 𝟰𝟱𝟬𝗴, 𝗡𝗲𝘁: 𝟮𝟱𝟬𝗴)",true,"<h2><span style=""font-weight: 700"">Fresh Parla fish </span>(Mahi-mahi /<span style=""font-weight: 700"">&nbsp;</span>Dolphin fish<span style=""font-weight: 700"">&nbsp;</span>/பர்லா மீன்)</h2><h3><span style=""font-weight: 700"">Product Overview</span></h3><ul><li><p><span style=""font-weight: 700"">Net Weight:</span>&nbsp;250g</p></li><li><p><span style=""font-weight: 700"">Gross Weight :</span>&nbsp;450g</p></li><li><p><span style=""font-weight: 700"">Protein: </span>19g – 21g</p></li><li><p><span style=""font-weight: 700"">Serving Size:</span>&nbsp;Fillet Boneless (3-6 pcs)</p></li><li><p><span style=""font-weight: 700"">Preparation:</span>&nbsp;Freshly sourced, descaled, and thoroughly cleaned. Available as Whole Cleaned or Curry Cut pieces.</p></li><li><p><span style=""font-weight: 700"">Texture:</span>&nbsp;Soft, juicy, and moderately oily with a rich seafood flavor profile.</p></li></ul><p>Widely loved for its bold flavor, rich oil content, and tender meat, Parla Fish&nbsp;is a staple seafood favorite across South Indian coastal kitchens. Recognized for its silvery body and naturally flavorful flesh, this fish is especially popular in spicy curries and traditional fish fry preparations. Its juicy texture and rich taste make it highly satisfying, while its nutritional value makes it a wholesome choice for everyday seafood meals. Freshly sourced and hygienically cleaned, our Parla Fish is ready to bring authentic coastal flavor to your table.</p><h2><span style=""font-weight: 700"">Nutritional Profile (Per 100g)</span></h2><p>Parla Fish&nbsp;is a highly nutritious seafood choice rich in healthy fats, protein, and essential vitamins.</p><table><tr><td><p>Nutrient</p></td><td><p>Amount</p></td></tr><tr><td><p>Calories</p></td><td><p>140 – 180 kcal</p></td></tr><tr><td><p>Protein</p></td><td><p>19g – 21g</p></td></tr><tr><td><p>Total Fat</p></td><td><p>7g – 11g</p></td></tr><tr><td><p>Omega-3 Fatty Acids</p></td><td><p>High</p></td></tr><tr><td><p>Vitamin D</p></td><td><p>High</p></td></tr><tr><td><p>Vitamin B12</p></td><td><p>High</p></td></tr></table><h2><span style=""font-weight: 700"">Key Benefits</span></h2><h3>Rich in Omega-3</h3><p>Packed with heart-friendly Omega-3 fatty acids that help support cardiovascular and brain health.</p><h3>High-Quality Protein</h3><p>Provides excellent protein essential for muscle maintenance, body repair, and daily nutrition.</p><h3>Bone &amp; Immunity Support</h3><p>Naturally rich in Vitamin D, which helps strengthen bones and supports immune health.</p><h3>Energy &amp; Nerve Health</h3><p>Contains high levels of Vitamin B12 that contribute to healthy nerve function and energy production.</p><h3>Flavorful &amp; Filling</h3><p>Its naturally rich and oily texture makes it a deeply satisfying seafood option for wholesome meals.</p><h2><span style=""font-weight: 700"">Chef’s Tip</span></h2><p>Parla Fish&nbsp;is best enjoyed in spicy tamarind-based curries and crispy coastal-style fish fry. Its rich flesh absorbs masalas beautifully, especially marinades made with chili powder, turmeric, garlic, and black pepper. Shallow fry until golden and crisp for maximum flavor, or simmer gently in traditional fish kuzhambu for a deeply aromatic coastal meal.</p>",high-protien,high-protien,,,Best Seller,,325,699,,IN_STOCK,false,,,,,,,,,,,,,,,,,,,,,,,,,,,,,,,,,,,,,,,,,,,,,,,,,,,,,,,,,,,,,,,,,,,,,,,,,,,,,
Product_b6bc7076-3701-46c3-a543-76e3be875d70,MEDIA,,,,,,ebf235_292b55aa71754bc994c57307dfd650d4~mv2.jpg,,,,,,,,,,,,,,,,,,,,,,,,,,,,,,,,,,,,,,,,,,,,,,,,,,,,,,,,,,,,,,,,,,,,,,,,,,,,,,,,,,,,,
Product_b6bc7076-3701-46c3-a543-76e3be875d70,MEDIA,,,,,,ebf235_d28548a6d26c4b78a9677fe155326622~mv2.jpg,,,,,,,,,,,,,,,,,,,,,,,,,,,,,,,,,,,,,,,,,,,,,,,,,,,,,,,,,,,,,,,,,,,,,,,,,,,,,,,,,,,,,
